Cases: Age [0-9],Cases: Age [10-19],Cases: Age [20-29],Cases: Age [30-39],Cases: Age [40-49],Cases: Age [50-59],Cases: Age [60-69],Cases: Age [70-79],Cases: Age [80+],Cases: Age [NA]},Hospitalized: Age [0-9],Hospitalized: Age [10-19],Hospitalized: Age [20-29],Hospitalized: Age [30-39],Hospitalized: Age [40-49],Hospitalized: Age [50-59],Hospitalized: Age [60-69],Hospitalized: Age [70-79],Hospitalized: Age [80+],Hospitalized: Age [NA]},Deaths: Age [0-9],Deaths: Age [10-19],Deaths: Age [20-29],Deaths: Age [30-39],Deaths: Age [40-49],Deaths: Age [50-59],Deaths: Age [60-69],Deaths: Age [70-79],Deaths: Age [80+],Deaths: Age [NA]},Cases: Female,Cases: Male,Cases: NA Gender,Deaths: Female,Deaths: Male,Deaths: NA Gender,Hospitalized: yes,Hospitalized: no,Hospitalized: unknown,Available Adult ICU Beds,Total ICU Beds,Available Adult non-ICU Beds,Total Adult non-ICU Beds,Available Pediatric NICU/PICU Beds,Total Pediatric NICU/PICU Beds,Available Pediatric non-ICU Beds,Total Pediatric non-ICU Beds,Available Ventilators,Currently Hospitalized: COVID-19 Confirmed and Suspected,Patients in ICU Beds: COVID-19 Confirmed and Suspected,Patients on Ventilators: COVID-19 Confirmed and Suspected,Currently Hospitalized: COVID-19 Confirmed,Patients in ICU Beds: COVID-19 Confirmed,Patients on Ventilators: COVID-19 Confirmed,pullTime
12,60,328,418,444,471,415,256,169,6,3,1,24,35,75,93,155,116,86,3,0,0,0,0,3,3,20,30,48,0,1397,1171,10,44,60,0,591,1833,155,250,827,1868,7490,69,292,157,349,797,208,49,23,105,37,21,2020-05-01 21:05:03.794851
13,64,338,430,454,479,420,260,171,6,3,1,24,35,76,93,155,118,86,4,0,0,0,0,3,3,21,33,49,0,1426,1200,8,46,63,0,595,1884,156,265,827,1852,7471,79,292,158,349,798,209,50,22,98,33,19,2020-05-02 20:34:07.099878
13,65,352,438,462,483,423,264,175,5,3,1,24,37,76,93,155,120,86,3,0,0,0,0,3,3,21,33,49,0,1449,1221,9,46,63,0,598,1922,160,295,827,1935,7471,72,292,157,349,800,205,46,21,92,33,18,2020-05-03 20:33:35.825571
13,74,369,446,476,498,424,270,181,8,3,2,24,40,78,95,157,120,86,3,0,0,0,0,3,3,21,33,49,0,1489,1268,1,46,63,0,608,1976,175,276,827,1912,7463,71,292,152,349,804,207,41,17,90,26,15,2020-05-04 19:46:27.852258
13,77,380,462,487,509,428,278,194,11,3,3,26,41,77,99,157,123,89,4,0,0,0,0,3,3,21,36,50,0,1536,1301,1,46,67,0,622,2037,180,266,823,1925,6966,70,292,147,349,798,219,49,25,93,27,17,2020-05-05 20:20:06.307259
14,81,387,477,503,521,432,284,206,11,4,3,25,43,79,104,158,125,97,3,0,0,0,0,3,3,20,36,53,0,1571,1343,1,46,69,0,641,2088,187,263,823,1872,6971,85,286,151,349,775,191,47,20,91,26,15,2020-05-06 20:17:08.301389
15,83,404,492,512,533,438,293,209,10,4,3,24,42,78,105,158,130,98,3,0,0,0,0,3,3,22,37,56,0,1613,1374,1,50,71,0,645,2139,205,245,807,1895,6876,84,302,149,332,797,171,48,23,76,23,16,2020-05-07 20:56:27.622781
17,87,422,513,523,544,447,295,210,10,4,2,25,43,83,109,160,131,99,3,0,0,0,0,3,4,22,37,58,0,1657,1409,1,52,72,0,659,2200,209,241,807,1899,6866,81,302,149,331,792,159,42,18,75,24,16,2020-05-08 22:05:12.433998
21,92,438,532,545,557,454,298,211,12,4,2,25,42,83,109,161,132,99,5,0,0,0,0,3,5,22,38,59,0,1700,1458,1,54,73,0,662,2269,229,219,812,1905,6942,77,302,148,332,799,139,34,19,64,18,14,2020-05-09 20:40:50.654983
24,97,450,545,553,566,460,300,214,19,4,2,25,43,83,110,161,132,101,9,0,0,0,0,3,5,22,38,59,0,1735,1490,2,54,73,0,670,2324,234,230,812,1913,6939,75,302,155,332,793,164,45,22,63,17,14,2020-05-10 20:06:23.621978
27,103,459,560,565,574,464,304,220,10,5,1,25,44,83,112,161,135,103,4,0,0,0,0,3,5,23,39,60,0,1762,1523,0,55,75,0,673,2382,231,265,786,1927,6812,64,302,164,332,786,164,40,23,59,16,15,2020-05-11 20:50:37.906593
28,106,476,577,577,582,471,311,221,9,5,1,25,42,83,112,161,137,103,4,0,0,0,0,3,5,23,39,60,0,1795,1560,2,55,75,0,673,2449,236,195,796,1729,6877,72,302,132,332,771,165,39,25,57,18,15,2020-05-12 20:16:25.985136
30,110,488,587,587,590,478,314,223,9,5,1,25,43,83,112,162,138,105,4,0,0,0,0,3,5,23,39,64,0,1825,1590,0,58,76,0,678,2511,227,209,791,1787,6763,82,299,138,346,776,162,38,17,53,17,13,2020-05-13 20:08:11.883187
32,113,498,596,597,602,487,321,222,11,5,1,25,43,83,113,163,142,106,4,0,0,0,0,3,5,26,39,64,0,1851,1627,0,58,79,0,685,2552,242,191,791,1706,6715,74,302,143,347,784,163,38,17,59,22,12,2020-05-14 21:04:30.999316
35,116,513,604,607,612,496,324,224,10,5,1,25,43,84,116,164,143,106,4,0,0,0,0,3,5,26,39,64,0,1877,1663,0,58,79,0,691,2605,245,198,781,1628,6759,67,302,132,345,791,161,46,19,54,20,14,2020-05-15 20:23:44.511030
39,119,527,613,621,631,500,327,224,11,5,2,26,45,84,118,166,143,106,4,0,0,0,0,3,5,26,39,64,0,1905,1702,4,58,79,0,699,2660,253,204,798,1645,6768,84,302,120,346,791,153,48,16,56,25,13,2020-05-16 19:58:24.462901
40,119,529,616,620,631,503,328,225,12,5,2,26,45,84,118,167,144,108,4,0,0,0,0,3,5,26,39,64,0,1910,1708,4,58,79,0,703,2684,236,245,798,1961,6762,88,302,139,346,800,156,37,16,54,20,12,2020-05-17 19:55:56.596178
41,126,541,624,632,647,508,329,229,10,5,2,26,46,85,118,168,144,110,4,0,0,0,0,3,5,27,39,64,0,1939,1744,3,58,80,0,708,2717,262,250,800,1939,6776,84,302,145,346,794,137,43,13,52,20,9,2020-05-18 20:19:38.149254
41,134,551,633,636,654,510,329,228,10,5,2,29,45,85,120,169,145,110,4,0,0,0,0,3,5,28,40,64,0,1963,1759,3,59,81,0,714,2754,258,250,800,1939,6776,84,302,145,346,794,137,43,13,52,20,9,2020-05-19 20:00:21.639865
44,139,568,646,655,667,516,338,228,0,5,3,31,45,86,122,172,148,111,0,0,0,0,0,3,5,29,41,66,0,1995,1802,3,61,83,0,723,2820,258,196,815,1672,6742,78,316,127,346,780,152,42,17,53,25,13,2020-05-20 20:06:07.427388
46,142,572,649,657,669,515,336,230,1,5,3,33,46,87,124,172,148,113,1,0,0,0,0,3,5,29,41,6,0,2003,1809,4,62,83,0,732,2840,245,191,821,1649,6748,74,313,144,347,784,140,40,14,51,27,12,2020-05-21 20:59:22.991002
50,148,581,657,665,677,517,338,231,0,6,3,33,46,89,128,173,148,111,0,0,0,0,0,3,6,29,41,68,0,2029,1830,4,62,85,0,737,2875,252,185,798,1664,6756,82,314,136,338,785,146,47,16,51,25,13,2020-05-22 20:07:27.446691
50,147,592,657,671,681,520,337,232,1,6,3,33,46,89,128,173,150,112,0,0,0,0,0,3,6,29,41,68,0,2039,1843,5,62,85,0,740,2909,239,180,797,1719,6742,89,314,125,339,783,102,41,15,47,23,12,2020-05-23 20:43:24.808899
53,148,602,666,679,683,524,340,232,0,6,3,33,47,90,127,172,152,112,0,0,0,0,0,3,6,29,41,69,0,2058,1863,5,63,85,0,742,2946,239,206,788,1721,6671,93,314,144,339,786,117,35,18,52,22,15,2020-05-24 20:35:17.816295
53,151,605,673,683,685,526,341,232,0,6,3,33,47,91,128,173,153,113,0,0,0,0,0,3,6,29,41,69,0,2071,1874,3,63,85,0,747,2969,233,247,736,1915,6439,99,281,156,330,784,128,35,23,47,23,16,2020-05-25 20:51:38.553294
53,151,608,672,686,694,531,340,232,0,6,4,33,47,92,129,174,154,113,0,0,0,0,0,3,6,29,41,69,0,2082,1881,3,63,85,0,752,2993,222,196,736,1671,6424,95,281,124,329,798,149,40,17,53,24,13,2020-05-26 21:05:38.604765
56,154,640,685,693,701,537,340,232,0,6,4,33,48,94,131,176,154,113,0,0,0,0,0,3,6,29,41,69,0,2103,1930,4,63,85,0,759,3023,256,198,772,1019,4516,92,281,129,339,797,146,35,16,55,19,12,2020-05-27 20:41:30.762309
57,154,652,694,698,708,543,346,233,1,6,4,33,49,95,132,176,157,115,1,0,0,0,0,3,6,29,44,69,0,2126,1956,3,64,87,0,768,3043,275,201,780,1072,4520,97,287,141,347,790,149,32,17,53,18,12,2020-05-28 20:18:16.079736
57,161,660,702,711,714,547,345,233,1,6,4,35,50,95,132,175,158,115,1,0,0,0,0,3,6,29,44,69,0,2147,1983,0,64,87,0,771,3072,288,180,774,987,4536,94,291,133,338,786,155,36,21,51,18,13,2020-05-29 20:01:23.232016
57,165,669,721,719,721,550,347,235,1,6,4,37,53,95,132,175,159,116,1,0,0,0,0,3,6,30,44,70,0,2168,2015,1,65,88,0,778,3128,279,190,771,987,4545,84,282,114,334,787,131,32,17,48,22,14,2020-05-30 19:52:55.674780
58,169,679,731,729,727,556,356,237,1,6,4,39,53,97,132,176,162,116,1,0,0,0,0,3,6,30,44,70,0,2204,2037,1,65,88,0,786,3175,282,238,769,1212,4548,95,282,118,334,793,117,33,17,50,19,13,2020-05-31 20:13:12.824520
65,179,689,737,747,732,557,357,239,0,6,4,40,53,98,133,176,163,117,0,0,0,0,0,3,7,30,44,70,0,2236,2063,2,65,89,0,790,3211,301,268,768,1199,4561,102,282,159,334,792,108,32,17,50,19,13,2020-06-01 20:10:41.990202
65,181,694,747,753,737,560,358,239,1,6,4,41,54,98,135,176,163,118,0,0,0,0,1,3,7,31,44,71,0,2253,2079,2,68,89,0,795,3249,291,203,770,1062,4561,90,282,126,334,788,102,29,15,46,17,10,2020-06-02 20:18:52.747214
68,185,710,758,761,748,566,359,244,0,6,4,41,54,97,136,179,165,118,0,0,0,0,1,3,7,33,44,71,0,2289,2106,3,68,91,0,800,3300,299,206,762,1022,4575,86,282,136,334,779,112,27,10,52,17,8,2020-06-03 19:57:55.558479
73,189,739,769,774,756,569,359,246,0,6,4,41,55,100,138,180,168,120,0,0,0,0,1,3,7,33,44,71,0,2316,2155,2,68,91,0,812,3470,192,176,756,981,4566,90,286,132,336,783,124,40,13,56,22,10,2020-06-04 20:31:54.789669
85,194,755,788,789,768,572,363,252,4,6,4,41,56,100,142,180,168,122,0,0,0,0,1,3,7,34,44,72,0,2364,2201,4,69,92,0,819,3578,173,176,754,957,4560,87,286,125,336,779,121,39,16,59,24,11,2020-06-05 20:16:17.103773
85,194,755,788,789,768,572,363,252,4,6,4,41,56,100,142,180,168,122,0,0,0,0,1,3,7,34,44,72,0,2364,2201,4,69,92,0,819,3578,173,176,754,957,4560,87,286,125,336,779,121,39,16,59,24,11,2020-06-06 20:35:03.266818
85,194,755,788,789,768,572,363,252,4,6,4,41,56,100,142,180,168,122,0,0,0,0,1,3,7,34,44,72,0,2364,2201,4,69,92,0,819,3578,173,176,754,957,4560,87,286,125,336,779,121,39,16,59,24,11,2020-06-07 20:33:19.356548
90,222,854,850,849,806,595,378,272,6,7,4,41,61,102,147,184,172,124,1,0,0,0,1,3,8,34,46,72,0,2534,2382,5,70,94,0,843,3733,346,197,761,1133,4535,71,286,130,341,779,137,43,18,65,24,14,2020-06-08 20:30:46.059227
96,228,866,863,855,815,600,384,275,6,7,4,41,63,102,148,185,174,126,1,0,0,0,1,3,8,35,48,74,0,2564,2417,6,70,99,0,851,3795,342,190,757,1026,4514,77,286,127,341,781,145,47,20,63,30,16,2020-06-09 20:33:33.881848
100,237,883,875,869,824,604,387,276,5,7,4,41,65,102,150,187,175,126,0,0,0,0,1,3,8,35,48,74,0,2606,2447,6,70,99,0,857,3873,330,175,758,889,4527,80,286,136,340,784,136,40,18,62,30,17,2020-06-10 20:36:50.698452
103,249,921,915,904,855,618,390,278,4,7,4,42,65,104,153,188,175,126,0,0,0,0,1,3,8,36,48,75,0,2702,2530,4,71,100,0,864,3988,385,189,786,904,4524,83,291,118,339,786,130,39,19,65,31,16,2020-06-11 20:31:17.967189
114,262,954,935,920,877,627,401,282,5,7,4,43,67,106,156,189,177,126,0,0,0,0,1,3,8,37,48,76,0,2772,2599,5,71,102,0,875,4085,417,158,790,882,4478,75,283,111,339,792,133,47,15,69,36,14,2020-06-12 20:27:13.375130
114,262,954,935,920,877,627,401,282,5,7,4,43,67,106,156,189,177,126,0,0,0,0,1,3,8,37,48,76,0,2772,2599,5,71,102,0,875,4085,417,158,790,882,4478,75,283,111,339,792,133,47,15,69,36,14,2020-06-13 20:44:15.935418
114,262,954,935,920,877,627,401,282,5,7,4,43,67,106,156,189,177,126,0,0,0,0,1,3,8,37,48,76,0,2772,2599,5,71,102,0,875,4085,417,158,790,882,4478,75,283,111,339,792,133,47,15,69,36,14,2020-06-14 20:03:43.850349
143,324,1052,1022,979,924,660,415,292,9,7,4,43,70,108,160,196,178,132,1,0,0,0,1,3,8,38,51,79,0,2994,2816,9,76,104,0,899,4398,523,222,771,1084,4424,77,282,133,345,790,125,50,19,72,38,17,2020-06-15 20:27:58.543081
172,369,1110,1075,1011,954,677,423,297,10,7,4,42,72,109,163,199,180,134,2,0,0,0,1,3,8,38,51,81,0,3124,2954,19,77,105,0,912,4496,690,175,773,830,4445,66,282,101,345,783,141,50,22,80,38,19,2020-06-16 20:29:54.658960
183,392,1129,1095,1028,966,689,423,303,10,7,4,45,72,109,168,203,183,135,3,0,0,0,1,3,8,38,51,82,0,3193,3008,16,78,105,0,929,4645,644,168,770,794,4444,76,282,113,345,791,158,54,26,85,38,22,2020-06-17 20:34:40.883387
194,407,1171,1113,1060,983,696,428,307,7,7,4,45,72,112,169,204,183,136,1,0,0,0,1,3,8,38,52,85,0,3262,3088,15,79,108,0,933,4831,602,184,767,827,4419,71,282,122,345,794,141,46,28,89,35,22,2020-06-18 21:07:45.939798
208,426,1205,1158,1093,1007,714,441,311,9,7,4,46,72,115,172,205,184,139,2,0,0,0,1,3,8,38,52,86,0,3368,3184,19,80,108,0,946,4986,640,159,763,840,4357,70,282,129,345,792,154,50,29,92,38,22,2020-06-19 19:51:23.127123
208,426,1205,1158,1093,1007,714,441,311,9,7,4,46,72,115,172,205,184,139,2,0,0,0,1,3,8,38,52,86,0,3368,3184,19,80,108,0,946,4986,640,159,763,840,4357,70,282,129,345,792,154,50,29,92,38,22,2020-06-20 21:23:28.143816
208,426,1205,1158,1093,1007,714,441,311,9,7,4,46,72,115,172,205,184,139,2,0,0,0,1,3,8,38,52,86,0,3368,3184,19,80,108,0,946,4986,640,159,763,840,4357,70,282,129,345,792,154,50,29,92,38,22,2020-06-21 20:57:42.607445
234,469,1334,1260,1169,1063,742,466,336,10,7,4,51,75,118,172,209,186,145,2,0,0,0,1,3,9,39,52,88,0,3637,3424,121,82,110,0,969,5373,741,153,770,858,4421,79,286,122,350,789,145,48,27,93,39,24,2020-06-22 20:01:03.808225
247,494,1380,1282,1205,1076,756,473,345,16,7,4,51,77,119,173,211,193,146,2,0,0,0,1,3,9,39,52,88,0,3733,3519,21,82,110,0,983,5531,760,147,770,848,4398,77,286,111,350,782,184,58,28,97,45,25,2020-06-23 19:23:52.303334
247,494,1380,1282,1205,1076,756,473,345,16,7,4,51,77,119,173,211,193,146,2,0,0,0,1,3,9,39,52,88,0,3733,3519,21,82,110,0,983,5531,760,147,770,848,4398,77,286,111,350,782,184,58,28,97,45,25,2020-06-24 10:39:08.414674
256,503,1418,1312,1248,1098,769,480,347,13,7,5,52,79,122,176,219,195,149,2,0,0,0,1,3,9,40,53,89,0,3830,3593,20,83,112,0,1006,5733,705,147,769,764,4422,73,286,109,350,778,185,59,29,89,40,25,2020-06-24 21:20:45.750517
269,520,1445,1335,1262,1116,778,485,349,9,7,5,54,79,121,181,220,197,148,0,0,0,0,1,3,9,40,53,91,0,3899,3654,14,84,113,0,1012,5882,674,150,768,682,4418,77,286,119,352,786,189,60,29,95,42,23,2020-06-25 20:02:15.468732
286,553,1499,1378,1296,1148,794,499,354,11,6,5,57,81,123,181,222,197,150,0,0,0,0,1,3,9,40,55,94,0,4029,3781,7,88,114,0,1022,6083,713,154,771,688,4435,108,322,109,352,785,149,53,35,98,39,27,2020-06-26 19:41:00.041713
286,553,1499,1378,1296,1148,794,499,354,11,6,5,57,81,123,181,222,197,150,0,0,0,0,1,3,9,40,55,94,0,4029,3781,7,88,114,0,1022,6083,713,154,771,688,4435,108,322,109,352,785,149,53,35,98,39,27,2020-06-27 21:30:42.875731
286,553,1499,1378,1296,1148,794,499,354,11,6,5,57,81,123,181,222,197,150,0,0,0,0,1,3,9,40,55,94,0,4029,3781,7,88,114,0,1022,6083,713,154,771,688,4435,108,322,109,352,785,149,53,35,98,39,27,2020-06-28 20:05:42.343890
312,624,1658,1498,1408,1235,836,523,375,16,7,6,53,78,124,176,222,206,153,0,0,0,0,1,3,9,40,55,96,0,4414,4058,12,88,116,0,1025,6663,797,207,767,1060,4399,91,322,141,353,794,151,44,25,108,40,25,2020-06-29 22:57:24.055578
319,641,1706,1525,1436,1254,849,530,379,17,8,7,55,79,123,179,224,207,155,1,0,0,0,1,3,9,41,56,97,0,4499,4152,4,89,118,0,1038,6830,788,152,781,833,4408,105,322,118,353,793,149,42,25,105,36,24,2020-06-30 20:16:52.977483
332,682,1762,1565,1479,1288,880,546,382,15,8,8,56,80,125,182,228,212,156,0,0,0,0,1,3,9,41,56,98,0,4641,4280,9,90,118,0,1055,7022,854,176,779,788,4410,107,322,123,353,784,192,62,24,118,41,20,2020-07-01 20:13:32.862935
345,719,1855,1639,1534,1335,897,561,390,19,8,8,57,79,130,188,229,214,156,0,0,0,0,1,3,9,41,57,98,0,4826,4444,22,91,118,0,1069,7207,1018,168,783,827,4436,101,325,117,353,806,173,52,25,116,43,24,2020-07-02 22:20:05.604422
345,719,1855,1639,1534,1335,897,561,390,19,8,8,57,79,130,188,229,214,156,0,0,0,0,1,3,9,41,57,98,0,4826,4444,22,91,118,0,1069,7207,1018,168,783,827,4436,101,325,117,353,806,173,52,25,116,43,24,2020-07-03 22:49:25.828743
345,719,1855,1639,1534,1335,897,561,390,19,8,8,57,79,130,188,229,214,156,0,0,0,0,1,3,9,41,57,98,0,4826,4444,22,91,118,0,1069,7207,1018,168,783,827,4436,101,325,117,353,806,173,52,25,116,43,24,2020-07-04 20:37:54.891759
345,719,1855,1639,1534,1335,897,561,390,19,8,8,57,79,130,188,229,214,156,0,0,0,0,1,3,9,41,57,98,0,4826,4444,22,91,118,0,1069,7207,1018,168,783,827,4436,101,325,117,353,806,173,52,25,116,43,24,2020-07-05 20:11:33.780733
408,828,2137,1832,1723,1443,979,606,424,15,8,9,63,84,141,194,238,225,163,0,0,0,0,1,3,9,41,59,102,0,5417,4955,21,94,121,0,1125,8192,1078,168,779,816,4438,101,322,122,353,797,183,61,26,119,47,22,2020-07-06 20:09:47.470709
411,861,2184,1869,1759,1474,994,611,427,15,8,9,62,87,143,195,238,231,166,2,0,0,0,1,3,10,42,60,104,0,5521,5051,31,97,123,0,1141,8387,1077,130,780,734,4427,100,322,107,353,779,191,55,22,116,43,20,2020-07-07 20:08:33.903629
424,895,2231,1904,1784,1499,1007,623,435,15,8,9,64,87,146,198,239,232,170,2,0,0,0,2,3,11,42,60,106,0,5642,5145,28,99,125,0,1155,8607,1055,124,781,710,4431,105,322,99,353,781,188,57,27,124,40,23,2020-07-08 20:39:29.335135
440,937,2316,1986,1841,1529,1037,639,443,20,8,9,66,85,146,200,240,235,172,1,0,0,0,2,3,11,43,63,108,0,5824,5334,28,102,128,0,1162,8829,1197,125,771,698,4343,107,322,103,353,787,192,59,25,140,51,23,2020-07-09 20:22:16.607447
453,976,2374,2022,1896,1558,1057,654,446,18,8,9,67,90,147,201,242,240,175,1,0,0,0,2,3,11,44,63,109,0,5965,5459,28,103,129,0,1180,9063,1211,117,770,680,4343,103,322,99,353,776,208,56,30,139,46,26,2020-07-10 20:21:53.243888
453,976,2374,2022,1896,1558,1057,654,446,18,8,9,67,90,147,201,242,240,175,1,0,0,0,2,3,11,44,63,109,0,5965,5459,28,103,129,0,1180,9063,1211,117,770,680,4343,103,322,99,353,776,208,56,30,139,46,26,2020-07-11 20:22:08.711495
453,976,2374,2022,1896,1558,1057,654,446,18,8,9,67,90,147,201,242,240,175,1,0,0,0,2,3,11,44,63,109,0,5965,5459,28,103,129,0,1180,9063,1211,117,770,680,4343,103,322,99,353,776,208,56,30,139,46,26,2020-07-12 20:15:13.938603
491,1089,2613,2202,2076,1665,1118,698,471,15,10,11,71,98,157,206,254,245,182,0,0,0,0,2,3,12,45,64,111,0,6423,5987,26,105,132,0,1234,9814,1390,168,771,766,4343,83,322,125,353,769,246,67,35,155,50,30,2020-07-13 20:18:50.344172
510,1139,2698,2267,2141,1712,1133,708,475,22,10,11,72,100,162,207,257,249,184,2,0,0,0,2,3,12,45,67,115,0,6604,6167,32,109,135,0,1254,10082,1469,159,766,683,4344,94,322,124,353,779,235,64,35,150,48,29,2020-07-14 20:14:42.442281
521,1174,2763,2304,2185,1752,1156,717,487,22,10,11,75,106,163,210,265,256,192,2,0,0,0,2,3,12,47,67,116,0,6740,6302,37,111,136,0,1290,10361,1430,141,760,691,4375,90,322,110,353,772,207,53,30,146,46,28,2020-07-15 20:16:03.079573
538,1222,2871,2370,2248,1791,1201,733,510,25,10,11,77,109,167,213,270,257,194,3,0,0,0,2,3,13,47,67,117,0,6980,6491,36,112,137,0,1311,10617,1581,144,764,659,4375,93,322,95,353,781,219,63,33,154,52,29,2020-07-16 20:21:07.683360
550,1250,2941,2422,2311,1822,1221,743,519,23,10,13,78,109,166,220,273,259,196,3,0,0,0,3,3,13,47,69,119,0,7134,6629,37,114,140,0,1327,10868,1607,143,764,750,4387,86,322,102,348,779,242,64,34,158,50,28,2020-07-17 20:18:57.095824
550,1250,2941,2422,2311,1822,1221,743,519,23,10,13,78,109,166,220,273,259,196,3,0,0,0,3,3,13,47,69,119,0,7134,6629,37,114,140,0,1327,10868,1607,143,764,750,4387,86,322,102,348,779,242,64,34,158,50,28,2020-07-18 20:25:25.641053
550,1250,2941,2422,2311,1822,1221,743,519,23,10,13,78,109,166,220,273,259,196,3,0,0,0,3,3,13,47,69,119,0,7134,6629,37,114,140,0,1327,10868,1607,143,764,750,4387,86,322,102,348,779,242,64,34,158,50,28,2020-07-19 20:15:06.150353
593,1388,3187,2604,2470,1954,1282,790,554,25,12,14,82,115,172,228,279,265,214,6,0,0,0,3,3,13,49,71,123,0,7686,7117,41,116,146,0,1387,11675,1785,162,776,775,4358,78,322,102,348,782,233,70,34,155,55,31,2020-07-20 20:18:30.197830
614,1431,3258,2646,2515,1984,1304,801,562,24,15,15,84,116,173,236,280,267,216,4,0,0,0,3,4,15,49,71,127,0,7842,7256,38,118,151,0,1406,11963,1770,142,778,718,4363,85,322,102,348,776,237,64,34,156,53,33,2020-07-21 22:02:44.663507
622,1458,3311,2695,2553,2015,1327,818,572,22,15,15,87,119,175,240,285,272,222,3,0,0,0,3,4,15,49,72,128,0,7976,7377,37,118,153,0,1433,12191,1769,150,778,635,4364,86,322,94,348,779,231,61,30,166,48,28,2020-07-22 21:57:00.144577
637,1495,3373,2758,2617,2051,1347,835,579,21,16,16,88,122,179,245,291,281,224,3,0,0,0,3,4,15,49,74,128,0,8148,7521,41,119,154,0,1465,12449,1799,152,776,690,4379,88,322,114,348,782,225,52,28,165,50,29,2020-07-23 19:59:26.392461
662,1538,3472,2828,2683,2086,1378,850,584,23,17,16,88,124,182,247,291,283,223,3,0,0,0,3,4,15,53,75,132,0,8357,7692,52,124,158,0,1474,12719,1911,142,779,701,4364,72,322,94,341,769,233,58,30,168,48,30,2020-07-24 20:19:53.977966
662,1538,3472,2828,2683,2086,1378,850,584,23,17,16,88,124,182,247,291,283,223,3,0,0,0,3,4,15,53,75,132,0,8357,7692,52,124,158,0,1474,12719,1911,142,779,701,4364,72,322,94,341,769,233,58,30,168,48,30,2020-07-25 20:15:32.441477
662,1538,3472,2828,2683,2086,1378,850,584,23,17,16,88,124,182,247,291,283,223,3,0,0,0,3,4,15,53,75,132,0,8357,7692,52,124,158,0,1474,12719,1911,142,779,701,4364,72,322,94,341,769,233,58,30,168,48,30,2020-07-26 20:17:03.533219
728,1681,3694,2990,2852,2196,1439,879,606,23,18,16,93,128,185,252,297,291,230,4,0,0,0,3,5,16,55,75,135,0,8853,8182,50,126,163,0,1514,13590,1984,157,774,781,4320,82,323,100,341,769,237,58,27,151,44,25,2020-07-27 20:09:49.136580
742,1730,3767,3043,2912,2230,1467,885,615,25,19,17,94,130,189,255,301,295,231,6,0,0,1,3,5,17,57,79,141,0,9014,8346,53,133,170,0,1537,13833,2046,133,768,752,4332,82,323,90,341,773,230,58,31,157,45,29,2020-07-28 20:16:41.666976
756,1757,3830,3116,2959,2270,1483,902,621,27,19,19,97,133,193,258,302,305,237,5,0,0,1,3,5,17,58,82,145,0,9172,8494,52,139,172,0,1568,14123,2030,163,767,737,4335,77,322,97,341,775,235,62,32,163,47,30,2020-07-29 20:25:22.579882
777,1808,3920,3185,3036,2311,1517,917,630,30,18,19,100,136,194,260,305,312,239,4,0,0,1,3,5,17,60,83,147,0,9383,8689,57,140,176,0,1587,14432,2112,145,763,763,4336,72,324,116,328,764,229,66,30,150,51,27,2020-07-30 20:43:56.035906
798,1854,4009,3245,3096,2351,1532,939,638,30,18,20,102,138,195,263,309,315,242,5,0,0,1,3,5,19,60,84,150,0,9564,8872,53,141,181,0,1607,14800,2085,117,764,687,4340,65,327,94,328,770,208,65,32,153,51,28,2020-07-31 20:11:36.446699
798,1854,4009,3245,3096,2351,1532,939,638,30,18,20,102,138,195,263,309,315,242,5,0,0,1,3,5,19,60,84,150,0,9564,8872,53,141,181,0,1607,14800,2085,117,764,687,4340,65,327,94,328,770,208,65,32,153,51,28,2020-08-01 20:18:57.407986
798,1854,4009,3245,3096,2351,1532,939,638,30,18,20,102,138,195,263,309,315,242,5,0,0,1,3,5,19,60,84,150,0,9564,8872,53,141,181,0,1607,14800,2085,117,764,687,4340,65,327,94,328,770,208,65,32,153,51,28,2020-08-02 20:30:27.175246
855,1953,4202,3385,3220,2470,1593,977,681,30,18,20,106,143,203,267,320,325,249,4,0,0,1,3,5,20,61,86,152,0,10043,9261,59,143,185,0,1655,15582,2129,170,768,760,4350,77,327,107,328,782,215,62,27,153,46,26,2020-08-03 20:20:47.752701
869,1970,4261,3458,3286,2522,1623,993,684,33,18,21,108,147,208,274,327,330,251,4,0,0,1,3,5,20,61,86,157,0,10191,9440,65,146,187,0,1688,15810,2201,149,767,682,4365,75,327,94,328,756,219,62,27,159,48,22,2020-08-04 20:06:27.322314
879,2008,4315,3499,3331,2564,1649,1006,702,26,19,22,110,150,213,279,337,337,255,4,0,0,1,3,5,20,62,88,159,0,10349,9576,51,147,191,0,1726,16061,2192,151,759,619,4360,80,327,86,327,762,228,60,25,163,47,21,2020-08-05 20:12:35.329220
892,2039,4366,3549,3366,2591,1675,1009,712,26,19,22,113,153,213,282,343,339,255,4,0,0,1,3,5,20,62,88,160,0,10490,9676,56,147,192,0,1743,16349,2133,157,761,642,4365,81,327,79,331,774,230,58,29,153,45,18,2020-08-06 20:07:19.825534
920,2090,4444,3627,3419,2648,1710,1024,730,24,19,23,114,155,214,284,348,341,256,4,0,0,1,3,5,20,63,90,166,0,10714,9866,53,149,199,0,1758,16645,2233,173,763,649,4360,81,327,94,331,779,204,51,18,145,42,16,2020-08-07 20:09:27.116969
920,2090,4444,3627,3419,2648,1710,1024,730,24,19,23,114,155,214,284,348,341,256,4,0,0,1,3,5,20,63,90,166,0,10714,9866,53,149,199,0,1758,16645,2233,173,763,649,4360,81,327,94,331,779,204,51,18,145,42,16,2020-08-08 20:06:57.209716
920,2090,4444,3627,3419,2648,1710,1024,730,24,19,23,114,155,214,284,348,341,256,4,0,0,1,3,5,20,63,90,166,0,10714,9866,53,149,199,0,1758,16645,2233,173,763,649,4360,81,327,94,331,779,204,51,18,145,42,16,2020-08-09 20:10:15.143700
973,2182,4631,3777,3560,2753,1769,1059,762,22,19,22,119,158,217,294,356,348,262,3,0,0,1,3,7,20,63,93,170,0,11174,10260,51,149,208,0,1798,17351,2339,157,759,794,4368,89,327,97,331,780,214,58,22,152,46,20,2020-08-10 20:08:52.757945
987,2220,4685,3837,3600,2784,1793,1074,772,22,19,23,120,162,217,296,359,351,263,3,0,0,1,3,7,22,63,99,173,0,11318,10401,52,154,214,0,1813,17605,2356,142,747,701,4295,93,323,80,331,777,234,59,15,156,42,15,2020-08-11 20:09:12.815220
996,2244,4741,3875,3644,2810,1814,1088,787,23,20,24,121,164,219,304,364,358,267,4,0,0,1,3,7,22,64,101,177,0,11460,10506,53,156,219,0,1845,17812,2365,159,744,689,4320,89,324,94,332,763,213,50,17,162,38,14,2020-08-12 20:33:38.564575
1018,2274,4802,3936,3690,2831,1828,1106,794,21,21,24,119,166,222,305,364,360,269,3,0,0,1,3,7,23,64,103,182,0,11614,10628,55,160,223,0,1853,18076,2371,159,746,626,4309,89,324,93,332,771,232,57,22,156,41,17,2020-08-13 20:32:31.172554
1040,2303,4868,3991,3746,2869,1846,1120,806,24,20,24,120,169,223,306,363,363,272,3,0,0,1,3,7,23,64,104,183,0,11789,10763,58,161,224,0,1863,18292,2458,172,749,643,4331,88,324,85,332,769,224,57,16,167,43,15,2020-08-14 20:10:28.624150
1040,2303,4868,3991,3746,2869,1846,1120,806,24,20,24,120,169,223,306,363,363,272,3,0,0,1,3,7,23,64,104,183,0,11789,10763,58,161,224,0,1863,18292,2458,172,749,643,4331,88,324,85,332,769,224,57,16,167,43,15,2020-08-15 20:11:14.382715
1040,2303,4868,3991,3746,2869,1846,1120,806,24,20,24,120,169,223,306,363,363,272,3,0,0,1,3,7,23,64,104,183,0,11789,10763,58,161,224,0,1863,18292,2458,172,749,643,4331,88,324,85,332,769,224,57,16,167,43,15,2020-08-16 20:19:52.008885
1086,2398,5052,4129,3898,2974,1896,1152,840,26,20,25,125,171,225,314,371,377,282,3,0,0,1,3,7,24,64,104,185,0,12215,11174,59,163,225,0,1913,18957,2581,158,748,687,4301,77,324,103,332,774,206,47,19,140,37,13,2020-08-17 19:54:50.055375
1096,2418,5099,4168,3932,3009,1919,1158,850,27,20,25,127,169,226,317,373,379,290,3,0,0,1,3,7,24,67,105,190,0,12328,11286,59,166,231,0,1929,19166,2581,158,737,721,4306,78,322,96,332,770,214,54,20,150,36,17,2020-08-18 20:02:28.581764
1114,2440,5145,4197,3960,3038,1932,1163,856,25,20,25,131,172,231,320,379,382,294,4,0,0,1,3,7,24,68,107,198,0,12422,11385,60,173,235,0,1958,19359,2553,138,740,606,4326,79,322,89,332,787,203,51,16,147,35,15,2020-08-19 20:16:58.578822
1132,2464,5204,4258,4018,3073,1951,1177,863,25,24,25,132,174,231,326,382,388,293,4,0,0,1,3,7,24,69,106,202,0,12552,11551,59,174,238,0,1979,19610,2576,142,738,612,4350,78,322,114,332,783,175,48,21,135,38,18,2020-08-20 20:18:15.679354
1144,2496,5263,4303,4052,3102,1971,1190,873,27,22,25,128,171,232,329,386,391,295,5,0,0,1,3,7,24,69,107,203,0,12690,11667,61,175,239,0,1984,19807,2630,161,745,656,4355,78,322,110,334,787,173,47,19,111,32,18,2020-08-21 22:05:44.129064
1144,2496,5263,4303,4052,3102,1971,1190,873,27,22,25,128,171,232,329,386,391,295,5,0,0,1,3,7,24,69,107,203,0,12690,11667,61,175,239,0,1984,19807,2630,161,745,656,4355,78,322,110,334,787,173,47,19,111,32,18,2020-08-22 19:17:37.400507
1144,2496,5263,4303,4052,3102,1971,1190,873,27,22,25,128,171,232,329,386,391,295,5,0,0,1,3,7,24,69,107,203,0,12690,11667,61,175,239,0,1984,19807,2630,161,745,656,4355,78,322,110,334,787,173,47,19,111,32,18,2020-08-23 20:13:08.461957
1180,2589,5417,4451,4157,3195,2033,1220,884,29,22,26,134,175,236,334,394,399,302,6,0,0,1,4,7,24,70,109,205,0,13064,12020,68,179,241,0,2028,20418,2709,151,697,824,4332,85,322,107,334,774,143,44,25,98,38,23,2020-08-24 19:18:02.563339
1186,2610,5480,4491,4189,3231,2058,1228,889,29,22,26,135,175,236,335,400,400,304,5,0,0,1,4,7,25,73,110,207,0,13186,12135,67,183,244,0,2038,20611,2742,137,698,683,4355,75,323,102,334,768,154,53,27,99,42,23,2020-08-25 20:15:27.820448
1197,2630,5515,4521,4215,3253,2076,1241,894,29,22,26,137,178,238,342,403,402,310,5,0,0,1,4,7,26,74,110,211,0,13272,12227,69,186,247,0,2063,20757,2751,154,694,715,4370,80,324,80,334,773,140,48,26,99,42,25,2020-08-26 20:19:48.092773
1202,2649,5555,4547,4236,3280,2101,1254,905,32,22,27,140,182,239,347,407,408,313,8,0,0,1,4,7,26,74,111,215,0,13373,12316,69,187,250,1,2093,20951,2717,152,704,724,4363,84,324,87,334,772,171,53,23,118,42,22,2020-08-27 20:09:36.151237
1213,2674,5635,4596,4293,3320,2128,1265,909,21,22,27,144,182,242,350,411,410,316,4,0,0,2,4,7,28,74,114,218,0,13503,12477,71,189,257,1,2108,21158,2788,139,742,655,4338,79,323,87,334,779,166,47,22,114,39,21,2020-08-28 20:01:25.066074
1213,2674,5635,4596,4293,3320,2128,1265,909,21,22,27,144,182,242,350,411,410,316,4,0,0,2,4,7,28,74,114,218,0,13503,12477,71,189,257,1,2108,21158,2788,139,742,655,4338,79,323,87,334,779,166,47,22,114,39,21,2020-08-29 20:03:48.316103
1213,2674,5635,4596,4293,3320,2128,1265,909,21,22,27,144,182,242,350,411,410,316,4,0,0,2,4,7,28,74,114,218,0,13503,12477,71,189,257,1,2108,21158,2788,139,742,655,4338,79,323,87,334,779,166,47,22,114,39,21,2020-08-30 19:55:38.752343
1243,2751,5790,4707,4398,3401,2172,1290,939,22,22,28,146,184,247,354,417,418,330,3,0,0,2,5,7,29,77,119,220,0,13817,12814,79,195,264,0,2149,21708,2856,196,736,822,4320,53,322,87,331,789,136,43,24,91,32,20,2020-08-31 21:25:03.254053
1258,2772,5849,4738,4433,3434,2188,1302,953,19,22,29,147,184,252,360,418,417,332,1,0,0,3,5,8,29,78,119,223,0,13938,12924,81,197,268,0,2162,21908,2876,148,738,749,4348,49,323,79,333,769,132,49,25,91,41,24,2020-09-01 20:07:23.853645
1264,2788,5876,4758,4453,3450,2198,1312,959,17,22,28,148,185,256,361,421,417,328,1,0,0,3,5,8,29,78,121,224,0,13995,12994,83,198,270,0,2167,22063,2845,152,744,720,4374,47,323,69,333,760,139,45,22,88,36,22,2020-09-02 20:10:27.818637
1276,2813,5931,4811,4499,3475,2215,1324,975,17,22,27,149,185,256,361,422,419,334,0,0,0,3,4,8,30,78,122,225,0,14132,13120,81,198,272,0,2175,22279,2882,171,740,709,4377,60,323,90,333,775,133,43,26,87,32,24,2020-09-03 21:02:27.470159
1297,2845,5974,4858,4540,3520,2230,1338,982,17,22,25,143,180,255,356,421,423,336,0,0,0,3,4,9,32,78,123,226,0,14253,13264,81,200,275,0,2161,22489,2951,145,736,681,4378,60,323,88,333,775,147,45,23,91,34,22,2020-09-04 20:57:44.131129
1297,2845,5974,4858,4540,3520,2230,1338,982,17,22,25,143,180,255,356,421,423,336,0,0,0,3,4,9,32,78,123,226,0,14253,13264,81,200,275,0,2161,22489,2951,145,736,681,4378,60,323,88,333,775,147,45,23,91,34,22,2020-09-05 20:15:52.324200
1297,2845,5974,4858,4540,3520,2230,1338,982,17,22,25,143,180,255,356,421,423,336,0,0,0,3,4,9,32,78,123,226,0,14253,13264,81,200,275,0,2161,22489,2951,145,736,681,4378,60,323,88,333,775,147,45,23,91,34,22,2020-09-06 20:15:15.800401
1297,2845,5974,4858,4540,3520,2230,1338,982,17,22,25,143,180,255,356,421,423,336,0,0,0,3,4,9,32,78,123,226,0,14253,13264,81,200,275,0,2161,22489,2951,145,736,681,4378,60,323,88,333,775,147,45,23,91,34,22,2020-09-07 20:34:57.459961
1325,2931,6140,5002,4663,3612,2273,1377,1014,18,23,25,145,185,262,362,425,436,342,1,0,0,3,4,9,33,79,127,231,0,14630,13646,76,205,281,0,2206,23280,2869,190,699,835,4367,47,323,91,332,778,153,44,21,105,33,20,2020-09-08 20:10:37.492072
1328,2940,6171,5028,4681,3625,2282,1381,1018,17,23,25,147,186,263,364,426,437,343,1,0,0,3,4,10,33,81,127,236,0,14692,13701,75,209,285,0,2215,23409,2847,145,709,665,4363,63,323,105,332,778,147,31,18,106,28,17,2020-09-09 20:11:26.267284
1339,2958,6210,5059,4716,3651,2292,1385,1027,17,22,25,148,187,265,366,427,437,344,1,0,0,3,4,10,34,81,127,238,0,14783,13793,75,210,287,0,2222,23555,2877,154,748,618,4369,60,323,85,332,787,162,40,20,103,29,18,2020-09-10 20:37:18.833287
1344,2974,6258,5098,4742,3676,2309,1411,1036,17,22,25,149,187,267,367,431,439,348,0,0,0,3,4,10,34,82,127,239,0,14896,13889,77,210,289,0,2235,23687,2943,128,749,613,4346,50,323,74,332,778,161,43,19,100,30,15,2020-09-11 20:34:15.500761
1344,2974,6258,5098,4742,3676,2309,1411,1036,17,22,25,149,187,267,367,431,439,348,0,0,0,3,4,10,34,82,127,239,0,14896,13889,77,210,289,0,2235,23687,2943,128,749,613,4346,50,323,74,332,778,161,43,19,100,30,15,2020-09-12 20:16:40.885475
1344,2974,6258,5098,4742,3676,2309,1411,1036,17,22,25,149,187,267,367,431,439,348,0,0,0,3,4,10,34,82,127,239,0,14896,13889,77,210,289,0,2235,23687,2943,128,749,613,4346,50,323,74,332,778,161,43,19,100,30,15,2020-09-13 20:15:53.929466
1374,3034,6397,5203,4842,3755,2360,1437,1064,18,23,26,152,189,273,373,443,446,354,0,0,0,3,4,11,34,82,130,247,0,15210,14191,80,216,295,0,2279,24246,2959,161,712,732,4409,113,392,99,335,790,135,32,13,95,23,11,2020-09-14 20:14:27.188125
1382,3046,6436,5245,4870,3769,2380,1448,1072,14,23,26,151,188,275,375,446,451,357,0,0,0,3,4,11,35,83,133,250,0,15307,14271,81,222,297,0,2292,24402,2968,157,738,655,4444,113,379,102,335,782,155,34,11,106,23,11,2020-09-16 09:20:10.253989
1398,3065,6475,5273,4896,3792,2395,1458,1083,15,24,26,151,191,278,381,452,454,362,0,0,0,3,4,11,35,83,135,250,0,15401,14365,81,222,299,0,2319,24593,2938,143,750,650,4499,134,379,106,332,777,172,39,15,114,26,13,2020-09-16 20:20:30.860899
1409,3090,6527,5305,4920,3824,2412,1468,1091,14,24,28,155,193,279,383,455,456,368,0,0,0,3,4,11,35,82,135,251,0,15514,14461,82,222,299,0,2341,24795,2924,150,745,621,4494,138,382,95,332,772,144,32,11,109,22,9,2020-09-17 20:27:00.181245
1419,3115,6580,5369,4971,3861,2431,1479,1103,14,24,28,155,193,280,388,458,459,370,1,0,0,3,4,11,35,82,135,251,0,15666,14585,88,222,299,0,2356,24970,3016,153,744,578,4504,135,382,109,332,780,145,32,11,106,26,9,2020-09-18 20:14:25.987087
1419,3115,6580,5369,4971,3861,2431,1479,1103,14,24,28,155,193,280,388,458,459,370,1,0,0,3,4,11,35,82,135,251,0,15666,14585,88,222,299,0,2356,24970,3016,153,744,578,4504,135,382,109,332,780,145,32,11,106,26,9,2020-09-19 21:06:26.005551
1419,3115,6580,5369,4971,3861,2431,1479,1103,14,24,28,155,193,280,388,458,459,370,1,0,0,3,4,11,35,82,135,251,0,15666,14585,88,222,299,0,2356,24970,3016,153,744,578,4504,135,382,109,332,780,145,32,11,106,26,9,2020-09-20 19:41:13.094154
1459,3220,6709,5472,5066,3953,2469,1511,1123,13,25,30,160,196,283,395,466,467,373,0,0,0,3,4,11,36,82,138,255,0,16009,14888,95,226,303,0,2395,25568,3032,207,712,723,4463,127,389,106,332,800,169,34,13,112,27,12,2020-09-21 20:52:21.220240
1471,3254,6766,5528,5109,3988,2499,1538,1144,16,25,30,162,195,287,400,469,474,377,0,0,0,3,4,12,36,83,139,255,0,16180,15029,101,227,305,0,2419,25797,3097,181,721,732,4510,159,394,110,335,781,182,42,17,131,34,15,2020-09-22 20:31:27.452705
1475,3281,6809,5556,5135,4013,2520,1543,1151,20,25,30,164,195,288,402,474,477,383,0,0,0,3,4,12,37,83,140,259,0,16277,15123,100,230,308,0,2438,25956,3109,173,726,588,4521,122,394,97,335,794,188,45,16,138,33,14,2020-09-23 20:15:31.813916
1495,3315,6888,5634,5188,4057,2550,1560,1157,21,26,30,168,196,289,406,481,485,387,0,0,0,2,4,12,37,83,140,261,0,16460,15302,100,230,309,0,2468,26192,3205,182,717,607,4541,144,389,123,335,799,187,40,16,139,35,16,2020-09-24 20:19:15.300694
1514,3355,7003,5723,5264,4110,2578,1574,1173,20,26,30,168,200,293,408,488,491,390,2,0,0,2,4,12,37,83,142,262,0,16688,15519,104,230,312,0,2496,26480,3338,190,726,652,4515,141,389,114,335,796,199,40,14,139,31,14,2020-09-25 20:24:08.860954
1514,3355,7003,5723,5264,4110,2578,1574,1173,20,26,30,168,200,293,408,488,491,390,2,0,0,2,4,12,37,83,142,262,0,16688,15519,104,230,312,0,2496,26480,3338,190,726,652,4515,141,389,114,335,796,199,40,14,139,31,14,2020-09-26 20:45:34.720563
1514,3355,7003,5723,5264,4110,2578,1574,1173,20,26,30,168,200,293,408,488,491,390,2,0,0,2,4,12,37,83,142,262,0,16688,15519,104,230,312,0,2496,26480,3338,190,726,652,4515,141,389,114,335,796,199,40,14,139,31,14,2020-09-27 20:07:29.979331
1549,3445,7149,5831,5366,4184,2638,1611,1205,16,27,32,170,204,296,412,499,498,399,1,0,0,2,4,13,37,83,144,264,0,17044,15847,100,234,313,0,2538,27189,3267,229,723,905,4501,131,389,88,335,814,191,44,19,133,35,15,2020-09-28 20:18:58.333931
1562,3477,7220,5893,5419,4212,2655,1625,1211,17,27,32,173,206,298,415,500,502,403,2,0,0,2,4,13,38,87,144,267,0,17195,15990,103,237,318,0,2558,27402,3331,189,715,779,4503,123,389,89,335,818,173,53,17,122,41,14,2020-09-29 20:07:26.759752
1569,3509,7264,5931,5446,4244,2671,1638,1220,17,27,33,178,209,303,425,507,507,408,1,0,0,2,4,13,38,89,144,269,0,17312,16087,107,239,320,0,2598,27593,3318,163,720,636,4480,124,389,102,335,802,170,48,14,127,43,14,2020-09-30 20:20:01.899736
1585,3536,7346,6005,5487,4298,2701,1649,1238,17,27,33,178,211,304,426,513,507,413,1,0,0,2,4,14,38,89,144,269,0,17495,16252,112,239,321,0,2613,27830,3419,178,721,651,4478,127,389,111,335,819,179,49,18,132,37,17,2020-10-01 21:22:35.708390
1601,3574,7414,6061,5535,4336,2719,1656,1245,22,27,33,178,211,306,428,513,506,414,2,0,0,2,4,14,38,89,144,272,0,17649,16391,120,240,323,0,2618,28062,3483,172,724,665,4481,129,395,103,336,810,176,48,17,130,36,16,2020-10-02 20:25:59.732091
1601,3574,7414,6061,5535,4336,2719,1656,1245,22,27,33,178,211,306,428,513,506,414,2,0,0,2,4,14,38,89,144,272,0,17649,16391,120,240,323,0,2618,28062,3483,172,724,665,4481,129,395,103,336,810,176,48,17,130,36,16,2020-10-03 20:35:49.913690
1601,3574,7414,6061,5535,4336,2719,1656,1245,22,27,33,178,211,306,428,513,506,414,2,0,0,2,4,14,38,89,144,272,0,17649,16391,120,240,323,0,2618,28062,3483,172,724,665,4481,129,395,103,336,810,176,48,17,130,36,16,2020-10-04 20:10:17.606134
