# Cases Race/Ethnicity: Hispanic,# Cases Race/Ethnicity: Non-Hispanic American Indian or Alaska Native,# Cases Race/Ethnicity: Non-Hispanic Asian,# Cases Race/Ethnicity: Non-Hispanic Black,# Cases Race/Ethnicity: Non-Hispanic Multiracial,# Cases Race/Ethnicity: Non-Hispanic Native Hawaiian or Other Pacific Islander,# Cases Race/Ethnicity: Non-Hispanic Other Race,# Cases Race/Ethnicity: Non-Hispanic White,# Cases Race/Ethnicity: Unknown,# Deaths Race/Ethnicity: Hispanic,# Deaths Race/Ethnicity: Non-Hispanic American Indian or Alaska Native,# Deaths Race/Ethnicity: Non-Hispanic Asian,# Deaths Race/Ethnicity: Non-Hispanic Black,# Deaths Race/Ethnicity: Non-Hispanic Multiracial,# Deaths Race/Ethnicity: Non-Hispanic Native Hawaiian or Other Pacific Islander,# Deaths Race/Ethnicity: Non-Hispanic Other Race,# Deaths Race/Ethnicity: Non-Hispanic White,# Deaths Race/Ethnicity: Unknown,# Hospitalized Race/Ethnicity: Hispanic,# Hospitalized Race/Ethnicity: Non-Hispanic American Indian or Alaska Native,# Hospitalized Race/Ethnicity: Non-Hispanic Asian,# Hospitalized Race/Ethnicity: Non-Hispanic Black,# Hospitalized Race/Ethnicity: Non-Hispanic Multiracial,# Hospitalized Race/Ethnicity: Non-Hispanic Native Hawaiian or Other Pacific Islander,# Hospitalized Race/Ethnicity: Non-Hispanic Other Race,# Hospitalized Race/Ethnicity: Non-Hispanic White,# Hospitalized Race/Ethnicity: Unknown,% Cases Age [0-19],% Cases Age [20-39],% Cases Age [40-59],% Cases Age [60-79],% Cases Age [80+],% Cases Age [Unknown],% Cases Race/Ethnicity: Hispanic,% Cases Race/Ethnicity: Non-Hispanic American Indian or Alaska Native,% Cases Race/Ethnicity: Non-Hispanic Asian,% Cases Race/Ethnicity: Non-Hispanic Black,% Cases Race/Ethnicity: Non-Hispanic Multiracial,% Cases Race/Ethnicity: Non-Hispanic Native Hawaiian or Other Pacific Islander,% Cases Race/Ethnicity: Non-Hispanic Other Race,% Cases Race/Ethnicity: Non-Hispanic White,% Cases Race/Ethnicity: Unknown,% Deaths Age [0-19],% Deaths Age [20-39],% Deaths Age [40-59],% Deaths Age [60-79],% Deaths Age [80+],% Deaths Age [Unknown],% Deaths Race/Ethnicity: Hispanic,% Deaths Race/Ethnicity: Non-Hispanic American Indian or Alaska Native,% Deaths Race/Ethnicity: Non-Hispanic Asian,% Deaths Race/Ethnicity: Non-Hispanic Black,% Deaths Race/Ethnicity: Non-Hispanic Multiracial,% Deaths Race/Ethnicity: Non-Hispanic Native Hawaiian or Other Pacific Islander,% Deaths Race/Ethnicity: Non-Hispanic Other Race,% Deaths Race/Ethnicity: Non-Hispanic White,% Deaths Race/Ethnicity: Unknown,% Hospitalized Age [0-19],% Hospitalized Age [20-39],% Hospitalized Age [40-59],% Hospitalized Age [60-79],% Hospitalized Age [80+],% Hospitalized Age [Unknown],% Hospitalized Race/Ethnicity: Hispanic,% Hospitalized Race/Ethnicity: Non-Hispanic American Indian or Alaska Native,% Hospitalized Race/Ethnicity: Non-Hispanic Asian,% Hospitalized Race/Ethnicity: Non-Hispanic Black,% Hospitalized Race/Ethnicity: Non-Hispanic Multiracial,% Hospitalized Race/Ethnicity: Non-Hispanic Native Hawaiian or Other Pacific Islander,% Hospitalized Race/Ethnicity: Non-Hispanic Other Race,% Hospitalized Race/Ethnicity: Non-Hispanic White,% Hospitalized Race/Ethnicity: Unknown,% Total Cases: Female,% Total Cases: Male,% Total Cases: Unknown Sex,% Total Deaths: Female,% Total Deaths: Male,% Total Deaths: Unknown Sex,% Total Hospitalized: Female,% Total Hospitalized: Male,% Total Hospitalized: Unknown Sex,Scrape_Time
18447,715,2118,2494,1083,1130,958,16086,22308,232,39,134,58,21,29,36,1150,37,1303,80,305,258,69,147,98,2078,1844,13,39,29,14,5,0,43,2,5,6,3,3,2,37,34,0,1,10,38,51,0,14,2,8,3,1,2,2,68,2,2,13,29,37,19,0,30,2,7,6,2,3,2,48,30,49,46,4,45,54,1,45,53,2,2020-08-14 10:27:56.573804
18528,720,2131,2526,1095,1137,966,16244,22792,239,39,134,58,20,29,36,1169,31,1308,82,305,263,69,147,99,2086,1847,13,39,29,14,5,0,43,2,5,6,3,3,2,37,34,0,1,10,38,51,0,14,2,8,3,1,2,2,68,2,1,13,29,37,19,0,30,2,7,6,2,3,2,48,30,49,46,4,45,54,1,45,53,2,2020-08-14 20:11:24.918583
19757,753,2232,2653,1232,1161,1016,17304,20777,240,40,135,58,20,29,36,1174,34,1338,84,310,271,78,146,100,2121,1782,13,39,29,14,5,0,43,2,5,6,3,3,2,38,31,0,1,10,38,51,0,14,2,8,3,1,2,2,68,2,1,13,29,37,19,0,30,2,7,6,2,3,2,48,29,49,46,4,45,54,1,45,53,2,2020-08-15 20:12:09.859914
19869,758,2236,2670,1238,1164,1021,17400,21105,244,40,137,58,20,29,36,1178,39,1339,84,311,272,78,147,100,2129,1795,13,39,29,14,5,0,43,2,5,6,3,3,2,38,31,0,1,10,38,51,0,14,2,8,3,1,2,2,68,2,2,13,29,37,19,0,30,2,7,6,2,3,2,48,29,49,46,4,45,54,1,45,53,2,2020-08-16 20:20:46.512562
20057,765,2268,2705,1251,1170,1028,17578,20899,244,40,137,58,20,29,36,1179,42,1354,84,313,275,80,148,103,2148,1791,13,39,29,14,5,0,43,2,5,6,3,2,2,38,31,0,1,10,38,51,0,14,2,8,3,1,2,2,68,2,2,13,29,37,19,0,30,2,7,6,2,3,2,48,28,49,46,4,45,54,1,45,53,2,2020-08-17 19:55:46.644242
20227,770,2294,2745,1262,1178,1032,17733,21023,248,44,137,58,20,29,36,1192,45,1359,86,315,278,81,153,103,2164,1819,13,39,29,14,5,0,43,2,5,6,3,2,2,38,31,0,1,10,38,51,0,14,2,8,3,1,2,2,68,2,2,14,29,37,19,0,30,2,7,6,2,3,2,48,29,49,46,4,45,54,1,45,53,2,2020-08-18 20:03:34.714878
20227,770,2294,2745,1262,1178,1032,17733,21023,248,44,137,58,20,29,36,1192,45,1359,86,315,278,81,153,103,2164,1819,13,39,29,14,5,0,43,2,5,6,3,2,2,38,31,0,1,10,38,51,0,14,2,8,3,1,2,2,68,2,2,14,29,37,19,0,30,2,7,6,2,3,2,48,29,49,46,4,45,54,1,45,53,2,2020-08-19 20:17:53.274161
20561,779,2336,2817,1269,1199,1040,18060,21328,254,45,139,58,21,29,37,1217,37,1371,86,319,283,81,158,105,2191,1806,13,39,29,14,5,0,43,2,5,6,3,2,2,38,31,0,1,10,38,51,0,14,2,8,3,1,2,2,68,2,2,14,29,37,19,0,30,2,7,6,2,3,2,48,28,49,46,4,45,54,1,45,53,2,2020-08-20 20:19:10.870827
20690,785,2368,2861,1277,1215,1046,18286,21251,254,45,139,59,21,30,37,1231,34,1374,86,319,285,80,159,105,2207,1854,13,39,29,14,5,0,43,2,5,6,3,3,2,38,30,0,1,10,38,51,0,14,2,8,3,1,2,2,68,2,2,14,29,37,19,0,30,2,7,6,2,3,2,48,29,49,46,4,45,54,1,45,53,2,2020-08-21 22:06:38.556211
20690,785,2368,2861,1277,1215,1046,18286,21251,254,45,139,59,21,30,37,1231,34,1374,86,319,285,80,159,105,2207,1854,13,39,29,14,5,0,43,2,5,6,3,3,2,38,30,0,1,10,38,51,0,14,2,8,3,1,2,2,68,2,2,14,29,37,19,0,30,2,7,6,2,3,2,48,29,49,46,4,45,54,1,45,53,2,2020-08-22 19:18:32.286572
21094,812,2402,2923,1295,1231,1065,18611,21579,255,47,140,60,21,31,38,1239,32,1402,90,320,290,82,159,105,2231,1851,13,39,29,14,5,0,43,2,5,6,3,2,2,38,30,0,1,10,38,51,0,14,3,8,3,1,2,2,68,2,2,14,29,37,19,0,30,2,7,6,2,3,2,48,28,49,46,4,45,53,1,45,53,2,2020-08-23 20:13:33.216038
21208,819,2408,2949,1304,1237,1073,18700,21673,258,47,140,60,22,31,38,1240,31,1405,90,320,291,83,160,106,2238,1849,13,39,29,14,5,0,43,2,5,6,3,2,2,38,30,0,1,10,38,51,0,14,3,8,3,1,2,2,68,2,1,14,29,37,19,0,30,2,7,6,2,3,2,48,28,49,46,4,45,53,1,45,53,2,2020-08-24 19:19:00.749510
21332,822,2427,2974,1312,1240,1074,18820,21704,261,48,141,60,22,30,38,1250,26,1417,91,320,293,84,163,108,2250,1869,13,39,29,14,5,0,43,2,5,6,3,2,2,38,30,0,1,10,38,51,0,14,3,8,3,1,2,2,68,1,1,14,29,37,19,0,30,2,7,6,2,3,2,48,28,49,46,4,45,53,1,45,53,2,2020-08-25 20:16:26.099402
21525,829,2442,2993,1321,1252,1084,18955,21760,261,47,143,61,22,30,38,1253,25,1429,91,323,293,85,164,108,2260,1887,13,39,29,14,5,0,43,2,5,6,3,2,2,38,30,0,1,10,38,51,0,14,3,8,3,1,2,2,68,1,1,14,29,37,19,0,30,2,7,6,2,3,2,48,28,49,46,4,45,54,1,45,53,2,2020-08-26 20:20:48.451456
21658,834,2457,3005,1324,1262,1087,19100,21976,263,47,144,61,22,30,39,1256,28,1437,91,327,295,85,168,109,2276,1886,13,40,29,14,5,0,43,2,5,6,3,2,2,38,30,0,1,10,38,51,0,14,3,8,3,1,2,2,67,1,1,14,29,37,19,0,30,2,7,6,2,4,2,48,28,49,46,4,45,53,1,45,53,2,2020-08-27 20:10:36.942652
21830,826,2485,3047,1330,1273,1087,19266,22157,265,48,144,63,22,30,39,1264,30,1449,93,332,296,85,168,108,2285,1863,13,40,29,14,5,0,43,2,5,6,3,2,2,38,30,0,2,10,38,51,0,14,3,8,3,1,2,2,67,2,1,14,29,37,19,0,30,2,7,6,2,3,2,47,28,49,46,4,45,53,1,45,53,2,2020-08-28 20:02:20.132076
21981,831,2496,3056,1340,1281,1090,19496,22308,265,48,144,63,22,30,39,1264,30,1454,95,332,298,86,169,108,2287,1894,13,40,29,14,5,0,43,2,5,6,3,2,2,38,30,0,2,10,38,51,0,14,3,8,3,1,2,2,67,2,2,14,29,37,19,0,30,2,7,6,2,3,2,47,28,49,46,4,45,53,1,45,53,2,2020-08-29 20:04:43.464731
22059,831,2502,3063,1344,1290,1092,19582,22557,265,48,144,63,22,30,39,1264,30,1454,95,332,298,86,169,108,2289,1909,13,40,29,14,5,0,43,2,5,6,3,2,2,38,30,0,2,10,38,51,0,14,3,8,3,1,2,2,67,2,2,14,29,37,19,0,30,2,7,6,2,3,2,47,28,49,46,4,45,53,1,45,53,2,2020-08-30 19:56:33.937666
22165,833,2524,3099,1351,1301,1095,19708,22559,267,49,145,63,22,30,39,1272,28,1463,96,332,298,87,171,108,2295,1913,13,40,29,14,5,0,43,2,5,6,3,2,2,38,30,0,2,10,38,51,0,14,3,8,3,1,2,2,67,1,2,14,29,37,19,0,30,2,7,6,2,4,2,47,28,49,46,4,45,53,1,45,53,2,2020-08-31 21:26:08.654098
22220,835,2546,3124,1359,1308,1101,19844,22602,268,51,145,64,22,30,39,1280,32,1473,96,332,299,87,172,109,2306,1913,13,40,29,14,5,0,42,2,5,6,3,2,2,38,30,0,2,10,38,51,0,14,3,8,3,1,2,2,67,2,2,14,29,37,19,0,30,2,7,6,2,4,2,47,28,49,46,4,45,53,2,45,53,2,2020-09-01 20:08:32.266575
22318,838,2560,3136,1368,1318,1108,19966,22765,269,51,145,64,22,30,39,1284,31,1477,96,332,299,89,174,110,2321,1897,13,40,29,14,5,0,42,2,5,6,3,3,2,38,30,0,1,10,38,51,0,14,3,8,3,1,2,2,67,2,2,14,29,37,19,0,30,2,7,6,2,4,2,47,28,49,46,4,45,53,2,45,53,2,2020-09-02 20:11:21.969261
22389,847,2570,3141,1370,1323,1110,20069,23037,274,51,146,64,22,31,39,1289,29,1484,97,334,299,89,174,110,2325,1922,13,40,29,14,4,0,42,2,5,6,3,3,2,38,30,0,1,10,38,51,0,14,3,8,3,1,2,2,67,1,2,14,29,37,19,0,30,2,7,6,2,4,2,47,28,49,46,4,45,53,2,45,53,2,2020-09-03 21:03:45.840330
22489,867,2577,3154,1382,1356,1113,20162,23235,275,51,146,65,22,31,39,1296,28,1490,98,338,295,89,174,109,2325,1930,13,40,29,14,4,0,42,2,5,6,3,3,2,38,30,0,1,10,38,51,0,14,3,8,3,1,2,2,67,1,2,14,29,37,19,0,30,2,7,6,2,4,2,47,28,49,46,4,45,53,2,45,53,2,2020-09-04 21:05:42.242702
22632,896,2601,3162,1403,1389,1121,20278,23354,275,51,146,65,22,31,39,1296,28,1498,100,338,292,89,172,110,2323,1920,13,40,29,14,4,0,42,2,5,6,3,3,2,38,30,0,1,10,38,51,0,14,3,8,3,1,2,2,67,1,2,14,28,37,19,0,30,2,7,6,2,3,2,47,28,49,46,4,45,53,2,45,53,2,2020-09-05 20:16:46.726308
22728,910,2618,3175,1411,1424,1128,20338,23503,275,51,146,65,22,31,39,1296,28,1499,101,341,294,88,172,110,2324,1931,14,40,29,14,4,0,42,2,5,6,3,3,2,38,30,0,1,10,38,51,0,14,3,8,3,1,2,2,67,1,2,14,28,37,19,0,30,2,7,6,2,3,2,47,28,49,46,4,45,53,2,45,53,2,2020-09-06 20:16:09.279020
22785,912,2620,3179,1411,1427,1128,20396,23687,275,51,146,65,22,31,39,1296,28,1503,103,345,298,88,180,111,2338,1947,14,40,29,13,4,0,42,2,5,6,3,3,2,38,31,0,1,10,38,51,0,14,3,8,3,1,2,2,67,1,2,14,29,37,19,0,30,2,7,6,2,4,2,47,28,49,46,4,45,53,2,45,53,2,2020-09-07 20:36:59.799046
22785,912,2620,3179,1411,1427,1128,20396,23687,275,51,146,65,22,31,39,1296,28,1503,103,345,298,88,180,111,2338,1947,14,40,29,13,4,0,42,2,5,6,3,3,2,38,31,0,1,10,38,51,0,14,3,8,3,1,2,2,67,1,2,14,29,37,19,0,30,2,7,6,2,4,2,47,28,49,46,4,45,53,2,45,53,2,2020-09-08 20:11:38.255343
22890,924,2635,3191,1417,1455,1131,20520,23846,282,52,146,65,22,32,40,1314,25,1510,104,346,299,88,182,113,2359,1965,14,40,29,14,4,0,42,2,5,6,3,3,2,38,31,0,2,9,38,51,0,14,3,7,3,1,2,2,67,1,2,14,29,37,19,0,30,2,7,6,2,4,2,47,28,49,46,4,45,53,2,45,53,2,2020-09-09 20:12:24.011432
22960,887,2656,3209,1419,1373,1127,20710,24126,281,52,147,66,22,32,40,1322,23,1517,98,342,293,88,179,113,2354,2009,14,40,29,13,4,0,42,2,5,6,3,3,2,38,31,0,2,9,38,51,0,14,3,7,3,1,2,2,67,1,2,14,29,37,19,0,30,2,7,6,2,4,2,47,29,49,46,4,45,53,2,45,53,2,2020-09-10 20:38:26.725246
23123,893,2688,3245,1435,1390,1140,20947,24150,283,53,149,66,22,32,40,1325,21,1527,99,343,295,89,180,112,2361,2012,14,40,29,13,4,0,42,2,5,6,3,3,2,38,31,0,2,9,38,51,0,14,3,8,3,1,2,2,67,1,2,14,29,37,19,0,31,2,7,6,2,4,2,47,29,49,46,4,46,53,2,45,53,2,2020-09-11 20:35:23.134211
23194,905,2698,3264,1449,1396,1143,21106,24321,283,53,149,66,22,32,40,1325,21,1531,101,343,298,89,182,112,2372,2020,14,40,29,13,4,0,42,2,5,6,3,3,2,38,31,0,2,9,38,51,0,14,3,8,3,1,2,2,67,1,2,14,29,37,19,0,30,2,7,6,2,4,2,47,29,49,46,4,46,53,2,45,53,2,2020-09-12 20:17:46.112021
23269,910,2710,3279,1459,1402,1142,21221,24434,283,53,149,66,22,32,40,1325,21,1531,102,344,301,89,182,112,2378,2042,14,40,29,13,4,0,42,2,5,6,3,3,2,38,31,0,2,9,38,51,0,14,3,8,3,1,2,2,67,1,2,14,29,37,19,0,30,2,7,6,2,4,2,47,29,49,46,4,46,53,2,45,53,2,2020-09-13 20:16:57.745598
23293,911,2717,3282,1461,1405,1144,21265,24660,282,52,149,66,23,32,40,1331,31,1533,102,345,301,89,184,112,2379,2053,14,40,29,13,4,0,42,2,5,6,3,3,2,38,31,0,1,9,38,51,0,14,3,8,3,1,2,2,67,2,2,14,29,37,19,0,30,2,7,6,2,4,2,47,29,49,46,4,45,53,2,45,53,2,2020-09-14 20:15:22.060310
23369,923,2729,3296,1465,1411,1146,21388,24738,284,52,150,67,23,32,40,1338,29,1537,106,346,304,89,185,113,2392,2055,14,40,28,13,4,0,42,2,5,6,3,3,2,38,31,0,1,9,38,51,0,14,3,8,3,1,2,2,67,1,2,14,29,37,19,0,30,2,7,6,2,4,2,47,29,49,46,4,45,53,2,45,53,2,2020-09-16 09:51:49.383191
23442,931,2742,3320,1476,1420,1148,21483,24850,284,52,150,67,23,32,40,1338,29,NA,NA,NA,NA,NA,NA,NA,NA,NA,14,40,28,13,4,0,42,2,5,6,3,3,2,38,31,0,1,9,38,51,0,14,3,8,3,1,2,2,67,1,2,14,29,37,19,0,NA,NA,NA,NA,NA,NA,NA,NA,NA,49,46,4,45,53,2,45,53,2,2020-09-16 20:38:07.504375
23514,941,2748,3326,1477,1425,1150,21588,25029,287,53,150,68,23,32,40,1350,28,1546,108,346,307,89,188,113,2412,2087,14,40,28,13,4,0,42,2,5,6,3,3,2,38,31,0,2,9,38,51,0,14,3,7,3,1,2,2,67,1,2,14,29,37,19,0,30,2,7,6,2,4,2,47,29,49,46,4,45,53,2,45,53,2,2020-09-17 20:28:12.675169
23564,943,2758,3336,1480,1429,1149,21694,25249,288,53,151,68,23,32,40,1357,25,1551,109,348,307,89,189,114,2422,2086,14,40,28,13,4,0,42,2,5,6,3,3,2,38,31,0,1,9,38,51,0,14,3,8,3,1,2,2,67,1,2,14,29,37,19,0,30,2,7,6,2,4,2,47,29,49,47,4,45,53,2,45,53,2,2020-09-18 20:15:21.162128
23644,939,2768,3350,1487,1414,1154,21838,25605,288,53,151,68,23,32,40,1357,25,1552,107,344,308,90,190,114,2425,2118,14,40,28,13,4,0,42,2,5,6,3,2,2,39,31,0,1,9,38,51,0,14,3,8,3,1,2,2,67,1,2,14,29,37,19,0,30,2,7,6,2,4,2,47,29,49,46,4,45,53,2,45,53,2,2020-09-19 21:07:22.595275
23739,941,2776,3360,1495,1419,1156,21944,25718,288,53,151,68,23,32,40,1357,25,1554,107,344,308,90,192,114,2427,2126,14,40,28,13,4,0,42,2,5,6,3,2,2,39,31,0,1,9,38,51,0,14,3,8,3,1,2,2,67,1,2,14,29,37,19,0,30,2,7,6,2,4,2,47,29,49,46,4,45,53,2,45,53,2,2020-09-20 19:42:08.797471
23739,941,2776,3360,1495,1419,1156,21944,25718,288,53,151,68,23,32,40,1357,25,1554,107,344,308,90,192,114,2427,2126,14,40,28,13,4,0,42,2,5,6,3,2,2,39,31,0,1,9,38,51,0,14,3,8,3,1,2,2,67,1,2,14,29,37,19,0,30,2,7,6,2,4,2,47,29,49,46,4,45,53,2,45,53,2,2020-09-21 20:53:14.738429
23739,941,2776,3360,1495,1419,1156,21944,25718,288,53,151,68,23,32,40,1357,25,1554,107,344,308,90,192,114,2427,2126,14,40,28,13,4,0,42,2,5,6,3,2,2,39,31,0,1,9,38,51,0,14,3,8,3,1,2,2,67,1,2,14,29,37,19,0,30,2,7,6,2,4,2,47,29,49,46,4,45,53,2,45,53,2,2020-09-22 20:32:44.078076
23950,961,2821,3419,1503,1442,1160,22399,26047,293,53,153,68,23,32,40,1386,33,1566,111,352,315,90,197,115,2466,2137,14,40,28,13,4,0,42,2,5,6,3,3,2,39,31,0,2,9,38,51,0,14,3,7,3,1,2,2,68,2,2,14,29,37,19,0,30,2,7,6,2,4,2,47,29,49,46,4,45,53,2,45,53,2,2020-09-23 20:16:25.574965
24066,975,2843,3435,1505,1449,1165,22554,26246,293,53,153,68,23,34,40,1386,30,1573,112,352,316,91,197,115,2474,2127,14,40,28,13,4,0,41,2,5,6,3,2,2,39,31,0,2,9,38,51,0,14,3,7,3,1,2,2,68,1,2,14,29,37,19,0,30,2,7,6,2,4,2,47,29,49,46,4,45,53,2,45,53,2,2020-09-24 20:20:09.717370
24066,975,2843,3435,1505,1449,1165,22554,26246,293,53,153,68,23,34,40,1386,30,1573,112,352,316,91,197,115,2474,2127,14,40,28,13,4,0,41,2,5,6,3,2,2,39,31,0,2,9,38,51,0,14,3,7,3,1,2,2,68,1,2,14,29,37,19,0,30,2,7,6,2,4,2,47,29,49,46,4,45,53,2,45,53,2,2020-09-25 20:25:04.982694
24244,984,2875,3465,1527,1456,1168,22902,27209,289,53,152,66,23,32,40,1440,5,1573,112,352,321,91,197,115,2494,2176,14,40,28,13,4,0,41,2,5,6,3,2,2,39,32,0,2,9,38,51,0,14,3,7,3,1,2,2,69,0,2,14,29,37,19,0,30,2,7,6,2,4,2,47,29,49,46,4,45,53,2,45,53,2,2020-09-26 20:46:30.868608
24325,984,2892,3474,1532,1459,1170,23023,27410,289,53,152,66,23,32,40,1440,5,1576,112,352,321,91,197,116,2499,2191,14,40,28,13,4,0,41,2,5,6,3,2,2,39,32,0,2,9,38,51,0,14,3,7,3,1,2,2,69,0,2,14,29,37,19,0,30,2,7,6,2,4,2,47,29,49,46,4,45,53,2,45,53,2,2020-09-27 20:08:26.799835
24325,984,2892,3474,1532,1459,1170,23023,27410,289,53,152,66,23,32,40,1440,5,1576,112,352,321,91,197,116,2499,2191,14,40,28,13,4,0,41,2,5,6,3,2,2,39,32,0,2,9,38,51,0,14,3,7,3,1,2,2,69,0,2,14,29,37,19,0,30,2,7,6,2,4,2,47,29,49,46,4,45,53,2,45,53,2,2020-09-28 20:19:54.873657
24497,987,2916,3499,1543,1472,1170,23276,27682,294,54,156,68,23,34,40,1412,43,1582,112,356,323,92,199,116,2522,2181,14,40,28,13,4,0,41,2,5,6,3,2,2,39,32,0,2,9,38,51,0,14,3,7,3,1,2,2,68,2,2,14,29,37,19,0,30,2,7,6,2,4,2,48,29,49,46,4,45,53,2,45,53,2,2020-09-29 20:08:21.362328
24577,995,2920,3513,1550,1474,1173,23396,27924,295,55,157,69,23,34,40,1414,39,1587,112,356,323,92,199,116,2533,2215,14,40,28,13,4,0,41,2,5,6,3,2,2,39,32,0,2,9,38,51,0,14,3,8,3,1,2,2,68,2,2,14,29,37,19,0,30,2,7,6,2,4,2,48,29,49,46,4,45,53,2,45,53,2,2020-09-30 20:20:57.492803
24647,999,2940,3529,1557,1479,1175,23556,28234,302,56,158,69,23,34,40,1422,28,1586,112,358,324,92,198,118,2549,2236,14,40,28,13,4,0,41,2,5,6,3,2,2,39,32,0,2,9,38,51,0,14,3,8,3,1,2,2,68,1,2,14,29,37,19,0,30,2,7,6,2,4,2,48,30,49,46,4,45,53,2,45,53,2,2020-10-01 21:23:29.910382
24776,1003,2962,3557,1567,1488,1187,23747,28523,302,56,158,69,24,34,40,1427,33,1590,113,359,325,92,198,120,2561,2228,14,40,28,13,4,0,41,2,5,6,3,2,2,39,32,0,1,9,38,51,0,14,3,7,3,1,2,2,68,2,2,14,29,37,19,0,30,2,7,6,2,4,2,48,29,49,47,4,45,53,2,45,53,2,2020-10-02 20:34:20.826897
24843,1004,2985,3567,1578,1489,1189,23880,28884,301,56,158,69,24,34,40,1427,33,1593,113,359,325,94,198,119,2569,2241,14,40,28,13,4,0,41,2,5,6,3,2,2,39,32,0,1,9,39,51,0,14,3,7,3,1,2,2,68,2,2,14,29,37,19,0,30,2,7,6,2,4,2,48,29,49,47,4,45,53,2,45,53,2,2020-10-03 20:36:45.029728
24900,1007,3003,3584,1582,1494,1192,23997,29115,301,56,158,69,24,34,40,1427,33,1594,113,359,325,95,198,121,2576,2247,14,40,28,13,4,0,41,2,5,6,3,2,2,39,32,0,1,9,39,51,0,14,3,7,3,1,2,2,68,2,2,14,29,37,19,0,30,2,7,6,2,4,2,48,29,49,47,4,45,53,2,45,53,2,2020-10-04 20:11:14.592733
25048,1007,3020,3615,1598,1507,1196,24234,29051,304,56,158,70,24,34,40,1442,30,1598,113,360,327,96,198,121,2580,2229,14,40,28,13,4,0,41,2,5,6,3,2,2,40,32,0,2,9,38,51,0,14,3,7,3,1,2,2,68,1,2,14,29,37,19,0,30,2,7,6,2,4,2,48,29,49,47,4,45,53,2,45,53,2,2020-10-05 20:12:52.045013
25153,1011,3048,3627,1606,1511,1198,24438,29071,306,56,158,70,24,35,40,1445,31,1605,114,363,329,96,198,122,2591,2255,14,40,28,13,4,0,41,2,5,6,3,2,2,40,32,0,1,9,38,51,0,14,3,7,3,1,2,2,68,1,2,14,29,37,19,0,30,2,7,6,2,4,2,48,29,49,47,4,45,53,2,45,53,2,2020-10-06 20:16:40.673602
25229,1013,3062,3632,1615,1513,1200,24603,29341,308,56,158,70,24,35,40,1452,34,1606,114,366,330,96,200,122,2604,2265,14,40,28,13,4,0,41,2,5,6,3,2,2,40,32,0,2,9,38,51,0,14,3,7,3,1,2,2,68,2,2,14,29,37,19,0,30,2,7,6,2,4,2,48,29,49,47,4,45,53,2,45,53,2,2020-10-07 20:28:20.271830
25270,1020,3077,3644,1616,1513,1205,24719,29854,308,56,159,71,24,36,40,1457,32,1609,114,365,332,97,200,122,2615,2279,14,40,28,13,4,0,41,2,5,6,3,2,2,40,32,0,2,9,38,51,0,14,3,7,3,1,2,2,68,1,2,14,29,37,18,0,30,2,7,6,2,4,2,48,29,49,47,4,45,53,2,45,53,2,2020-10-08 20:23:39.992560
25365,1026,3101,3670,1623,1515,1210,24981,30069,309,56,159,71,25,36,40,1465,29,1616,114,366,334,97,200,123,2625,2287,14,40,28,13,4,0,41,2,5,6,3,2,2,40,32,0,2,9,38,51,0,14,3,7,3,1,2,2,68,1,2,14,29,37,18,0,30,2,7,6,2,4,2,48,29,49,47,4,45,53,2,45,53,2,2020-10-09 20:13:21.871839
25501,1033,3130,3687,1635,1521,1216,25246,30066,309,56,159,71,25,36,40,1465,29,1617,114,369,334,97,200,123,2635,2297,14,40,28,13,4,0,40,2,5,6,3,2,2,40,32,0,2,9,38,51,0,14,3,7,3,1,2,2,68,1,2,14,29,37,19,0,29,2,7,6,2,4,2,48,30,49,47,4,45,53,2,45,53,2,2020-10-11 01:52:43.328058
25501,1033,3130,3687,1635,1521,1216,25246,30066,309,56,159,71,25,36,40,1465,29,1617,114,369,334,97,200,123,2635,2297,14,40,28,13,4,0,40,2,5,6,3,2,2,40,32,0,2,9,38,51,0,14,3,7,3,1,2,2,68,1,2,14,29,37,19,0,29,2,7,6,2,4,2,48,30,49,47,4,45,53,2,45,53,2,2020-10-11 20:17:43.812188
25501,1033,3130,3687,1635,1521,1216,25246,30066,309,56,159,71,25,36,40,1465,29,1617,114,369,334,97,200,123,2635,2297,14,40,28,13,4,0,40,2,5,6,3,2,2,40,32,0,2,9,38,51,0,14,3,7,3,1,2,2,68,1,2,14,29,37,19,0,29,2,7,6,2,4,2,48,30,49,47,4,45,53,2,45,53,2,2020-10-12 20:17:10.799298
25501,1033,3130,3687,1635,1521,1216,25246,30066,309,56,159,71,25,36,40,1465,29,1617,114,369,334,97,200,123,2635,2297,14,40,28,13,4,0,40,2,5,6,3,2,2,40,32,0,2,9,38,51,0,14,3,7,3,1,2,2,68,1,2,14,29,37,19,0,29,2,7,6,2,4,2,48,30,49,47,4,45,53,2,45,53,2,2020-10-13 20:05:07.285055
25837,1048,3202,3770,1656,1536,1228,25953,31279,313,56,159,71,24,36,42,1488,32,1631,118,369,338,97,206,124,2673,2327,14,40,28,13,4,0,40,2,5,6,3,2,2,40,33,0,2,9,38,51,0,14,3,7,3,1,2,2,68,1,2,14,29,37,18,0,29,2,7,6,2,4,2,48,30,49,47,4,45,53,2,45,53,2,2020-10-14 20:12:57.175737
25981,1060,3232,3782,1665,1546,1229,26319,31371,316,56,160,71,24,37,42,1495,31,1637,118,372,339,96,206,126,2695,2367,14,40,28,13,4,0,40,2,5,6,3,2,2,41,33,0,2,9,38,51,0,14,3,7,3,1,2,2,68,1,2,14,29,37,18,0,29,2,7,6,2,4,2,48,30,49,47,4,45,53,2,45,53,2,2020-10-15 21:47:47.928610
26031,1062,3244,3795,1668,1549,1231,26481,31833,316,56,161,71,24,37,42,1504,28,1638,119,373,339,97,206,126,2704,2369,14,40,28,13,4,0,40,2,5,6,3,2,2,41,33,0,2,9,38,51,0,14,3,7,3,1,2,2,68,1,2,14,29,37,18,0,29,2,7,6,2,4,2,48,30,49,47,4,45,53,2,45,53,2,2020-10-16 20:48:12.637237
26179,1068,3272,3821,1678,1556,1239,26749,32109,316,56,161,71,24,37,42,1504,28,1643,120,373,339,97,206,127,2712,2377,14,40,28,13,4,0,40,2,5,6,3,2,2,41,33,0,2,9,38,51,0,14,3,7,3,1,2,2,68,1,2,14,29,37,19,0,29,2,7,6,2,4,2,48,30,49,47,4,45,53,2,45,53,2,2020-10-17 20:16:35.966049
26289,1073,3291,3837,1688,1557,1242,26959,32265,316,56,161,71,24,37,42,1504,28,1644,121,373,339,97,206,127,2724,2387,15,40,28,13,4,0,40,2,5,6,3,2,2,41,33,0,2,9,38,51,0,14,3,7,3,1,2,2,68,1,2,14,29,37,18,0,29,2,7,6,2,4,2,48,30,49,47,4,45,53,2,45,53,2,2020-10-18 20:10:44.551610
26370,1079,3326,3846,1703,1562,1245,27133,32397,320,57,162,70,24,37,42,1511,35,1648,121,376,337,97,207,127,2738,2426,15,40,28,13,4,0,40,2,5,6,3,2,2,41,33,0,2,9,38,51,0,14,3,7,3,1,2,2,68,2,2,14,28,37,18,0,29,2,7,6,2,4,2,48,30,49,47,4,45,53,2,45,53,2,2020-10-19 20:27:43.866183
26466,1083,3336,3872,1715,1568,1248,27364,32498,320,57,163,71,24,38,42,1527,40,1649,121,383,343,97,208,127,2763,2433,15,40,28,13,4,0,40,2,5,6,3,2,2,41,33,0,2,9,38,51,0,14,3,7,3,1,2,2,68,2,2,14,28,37,18,0,29,2,7,6,2,4,2,49,30,49,47,4,45,53,2,45,53,2,2020-10-20 20:47:10.055988
26520,1087,3351,3889,1717,1570,1250,27514,32976,320,58,164,71,26,38,42,1535,32,1651,119,382,345,97,204,129,2775,2447,15,40,28,13,4,0,40,2,5,6,3,2,2,41,33,0,2,9,38,51,0,14,3,7,3,1,2,2,68,1,2,14,28,38,18,0,29,2,7,6,2,4,2,49,30,49,47,4,45,53,2,45,53,2,2020-10-21 20:00:28.630944
26621,1089,3376,3913,1732,1574,1256,27768,33196,320,58,163,71,25,38,42,1539,33,1658,121,384,346,98,207,129,2784,2456,15,40,28,13,4,0,40,2,5,6,3,2,2,41,33,0,2,9,38,51,0,14,3,7,3,1,2,2,68,1,2,14,28,38,18,0,29,2,7,6,2,4,2,49,30,49,47,4,45,53,2,45,53,2,2020-10-22 19:17:49.351450
26756,1092,3397,3942,1745,1584,1262,28032,33535,322,58,163,71,26,38,42,1545,31,1667,122,387,347,99,209,130,2796,2474,15,40,28,13,4,0,39,2,5,6,3,2,2,41,33,0,2,9,38,51,0,14,3,7,3,1,2,2,68,1,2,14,28,38,18,0,29,2,7,6,2,4,2,49,30,49,47,4,45,53,2,45,53,2,2020-10-23 20:11:03.408474
26838,1094,3412,3949,1753,1591,1268,28242,34117,322,58,163,71,26,38,42,1545,31,1671,122,387,348,100,210,130,2808,2482,15,40,28,13,4,0,39,2,5,6,3,2,2,41,33,0,2,9,38,51,0,14,3,7,3,1,2,2,68,1,2,14,28,38,18,0,29,2,7,6,2,4,2,49,30,49,47,4,45,53,2,45,53,2,2020-10-24 20:04:46.804435
26994,1100,3441,3994,1770,1601,1277,28539,34197,322,58,163,71,26,38,42,1545,31,1674,122,387,349,100,212,129,2815,2492,15,40,28,13,4,0,39,2,5,6,3,2,2,42,33,0,2,9,38,51,0,14,3,7,3,1,2,2,68,1,2,14,28,38,18,0,29,2,7,6,2,4,2,49,30,49,47,4,45,53,2,45,53,2,2020-10-25 20:14:29.621616
27185,1101,3462,4026,1788,1611,1281,28892,34154,323,58,163,71,26,38,42,1561,39,1674,122,387,349,102,214,129,2840,2505,15,40,28,13,4,0,39,2,5,6,3,2,2,42,33,0,2,9,38,51,0,14,3,7,3,1,2,2,68,2,2,14,28,38,18,0,29,2,7,6,2,4,2,49,30,49,47,4,45,53,2,45,53,2,2020-10-26 20:09:13.687302
27344,1104,3487,4049,1798,1614,1285,29170,34176,325,58,165,71,28,39,42,1579,30,1679,122,389,351,102,215,129,2861,2510,15,40,28,13,4,0,39,2,5,6,3,2,2,42,33,0,2,9,38,51,0,14,3,7,3,1,2,2,68,1,2,14,28,38,18,0,29,2,7,6,2,4,2,49,30,49,47,4,45,53,2,45,53,2,2020-10-27 20:15:40.328432
27408,1108,3499,4063,1802,1619,1286,29290,34668,330,58,165,71,29,39,42,1590,29,1681,123,390,352,102,215,129,2868,2523,15,40,28,13,4,0,39,2,5,6,3,2,2,42,33,0,2,9,38,51,0,14,2,7,3,1,2,2,68,1,2,14,28,38,18,0,29,2,7,6,2,4,2,49,30,49,47,4,45,53,2,45,53,2,2020-10-28 20:09:42.784386
27551,1117,3526,4082,1820,1629,1293,29653,34886,328,59,165,71,28,39,42,1595,32,1684,123,393,353,102,216,129,2890,2577,15,40,28,13,4,0,39,2,5,6,3,2,2,42,33,0,2,9,38,51,0,14,3,7,3,1,2,2,69,1,2,14,28,38,18,0,29,2,7,6,2,4,2,49,30,49,47,4,45,53,2,45,53,2,2020-10-29 20:19:22.542752
27627,1125,3554,4104,1830,1631,1293,29824,35585,329,60,166,71,28,39,42,1599,32,1691,123,396,354,103,217,130,2915,2593,15,40,28,13,4,0,39,2,5,6,3,2,2,42,33,0,2,9,38,51,0,14,3,7,3,1,2,2,69,1,2,14,28,38,18,0,29,2,7,6,2,4,2,49,30,49,47,4,45,53,2,45,53,2,2020-10-30 19:50:23.569651
27730,1138,3584,4145,1841,1636,1294,30035,36098,329,60,166,71,28,39,42,1599,32,1695,122,397,355,103,217,130,2920,2632,15,40,28,13,4,0,39,2,5,6,3,2,2,42,34,0,2,9,38,51,0,14,3,7,3,1,2,2,69,1,2,14,28,38,18,0,29,2,7,6,2,4,2,49,31,49,47,4,45,53,2,45,53,2,2020-10-31 20:16:56.077998
27990,1147,3631,4210,1874,1644,1300,30520,35999,329,60,166,71,28,39,42,1599,32,1699,122,398,356,102,219,130,2938,2647,15,40,28,13,4,0,39,2,5,6,3,2,2,42,33,0,2,9,38,51,0,14,3,7,3,1,2,2,69,1,2,14,28,38,18,0,28,2,7,6,2,4,2,49,31,49,47,4,45,53,2,46,53,2,2020-11-01 20:31:07.841164
27990,1147,3631,4210,1874,1644,1300,30520,35999,329,60,166,71,28,39,42,1599,32,1699,122,398,356,102,219,130,2938,2647,15,40,28,13,4,0,39,2,5,6,3,2,2,42,33,0,2,9,38,51,0,14,3,7,3,1,2,2,69,1,2,14,28,38,18,0,28,2,7,6,2,4,2,49,31,49,47,4,45,53,2,46,53,2,2020-11-02 20:10:44.500777
28260,1155,3693,4279,1901,1665,1322,31037,36699,334,60,168,70,28,40,42,1615,43,1716,123,401,361,103,221,135,2971,2644,15,40,28,13,4,0,39,2,5,6,3,2,2,42,33,0,2,9,39,51,0,14,3,7,3,1,2,2,69,2,2,14,28,38,18,0,28,2,7,6,2,4,2,49,30,49,47,4,46,52,2,46,53,2,2020-11-03 20:27:34.629398
28461,1163,3742,4326,1923,1675,1327,31429,37434,339,61,169,72,28,41,43,1633,30,1724,124,404,363,104,222,135,3001,2658,15,40,28,13,4,0,38,2,5,6,3,2,2,42,34,0,2,9,39,51,0,14,3,7,3,1,2,2,68,1,2,14,28,38,18,0,28,2,7,6,2,4,2,49,30,49,47,4,46,52,2,45,53,2,2020-11-04 20:23:03.783068
28637,1170,3780,4375,1944,1687,1335,31837,37785,340,60,169,73,28,41,43,1644,33,1733,125,407,365,105,224,135,3019,2671,15,40,28,13,4,0,38,2,5,6,3,2,2,43,34,0,2,9,39,51,0,14,3,7,3,1,2,2,69,1,2,14,28,38,18,0,28,2,7,6,2,4,2,49,30,49,47,4,46,52,2,46,53,2,2020-11-05 21:31:53.845007
28831,1176,3810,4427,1966,1695,1362,32275,38699,344,61,169,74,30,41,43,1653,24,1738,125,409,366,105,225,135,3030,2658,15,40,28,13,4,0,38,2,5,6,3,2,2,43,34,0,2,9,39,51,0,14,3,7,3,1,2,2,68,1,2,14,28,38,18,0,28,2,7,6,2,4,2,49,30,49,47,4,46,52,2,46,53,2,2020-11-06 20:07:20.703689
