"","","Deaths by Race and Ethnicity","","","","","","","","","","","","","","","","",""
"","","Not Hispanic","","","","","","Hispanic","","","","","","Unknown Ethnicity","","","","",""
"County","Total Deaths","Black or African 
American","White","American 
Indian or 
Alaska Native","Asian","Other","Unknown","Black or African 
American","White","American 
Indian or 
Alaska Native","Asian","Other","Unknown","Black or African 
American","White","American 
Indian or 
Alaska Native","Asian","Other","Unknown"
"WINSTON","29","16","9","0","0","1","0","0","0","0","0","0","0","0","2","0","0","0","1"
"YALOBUSHA","29","8","16","0","0","0","0","0","1","0","0","0","0","1","0","0","0","0","3"
"YAZOO","41","29","9","0","0","0","0","0","0","0","0","0","0","1","1","0","0","0","1"
"Total","3949","1513","1648","70","5","19","6","7","23","1","0","16","1","205","282","21","6","33","93"
