,report_date,health_district,age_group,number_of_cases,number_of_hospitalizations,number_of_deaths
0,2020-12-09T00:00:00.000,Alexandria,0-9,420,3,0
1,2020-12-09T00:00:00.000,Alexandria,10-19,409,6,0
2,2020-12-09T00:00:00.000,Alexandria,20-29,1193,10,1
3,2020-12-09T00:00:00.000,Alexandria,30-39,1376,41,2
4,2020-12-09T00:00:00.000,Alexandria,40-49,1017,62,1
5,2020-12-09T00:00:00.000,Alexandria,50-59,717,82,14
6,2020-12-09T00:00:00.000,Alexandria,60-69,441,76,7
7,2020-12-09T00:00:00.000,Alexandria,70-79,198,62,20
8,2020-12-09T00:00:00.000,Alexandria,80+,159,46,36
9,2020-12-09T00:00:00.000,Alexandria,Missing,20,0,0
10,2020-12-09T00:00:00.000,Alleghany,0-9,145,0,0
11,2020-12-09T00:00:00.000,Alleghany,10-19,556,2,0
12,2020-12-09T00:00:00.000,Alleghany,20-29,1011,3,0
13,2020-12-09T00:00:00.000,Alleghany,30-39,984,9,0
14,2020-12-09T00:00:00.000,Alleghany,40-49,902,12,0
15,2020-12-09T00:00:00.000,Alleghany,50-59,957,22,3
16,2020-12-09T00:00:00.000,Alleghany,60-69,671,38,8
17,2020-12-09T00:00:00.000,Alleghany,70-79,479,53,36
18,2020-12-09T00:00:00.000,Alleghany,80+,419,41,50
19,2020-12-09T00:00:00.000,Alleghany,Missing,24,0,0
20,2020-12-09T00:00:00.000,Arlington,0-9,229,2,0
21,2020-12-09T00:00:00.000,Arlington,10-19,482,6,0
22,2020-12-09T00:00:00.000,Arlington,20-29,1813,28,0
23,2020-12-09T00:00:00.000,Arlington,30-39,1413,60,0
24,2020-12-09T00:00:00.000,Arlington,40-49,1078,83,10
25,2020-12-09T00:00:00.000,Arlington,50-59,865,100,9
26,2020-12-09T00:00:00.000,Arlington,60-69,553,114,23
27,2020-12-09T00:00:00.000,Arlington,70-79,295,97,39
28,2020-12-09T00:00:00.000,Arlington,80+,284,113,81
29,2020-12-09T00:00:00.000,Arlington,Missing,50,1,0
30,2020-12-09T00:00:00.000,Central Shenandoah,0-9,289,0,0
31,2020-12-09T00:00:00.000,Central Shenandoah,10-19,1760,3,0
32,2020-12-09T00:00:00.000,Central Shenandoah,20-29,2800,16,0
33,2020-12-09T00:00:00.000,Central Shenandoah,30-39,1384,16,2
34,2020-12-09T00:00:00.000,Central Shenandoah,40-49,1311,38,0
35,2020-12-09T00:00:00.000,Central Shenandoah,50-59,1374,68,7
36,2020-12-09T00:00:00.000,Central Shenandoah,60-69,1058,89,24
37,2020-12-09T00:00:00.000,Central Shenandoah,70-79,611,109,29
38,2020-12-09T00:00:00.000,Central Shenandoah,80+,477,87,53
39,2020-12-09T00:00:00.000,Central Shenandoah,Missing,29,0,0
40,2020-12-09T00:00:00.000,Central Virginia,0-9,251,0,0
41,2020-12-09T00:00:00.000,Central Virginia,10-19,982,3,0
42,2020-12-09T00:00:00.000,Central Virginia,20-29,1861,11,0
43,2020-12-09T00:00:00.000,Central Virginia,30-39,1090,23,0
44,2020-12-09T00:00:00.000,Central Virginia,40-49,1052,15,1
45,2020-12-09T00:00:00.000,Central Virginia,50-59,1161,31,6
46,2020-12-09T00:00:00.000,Central Virginia,60-69,839,58,14
47,2020-12-09T00:00:00.000,Central Virginia,70-79,554,73,23
48,2020-12-09T00:00:00.000,Central Virginia,80+,348,63,44
49,2020-12-09T00:00:00.000,Central Virginia,Missing,10,0,0
50,2020-12-09T00:00:00.000,Chesapeake,0-9,277,3,0
51,2020-12-09T00:00:00.000,Chesapeake,10-19,609,5,0
52,2020-12-09T00:00:00.000,Chesapeake,20-29,1307,15,0
53,2020-12-09T00:00:00.000,Chesapeake,30-39,1358,33,0
54,2020-12-09T00:00:00.000,Chesapeake,40-49,1084,66,1
55,2020-12-09T00:00:00.000,Chesapeake,50-59,1038,99,9
56,2020-12-09T00:00:00.000,Chesapeake,60-69,769,129,16
57,2020-12-09T00:00:00.000,Chesapeake,70-79,380,113,16
58,2020-12-09T00:00:00.000,Chesapeake,80+,256,92,44
59,2020-12-09T00:00:00.000,Chesapeake,Missing,57,1,0
60,2020-12-09T00:00:00.000,Chesterfield,0-9,476,6,0
61,2020-12-09T00:00:00.000,Chesterfield,10-19,1200,3,0
62,2020-12-09T00:00:00.000,Chesterfield,20-29,1989,26,0
63,2020-12-09T00:00:00.000,Chesterfield,30-39,2023,54,2
64,2020-12-09T00:00:00.000,Chesterfield,40-49,1864,71,5
65,2020-12-09T00:00:00.000,Chesterfield,50-59,1609,117,8
66,2020-12-09T00:00:00.000,Chesterfield,60-69,1055,126,31
67,2020-12-09T00:00:00.000,Chesterfield,70-79,564,103,51
68,2020-12-09T00:00:00.000,Chesterfield,80+,417,79,74
69,2020-12-09T00:00:00.000,Chesterfield,Missing,212,2,0
70,2020-12-09T00:00:00.000,Chickahominy,0-9,118,1,0
71,2020-12-09T00:00:00.000,Chickahominy,10-19,430,0,0
72,2020-12-09T00:00:00.000,Chickahominy,20-29,604,4,0
73,2020-12-09T00:00:00.000,Chickahominy,30-39,523,8,0
74,2020-12-09T00:00:00.000,Chickahominy,40-49,523,19,1
75,2020-12-09T00:00:00.000,Chickahominy,50-59,677,40,2
76,2020-12-09T00:00:00.000,Chickahominy,60-69,446,51,15
77,2020-12-09T00:00:00.000,Chickahominy,70-79,332,55,15
78,2020-12-09T00:00:00.000,Chickahominy,80+,213,67,43
79,2020-12-09T00:00:00.000,Chickahominy,Missing,43,0,0
80,2020-12-09T00:00:00.000,Crater,0-9,161,2,0
81,2020-12-09T00:00:00.000,Crater,10-19,430,3,0
82,2020-12-09T00:00:00.000,Crater,20-29,1063,10,0
83,2020-12-09T00:00:00.000,Crater,30-39,1167,18,1
84,2020-12-09T00:00:00.000,Crater,40-49,968,31,1
85,2020-12-09T00:00:00.000,Crater,50-59,1085,71,12
86,2020-12-09T00:00:00.000,Crater,60-69,721,95,28
87,2020-12-09T00:00:00.000,Crater,70-79,411,76,36
88,2020-12-09T00:00:00.000,Crater,80+,250,52,46
89,2020-12-09T00:00:00.000,Crater,Missing,53,0,0
90,2020-12-09T00:00:00.000,Cumberland Plateau,0-9,118,1,0
91,2020-12-09T00:00:00.000,Cumberland Plateau,10-19,363,2,0
92,2020-12-09T00:00:00.000,Cumberland Plateau,20-29,480,1,0
93,2020-12-09T00:00:00.000,Cumberland Plateau,30-39,381,4,0
94,2020-12-09T00:00:00.000,Cumberland Plateau,40-49,470,10,1
95,2020-12-09T00:00:00.000,Cumberland Plateau,50-59,543,40,2
96,2020-12-09T00:00:00.000,Cumberland Plateau,60-69,474,41,7
97,2020-12-09T00:00:00.000,Cumberland Plateau,70-79,321,39,8
98,2020-12-09T00:00:00.000,Cumberland Plateau,80+,169,39,27
99,2020-12-09T00:00:00.000,Cumberland Plateau,Missing,4,0,0
100,2020-12-09T00:00:00.000,Eastern Shore,0-9,44,2,0
101,2020-12-09T00:00:00.000,Eastern Shore,10-19,101,1,0
102,2020-12-09T00:00:00.000,Eastern Shore,20-29,255,6,0
103,2020-12-09T00:00:00.000,Eastern Shore,30-39,312,12,0
104,2020-12-09T00:00:00.000,Eastern Shore,40-49,313,15,2
105,2020-12-09T00:00:00.000,Eastern Shore,50-59,353,32,8
106,2020-12-09T00:00:00.000,Eastern Shore,60-69,251,36,8
107,2020-12-09T00:00:00.000,Eastern Shore,70-79,96,29,13
108,2020-12-09T00:00:00.000,Eastern Shore,80+,67,28,21
109,2020-12-09T00:00:00.000,Eastern Shore,Missing,6,0,0
110,2020-12-09T00:00:00.000,Fairfax,0-9,1783,40,0
111,2020-12-09T00:00:00.000,Fairfax,10-19,3327,40,0
112,2020-12-09T00:00:00.000,Fairfax,20-29,6507,136,3
113,2020-12-09T00:00:00.000,Fairfax,30-39,6529,271,9
114,2020-12-09T00:00:00.000,Fairfax,40-49,5956,402,16
115,2020-12-09T00:00:00.000,Fairfax,50-59,5320,500,49
116,2020-12-09T00:00:00.000,Fairfax,60-69,3135,497,91
117,2020-12-09T00:00:00.000,Fairfax,70-79,1326,362,134
118,2020-12-09T00:00:00.000,Fairfax,80+,1233,435,343
119,2020-12-09T00:00:00.000,Fairfax,Missing,240,7,0
120,2020-12-09T00:00:00.000,Hampton,0-9,104,0,0
121,2020-12-09T00:00:00.000,Hampton,10-19,216,1,0
122,2020-12-09T00:00:00.000,Hampton,20-29,764,7,1
123,2020-12-09T00:00:00.000,Hampton,30-39,554,9,0
124,2020-12-09T00:00:00.000,Hampton,40-49,403,19,1
125,2020-12-09T00:00:00.000,Hampton,50-59,423,30,5
126,2020-12-09T00:00:00.000,Hampton,60-69,316,32,14
127,2020-12-09T00:00:00.000,Hampton,70-79,195,32,6
128,2020-12-09T00:00:00.000,Hampton,80+,124,16,8
129,2020-12-09T00:00:00.000,Hampton,Missing,40,0,0
130,2020-12-09T00:00:00.000,Henrico,0-9,394,6,0
131,2020-12-09T00:00:00.000,Henrico,10-19,895,7,0
132,2020-12-09T00:00:00.000,Henrico,20-29,1713,28,1
133,2020-12-09T00:00:00.000,Henrico,30-39,1623,36,0
134,2020-12-09T00:00:00.000,Henrico,40-49,1392,65,5
135,2020-12-09T00:00:00.000,Henrico,50-59,1269,97,16
136,2020-12-09T00:00:00.000,Henrico,60-69,853,113,45
137,2020-12-09T00:00:00.000,Henrico,70-79,554,117,61
138,2020-12-09T00:00:00.000,Henrico,80+,663,151,137
139,2020-12-09T00:00:00.000,Henrico,Missing,84,3,1
140,2020-12-09T00:00:00.000,Lenowisco,0-9,141,0,0
141,2020-12-09T00:00:00.000,Lenowisco,10-19,308,3,0
142,2020-12-09T00:00:00.000,Lenowisco,20-29,450,1,0
143,2020-12-09T00:00:00.000,Lenowisco,30-39,495,7,1
144,2020-12-09T00:00:00.000,Lenowisco,40-49,512,14,2
145,2020-12-09T00:00:00.000,Lenowisco,50-59,505,29,7
146,2020-12-09T00:00:00.000,Lenowisco,60-69,451,39,9
147,2020-12-09T00:00:00.000,Lenowisco,70-79,367,54,31
148,2020-12-09T00:00:00.000,Lenowisco,80+,270,46,34
149,2020-12-09T00:00:00.000,Lenowisco,Missing,5,0,0
150,2020-12-09T00:00:00.000,Lord Fairfax,0-9,290,4,0
151,2020-12-09T00:00:00.000,Lord Fairfax,10-19,719,7,0
152,2020-12-09T00:00:00.000,Lord Fairfax,20-29,1235,14,0
153,2020-12-09T00:00:00.000,Lord Fairfax,30-39,1168,25,1
154,2020-12-09T00:00:00.000,Lord Fairfax,40-49,1063,38,1
155,2020-12-09T00:00:00.000,Lord Fairfax,50-59,1124,78,8
156,2020-12-09T00:00:00.000,Lord Fairfax,60-69,778,103,23
157,2020-12-09T00:00:00.000,Lord Fairfax,70-79,489,100,37
158,2020-12-09T00:00:00.000,Lord Fairfax,80+,528,98,85
159,2020-12-09T00:00:00.000,Lord Fairfax,Missing,5,0,0
160,2020-12-09T00:00:00.000,Loudoun,0-9,549,5,0
161,2020-12-09T00:00:00.000,Loudoun,10-19,1489,4,0
162,2020-12-09T00:00:00.000,Loudoun,20-29,1957,21,0
163,2020-12-09T00:00:00.000,Loudoun,30-39,1905,52,1
164,2020-12-09T00:00:00.000,Loudoun,40-49,2093,103,1
165,2020-12-09T00:00:00.000,Loudoun,50-59,1742,110,4
166,2020-12-09T00:00:00.000,Loudoun,60-69,748,110,14
167,2020-12-09T00:00:00.000,Loudoun,70-79,369,87,25
168,2020-12-09T00:00:00.000,Loudoun,80+,328,80,105
169,2020-12-09T00:00:00.000,Loudoun,Missing,90,0,1
170,2020-12-09T00:00:00.000,Mount Rogers,0-9,243,3,0
171,2020-12-09T00:00:00.000,Mount Rogers,10-19,692,2,0
172,2020-12-09T00:00:00.000,Mount Rogers,20-29,1078,4,0
173,2020-12-09T00:00:00.000,Mount Rogers,30-39,900,19,0
174,2020-12-09T00:00:00.000,Mount Rogers,40-49,1061,23,2
175,2020-12-09T00:00:00.000,Mount Rogers,50-59,1212,65,7
176,2020-12-09T00:00:00.000,Mount Rogers,60-69,1015,88,17
177,2020-12-09T00:00:00.000,Mount Rogers,70-79,767,148,52
178,2020-12-09T00:00:00.000,Mount Rogers,80+,575,133,97
179,2020-12-09T00:00:00.000,Mount Rogers,Missing,3,0,0
180,2020-12-09T00:00:00.000,New River,0-9,97,2,0
181,2020-12-09T00:00:00.000,New River,10-19,1714,0,0
182,2020-12-09T00:00:00.000,New River,20-29,2689,6,0
183,2020-12-09T00:00:00.000,New River,30-39,548,5,0
184,2020-12-09T00:00:00.000,New River,40-49,532,14,0
185,2020-12-09T00:00:00.000,New River,50-59,576,20,1
186,2020-12-09T00:00:00.000,New River,60-69,446,34,6
187,2020-12-09T00:00:00.000,New River,70-79,331,58,19
188,2020-12-09T00:00:00.000,New River,80+,283,43,37
189,2020-12-09T00:00:00.000,New River,Missing,31,0,0
190,2020-12-09T00:00:00.000,Norfolk,0-9,256,4,0
191,2020-12-09T00:00:00.000,Norfolk,10-19,587,5,0
192,2020-12-09T00:00:00.000,Norfolk,20-29,2358,25,1
193,2020-12-09T00:00:00.000,Norfolk,30-39,1230,47,2
194,2020-12-09T00:00:00.000,Norfolk,40-49,787,50,3
195,2020-12-09T00:00:00.000,Norfolk,50-59,767,87,8
196,2020-12-09T00:00:00.000,Norfolk,60-69,618,123,25
197,2020-12-09T00:00:00.000,Norfolk,70-79,291,100,26
198,2020-12-09T00:00:00.000,Norfolk,80+,155,48,33
199,2020-12-09T00:00:00.000,Norfolk,Missing,57,1,0
200,2020-12-09T00:00:00.000,Peninsula,0-9,275,1,0
201,2020-12-09T00:00:00.000,Peninsula,10-19,610,1,0
202,2020-12-09T00:00:00.000,Peninsula,20-29,1738,7,0
203,2020-12-09T00:00:00.000,Peninsula,30-39,1279,28,3
204,2020-12-09T00:00:00.000,Peninsula,40-49,1015,31,2
205,2020-12-09T00:00:00.000,Peninsula,50-59,956,52,5
206,2020-12-09T00:00:00.000,Peninsula,60-69,642,68,12
207,2020-12-09T00:00:00.000,Peninsula,70-79,388,77,34
208,2020-12-09T00:00:00.000,Peninsula,80+,238,48,41
209,2020-12-09T00:00:00.000,Peninsula,Missing,75,1,0
210,2020-12-09T00:00:00.000,Piedmont,0-9,115,1,0
211,2020-12-09T00:00:00.000,Piedmont,10-19,256,4,0
212,2020-12-09T00:00:00.000,Piedmont,20-29,631,4,0
213,2020-12-09T00:00:00.000,Piedmont,30-39,633,7,0
214,2020-12-09T00:00:00.000,Piedmont,40-49,615,20,1
215,2020-12-09T00:00:00.000,Piedmont,50-59,597,40,5
216,2020-12-09T00:00:00.000,Piedmont,60-69,453,48,16
217,2020-12-09T00:00:00.000,Piedmont,70-79,240,51,20
218,2020-12-09T00:00:00.000,Piedmont,80+,166,40,26
219,2020-12-09T00:00:00.000,Piedmont,Missing,4,0,0
220,2020-12-09T00:00:00.000,Pittsylvania-Danville,0-9,127,0,0
221,2020-12-09T00:00:00.000,Pittsylvania-Danville,10-19,321,2,0
222,2020-12-09T00:00:00.000,Pittsylvania-Danville,20-29,577,6,0
223,2020-12-09T00:00:00.000,Pittsylvania-Danville,30-39,531,7,1
224,2020-12-09T00:00:00.000,Pittsylvania-Danville,40-49,556,25,3
225,2020-12-09T00:00:00.000,Pittsylvania-Danville,50-59,658,47,4
226,2020-12-09T00:00:00.000,Pittsylvania-Danville,60-69,548,62,12
227,2020-12-09T00:00:00.000,Pittsylvania-Danville,70-79,318,61,16
228,2020-12-09T00:00:00.000,Pittsylvania-Danville,80+,254,58,44
229,2020-12-09T00:00:00.000,Pittsylvania-Danville,Missing,3,0,0
230,2020-12-09T00:00:00.000,Portsmouth,0-9,111,6,0
231,2020-12-09T00:00:00.000,Portsmouth,10-19,261,6,0
232,2020-12-09T00:00:00.000,Portsmouth,20-29,698,22,0
233,2020-12-09T00:00:00.000,Portsmouth,30-39,623,36,1
234,2020-12-09T00:00:00.000,Portsmouth,40-49,514,41,2
235,2020-12-09T00:00:00.000,Portsmouth,50-59,480,72,8
236,2020-12-09T00:00:00.000,Portsmouth,60-69,419,76,18
237,2020-12-09T00:00:00.000,Portsmouth,70-79,192,68,22
238,2020-12-09T00:00:00.000,Portsmouth,80+,109,37,21
239,2020-12-09T00:00:00.000,Portsmouth,Missing,28,1,0
240,2020-12-09T00:00:00.000,Prince William,0-9,1163,14,0
241,2020-12-09T00:00:00.000,Prince William,10-19,2367,15,0
242,2020-12-09T00:00:00.000,Prince William,20-29,4545,82,1
243,2020-12-09T00:00:00.000,Prince William,30-39,4258,146,4
244,2020-12-09T00:00:00.000,Prince William,40-49,4435,234,8
245,2020-12-09T00:00:00.000,Prince William,50-59,3440,288,26
246,2020-12-09T00:00:00.000,Prince William,60-69,1714,249,65
247,2020-12-09T00:00:00.000,Prince William,70-79,698,179,68
248,2020-12-09T00:00:00.000,Prince William,80+,408,122,100
249,2020-12-09T00:00:00.000,Prince William,Missing,268,3,1
250,2020-12-09T00:00:00.000,Rappahannock,0-9,425,3,0
251,2020-12-09T00:00:00.000,Rappahannock,10-19,1042,7,0
252,2020-12-09T00:00:00.000,Rappahannock,20-29,1794,26,0
253,2020-12-09T00:00:00.000,Rappahannock,30-39,1624,41,0
254,2020-12-09T00:00:00.000,Rappahannock,40-49,1540,69,4
255,2020-12-09T00:00:00.000,Rappahannock,50-59,1472,94,9
256,2020-12-09T00:00:00.000,Rappahannock,60-69,747,89,13
257,2020-12-09T00:00:00.000,Rappahannock,70-79,376,75,24
258,2020-12-09T00:00:00.000,Rappahannock,80+,329,106,50
259,2020-12-09T00:00:00.000,Rappahannock,Missing,79,3,1
260,2020-12-09T00:00:00.000,Rappahannock Rapidan,0-9,212,2,0
261,2020-12-09T00:00:00.000,Rappahannock Rapidan,10-19,459,4,0
262,2020-12-09T00:00:00.000,Rappahannock Rapidan,20-29,934,10,0
263,2020-12-09T00:00:00.000,Rappahannock Rapidan,30-39,964,27,2
264,2020-12-09T00:00:00.000,Rappahannock Rapidan,40-49,861,30,3
265,2020-12-09T00:00:00.000,Rappahannock Rapidan,50-59,842,51,4
266,2020-12-09T00:00:00.000,Rappahannock Rapidan,60-69,493,52,6
267,2020-12-09T00:00:00.000,Rappahannock Rapidan,70-79,231,38,14
268,2020-12-09T00:00:00.000,Rappahannock Rapidan,80+,141,30,29
269,2020-12-09T00:00:00.000,Rappahannock Rapidan,Missing,28,1,2
270,2020-12-09T00:00:00.000,Richmond,0-9,271,9,0
271,2020-12-09T00:00:00.000,Richmond,10-19,664,6,0
272,2020-12-09T00:00:00.000,Richmond,20-29,2169,25,0
273,2020-12-09T00:00:00.000,Richmond,30-39,1414,60,2
274,2020-12-09T00:00:00.000,Richmond,40-49,907,58,5
275,2020-12-09T00:00:00.000,Richmond,50-59,779,95,6
276,2020-12-09T00:00:00.000,Richmond,60-69,584,112,11
277,2020-12-09T00:00:00.000,Richmond,70-79,304,89,30
278,2020-12-09T00:00:00.000,Richmond,80+,175,58,29
279,2020-12-09T00:00:00.000,Richmond,Missing,48,1,0
280,2020-12-09T00:00:00.000,Roanoke,0-9,153,0,0
281,2020-12-09T00:00:00.000,Roanoke,10-19,388,1,0
282,2020-12-09T00:00:00.000,Roanoke,20-29,939,8,0
283,2020-12-09T00:00:00.000,Roanoke,30-39,768,14,0
284,2020-12-09T00:00:00.000,Roanoke,40-49,595,14,2
285,2020-12-09T00:00:00.000,Roanoke,50-59,591,21,1
286,2020-12-09T00:00:00.000,Roanoke,60-69,388,22,2
287,2020-12-09T00:00:00.000,Roanoke,70-79,267,31,21
288,2020-12-09T00:00:00.000,Roanoke,80+,371,23,52
289,2020-12-09T00:00:00.000,Roanoke,Missing,11,0,0
290,2020-12-09T00:00:00.000,Southside,0-9,57,0,0
291,2020-12-09T00:00:00.000,Southside,10-19,133,2,1
292,2020-12-09T00:00:00.000,Southside,20-29,308,2,0
293,2020-12-09T00:00:00.000,Southside,30-39,395,5,1
294,2020-12-09T00:00:00.000,Southside,40-49,350,7,0
295,2020-12-09T00:00:00.000,Southside,50-59,402,21,4
296,2020-12-09T00:00:00.000,Southside,60-69,355,27,12
297,2020-12-09T00:00:00.000,Southside,70-79,245,29,21
298,2020-12-09T00:00:00.000,Southside,80+,232,20,26
299,2020-12-09T00:00:00.000,Southside,Missing,4,0,0
300,2020-12-09T00:00:00.000,Thomas Jefferson,0-9,227,1,0
301,2020-12-09T00:00:00.000,Thomas Jefferson,10-19,1052,5,0
302,2020-12-09T00:00:00.000,Thomas Jefferson,20-29,1413,11,0
303,2020-12-09T00:00:00.000,Thomas Jefferson,30-39,849,20,0
304,2020-12-09T00:00:00.000,Thomas Jefferson,40-49,747,33,0
305,2020-12-09T00:00:00.000,Thomas Jefferson,50-59,593,46,5
306,2020-12-09T00:00:00.000,Thomas Jefferson,60-69,465,59,9
307,2020-12-09T00:00:00.000,Thomas Jefferson,70-79,306,66,19
308,2020-12-09T00:00:00.000,Thomas Jefferson,80+,269,60,49
309,2020-12-09T00:00:00.000,Thomas Jefferson,Missing,7,0,0
310,2020-12-09T00:00:00.000,Three Rivers,0-9,107,1,0
311,2020-12-09T00:00:00.000,Three Rivers,10-19,235,2,0
312,2020-12-09T00:00:00.000,Three Rivers,20-29,518,10,0
313,2020-12-09T00:00:00.000,Three Rivers,30-39,502,12,0
314,2020-12-09T00:00:00.000,Three Rivers,40-49,431,22,3
315,2020-12-09T00:00:00.000,Three Rivers,50-59,525,29,1
316,2020-12-09T00:00:00.000,Three Rivers,60-69,381,38,6
317,2020-12-09T00:00:00.000,Three Rivers,70-79,231,41,19
318,2020-12-09T00:00:00.000,Three Rivers,80+,172,28,21
319,2020-12-09T00:00:00.000,Three Rivers,Missing,30,1,0
320,2020-12-09T00:00:00.000,Virginia Beach,0-9,471,2,0
321,2020-12-09T00:00:00.000,Virginia Beach,10-19,1007,4,0
322,2020-12-09T00:00:00.000,Virginia Beach,20-29,3057,25,1
323,2020-12-09T00:00:00.000,Virginia Beach,30-39,2375,45,1
324,2020-12-09T00:00:00.000,Virginia Beach,40-49,1675,60,4
325,2020-12-09T00:00:00.000,Virginia Beach,50-59,1554,104,10
326,2020-12-09T00:00:00.000,Virginia Beach,60-69,1083,121,14
327,2020-12-09T00:00:00.000,Virginia Beach,70-79,524,109,35
328,2020-12-09T00:00:00.000,Virginia Beach,80+,368,110,58
329,2020-12-09T00:00:00.000,Virginia Beach,Missing,262,0,0
330,2020-12-09T00:00:00.000,Western Tidewater,0-9,185,1,0
331,2020-12-09T00:00:00.000,Western Tidewater,10-19,408,0,0
332,2020-12-09T00:00:00.000,Western Tidewater,20-29,782,8,0
333,2020-12-09T00:00:00.000,Western Tidewater,30-39,870,25,2
334,2020-12-09T00:00:00.000,Western Tidewater,40-49,826,21,5
335,2020-12-09T00:00:00.000,Western Tidewater,50-59,1115,45,14
336,2020-12-09T00:00:00.000,Western Tidewater,60-69,799,70,26
337,2020-12-09T00:00:00.000,Western Tidewater,70-79,401,70,43
338,2020-12-09T00:00:00.000,Western Tidewater,80+,335,64,77
339,2020-12-09T00:00:00.000,Western Tidewater,Missing,35,0,0
340,2020-12-09T00:00:00.000,West Piedmont,0-9,131,2,0
341,2020-12-09T00:00:00.000,West Piedmont,10-19,478,4,0
342,2020-12-09T00:00:00.000,West Piedmont,20-29,743,8,0
343,2020-12-09T00:00:00.000,West Piedmont,30-39,705,16,2
344,2020-12-09T00:00:00.000,West Piedmont,40-49,778,38,5
345,2020-12-09T00:00:00.000,West Piedmont,50-59,859,77,6
346,2020-12-09T00:00:00.000,West Piedmont,60-69,724,73,13
347,2020-12-09T00:00:00.000,West Piedmont,70-79,478,91,36
348,2020-12-09T00:00:00.000,West Piedmont,80+,336,95,51
349,2020-12-09T00:00:00.000,West Piedmont,Missing,3,0,0
350,2020-12-08T00:00:00.000,Alexandria,0-9,411,3,0
351,2020-12-08T00:00:00.000,Alexandria,10-19,406,6,0
352,2020-12-08T00:00:00.000,Alexandria,20-29,1177,10,1
353,2020-12-08T00:00:00.000,Alexandria,30-39,1357,41,2
354,2020-12-08T00:00:00.000,Alexandria,40-49,1005,61,1
355,2020-12-08T00:00:00.000,Alexandria,50-59,706,81,14
356,2020-12-08T00:00:00.000,Alexandria,60-69,436,76,7
357,2020-12-08T00:00:00.000,Alexandria,70-79,197,61,20
358,2020-12-08T00:00:00.000,Alexandria,80+,159,45,36
359,2020-12-08T00:00:00.000,Alexandria,Missing,20,0,0
360,2020-12-08T00:00:00.000,Alleghany,0-9,136,0,0
361,2020-12-08T00:00:00.000,Alleghany,10-19,540,2,0
362,2020-12-08T00:00:00.000,Alleghany,20-29,969,3,0
363,2020-12-08T00:00:00.000,Alleghany,30-39,919,9,0
364,2020-12-08T00:00:00.000,Alleghany,40-49,867,12,0
365,2020-12-08T00:00:00.000,Alleghany,50-59,908,22,3
366,2020-12-08T00:00:00.000,Alleghany,60-69,637,37,8
367,2020-12-08T00:00:00.000,Alleghany,70-79,462,53,36
368,2020-12-08T00:00:00.000,Alleghany,80+,410,41,50
369,2020-12-08T00:00:00.000,Alleghany,Missing,24,0,0
370,2020-12-08T00:00:00.000,Arlington,0-9,219,2,0
371,2020-12-08T00:00:00.000,Arlington,10-19,471,6,0
372,2020-12-08T00:00:00.000,Arlington,20-29,1779,28,0
373,2020-12-08T00:00:00.000,Arlington,30-39,1392,59,0
374,2020-12-08T00:00:00.000,Arlington,40-49,1066,83,10
375,2020-12-08T00:00:00.000,Arlington,50-59,850,100,9
376,2020-12-08T00:00:00.000,Arlington,60-69,546,114,23
377,2020-12-08T00:00:00.000,Arlington,70-79,291,97,39
378,2020-12-08T00:00:00.000,Arlington,80+,282,113,80
379,2020-12-08T00:00:00.000,Arlington,Missing,48,1,0
380,2020-12-08T00:00:00.000,Central Shenandoah,0-9,280,0,0
381,2020-12-08T00:00:00.000,Central Shenandoah,10-19,1752,3,0
382,2020-12-08T00:00:00.000,Central Shenandoah,20-29,2751,16,0
383,2020-12-08T00:00:00.000,Central Shenandoah,30-39,1340,16,2
384,2020-12-08T00:00:00.000,Central Shenandoah,40-49,1281,38,0
385,2020-12-08T00:00:00.000,Central Shenandoah,50-59,1343,67,7
386,2020-12-08T00:00:00.000,Central Shenandoah,60-69,1030,89,24
387,2020-12-08T00:00:00.000,Central Shenandoah,70-79,594,109,29
388,2020-12-08T00:00:00.000,Central Shenandoah,80+,473,87,53
389,2020-12-08T00:00:00.000,Central Shenandoah,Missing,29,0,0
390,2020-12-08T00:00:00.000,Central Virginia,0-9,236,0,0
391,2020-12-08T00:00:00.000,Central Virginia,10-19,961,3,0
392,2020-12-08T00:00:00.000,Central Virginia,20-29,1809,11,0
393,2020-12-08T00:00:00.000,Central Virginia,30-39,1055,23,0
394,2020-12-08T00:00:00.000,Central Virginia,40-49,1015,15,1
395,2020-12-08T00:00:00.000,Central Virginia,50-59,1127,31,6
396,2020-12-08T00:00:00.000,Central Virginia,60-69,816,57,14
397,2020-12-08T00:00:00.000,Central Virginia,70-79,542,72,22
398,2020-12-08T00:00:00.000,Central Virginia,80+,341,63,44
399,2020-12-08T00:00:00.000,Central Virginia,Missing,10,0,0
400,2020-12-08T00:00:00.000,Chesapeake,0-9,272,3,0
401,2020-12-08T00:00:00.000,Chesapeake,10-19,601,5,0
402,2020-12-08T00:00:00.000,Chesapeake,20-29,1295,14,0
403,2020-12-08T00:00:00.000,Chesapeake,30-39,1346,32,0
404,2020-12-08T00:00:00.000,Chesapeake,40-49,1078,66,1
405,2020-12-08T00:00:00.000,Chesapeake,50-59,1032,99,9
406,2020-12-08T00:00:00.000,Chesapeake,60-69,761,128,16
407,2020-12-08T00:00:00.000,Chesapeake,70-79,372,113,16
408,2020-12-08T00:00:00.000,Chesapeake,80+,256,92,44
409,2020-12-08T00:00:00.000,Chesapeake,Missing,58,1,0
410,2020-12-08T00:00:00.000,Chesterfield,0-9,470,6,0
411,2020-12-08T00:00:00.000,Chesterfield,10-19,1180,3,0
412,2020-12-08T00:00:00.000,Chesterfield,20-29,1964,26,0
413,2020-12-08T00:00:00.000,Chesterfield,30-39,1989,54,2
414,2020-12-08T00:00:00.000,Chesterfield,40-49,1820,71,5
415,2020-12-08T00:00:00.000,Chesterfield,50-59,1572,117,8
416,2020-12-08T00:00:00.000,Chesterfield,60-69,1039,126,31
417,2020-12-08T00:00:00.000,Chesterfield,70-79,555,101,51
418,2020-12-08T00:00:00.000,Chesterfield,80+,414,79,74
419,2020-12-08T00:00:00.000,Chesterfield,Missing,207,2,0
420,2020-12-08T00:00:00.000,Chickahominy,0-9,117,1,0
421,2020-12-08T00:00:00.000,Chickahominy,10-19,426,0,0
422,2020-12-08T00:00:00.000,Chickahominy,20-29,599,4,0
423,2020-12-08T00:00:00.000,Chickahominy,30-39,513,8,0
424,2020-12-08T00:00:00.000,Chickahominy,40-49,514,19,1
425,2020-12-08T00:00:00.000,Chickahominy,50-59,666,40,2
426,2020-12-08T00:00:00.000,Chickahominy,60-69,435,51,15
427,2020-12-08T00:00:00.000,Chickahominy,70-79,325,54,15
428,2020-12-08T00:00:00.000,Chickahominy,80+,208,67,43
429,2020-12-08T00:00:00.000,Chickahominy,Missing,45,0,0
430,2020-12-08T00:00:00.000,Crater,0-9,155,2,0
431,2020-12-08T00:00:00.000,Crater,10-19,428,3,0
432,2020-12-08T00:00:00.000,Crater,20-29,1066,10,0
433,2020-12-08T00:00:00.000,Crater,30-39,1171,17,1
434,2020-12-08T00:00:00.000,Crater,40-49,971,31,1
435,2020-12-08T00:00:00.000,Crater,50-59,1078,71,12
436,2020-12-08T00:00:00.000,Crater,60-69,720,94,28
437,2020-12-08T00:00:00.000,Crater,70-79,407,76,36
438,2020-12-08T00:00:00.000,Crater,80+,248,52,46
439,2020-12-08T00:00:00.000,Crater,Missing,54,0,0
440,2020-12-08T00:00:00.000,Cumberland Plateau,0-9,114,1,0
441,2020-12-08T00:00:00.000,Cumberland Plateau,10-19,356,2,0
442,2020-12-08T00:00:00.000,Cumberland Plateau,20-29,470,1,0
443,2020-12-08T00:00:00.000,Cumberland Plateau,30-39,374,4,0
444,2020-12-08T00:00:00.000,Cumberland Plateau,40-49,456,10,1
445,2020-12-08T00:00:00.000,Cumberland Plateau,50-59,522,40,2
446,2020-12-08T00:00:00.000,Cumberland Plateau,60-69,457,39,7
447,2020-12-08T00:00:00.000,Cumberland Plateau,70-79,307,38,8
448,2020-12-08T00:00:00.000,Cumberland Plateau,80+,161,37,24
449,2020-12-08T00:00:00.000,Cumberland Plateau,Missing,3,0,0
450,2020-12-08T00:00:00.000,Eastern Shore,0-9,39,2,0
451,2020-12-08T00:00:00.000,Eastern Shore,10-19,100,1,0
452,2020-12-08T00:00:00.000,Eastern Shore,20-29,252,6,0
453,2020-12-08T00:00:00.000,Eastern Shore,30-39,310,12,0
454,2020-12-08T00:00:00.000,Eastern Shore,40-49,312,15,2
455,2020-12-08T00:00:00.000,Eastern Shore,50-59,349,32,8
456,2020-12-08T00:00:00.000,Eastern Shore,60-69,249,36,8
457,2020-12-08T00:00:00.000,Eastern Shore,70-79,93,29,13
458,2020-12-08T00:00:00.000,Eastern Shore,80+,66,27,21
459,2020-12-08T00:00:00.000,Eastern Shore,Missing,6,0,0
460,2020-12-08T00:00:00.000,Fairfax,0-9,1740,40,0
461,2020-12-08T00:00:00.000,Fairfax,10-19,3270,40,0
462,2020-12-08T00:00:00.000,Fairfax,20-29,6429,135,3
463,2020-12-08T00:00:00.000,Fairfax,30-39,6444,269,9
464,2020-12-08T00:00:00.000,Fairfax,40-49,5873,401,16
465,2020-12-08T00:00:00.000,Fairfax,50-59,5239,496,49
466,2020-12-08T00:00:00.000,Fairfax,60-69,3089,496,91
467,2020-12-08T00:00:00.000,Fairfax,70-79,1297,362,134
468,2020-12-08T00:00:00.000,Fairfax,80+,1221,433,341
469,2020-12-08T00:00:00.000,Fairfax,Missing,234,7,0
470,2020-12-08T00:00:00.000,Hampton,0-9,98,0,0
471,2020-12-08T00:00:00.000,Hampton,10-19,204,1,0
472,2020-12-08T00:00:00.000,Hampton,20-29,744,7,1
473,2020-12-08T00:00:00.000,Hampton,30-39,541,9,0
474,2020-12-08T00:00:00.000,Hampton,40-49,389,19,1
475,2020-12-08T00:00:00.000,Hampton,50-59,414,29,5
476,2020-12-08T00:00:00.000,Hampton,60-69,303,32,14
477,2020-12-08T00:00:00.000,Hampton,70-79,184,31,6
478,2020-12-08T00:00:00.000,Hampton,80+,119,16,8
479,2020-12-08T00:00:00.000,Hampton,Missing,39,0,0
480,2020-12-08T00:00:00.000,Henrico,0-9,387,6,0
481,2020-12-08T00:00:00.000,Henrico,10-19,881,7,0
482,2020-12-08T00:00:00.000,Henrico,20-29,1678,27,1
483,2020-12-08T00:00:00.000,Henrico,30-39,1599,36,0
484,2020-12-08T00:00:00.000,Henrico,40-49,1372,65,5
485,2020-12-08T00:00:00.000,Henrico,50-59,1250,97,16
486,2020-12-08T00:00:00.000,Henrico,60-69,836,112,45
487,2020-12-08T00:00:00.000,Henrico,70-79,545,116,61
488,2020-12-08T00:00:00.000,Henrico,80+,652,148,131
489,2020-12-08T00:00:00.000,Henrico,Missing,81,3,1
490,2020-12-08T00:00:00.000,Lenowisco,0-9,139,0,0
491,2020-12-08T00:00:00.000,Lenowisco,10-19,303,3,0
492,2020-12-08T00:00:00.000,Lenowisco,20-29,442,1,0
493,2020-12-08T00:00:00.000,Lenowisco,30-39,484,6,1
494,2020-12-08T00:00:00.000,Lenowisco,40-49,506,14,2
495,2020-12-08T00:00:00.000,Lenowisco,50-59,495,29,7
496,2020-12-08T00:00:00.000,Lenowisco,60-69,446,39,9
497,2020-12-08T00:00:00.000,Lenowisco,70-79,359,52,31
498,2020-12-08T00:00:00.000,Lenowisco,80+,269,44,34
499,2020-12-08T00:00:00.000,Lenowisco,Missing,5,0,0
500,2020-12-08T00:00:00.000,Lord Fairfax,0-9,286,4,0
501,2020-12-08T00:00:00.000,Lord Fairfax,10-19,701,7,0
502,2020-12-08T00:00:00.000,Lord Fairfax,20-29,1203,14,0
503,2020-12-08T00:00:00.000,Lord Fairfax,30-39,1145,25,1
504,2020-12-08T00:00:00.000,Lord Fairfax,40-49,1036,38,1
505,2020-12-08T00:00:00.000,Lord Fairfax,50-59,1106,77,8
506,2020-12-08T00:00:00.000,Lord Fairfax,60-69,765,103,23
507,2020-12-08T00:00:00.000,Lord Fairfax,70-79,475,99,37
508,2020-12-08T00:00:00.000,Lord Fairfax,80+,510,98,85
509,2020-12-08T00:00:00.000,Lord Fairfax,Missing,5,0,0
510,2020-12-08T00:00:00.000,Loudoun,0-9,518,5,0
511,2020-12-08T00:00:00.000,Loudoun,10-19,1453,4,0
512,2020-12-08T00:00:00.000,Loudoun,20-29,1926,21,0
513,2020-12-08T00:00:00.000,Loudoun,30-39,1863,52,1
514,2020-12-08T00:00:00.000,Loudoun,40-49,2040,103,1
515,2020-12-08T00:00:00.000,Loudoun,50-59,1704,109,4
516,2020-12-08T00:00:00.000,Loudoun,60-69,727,110,14
517,2020-12-08T00:00:00.000,Loudoun,70-79,363,87,25
518,2020-12-08T00:00:00.000,Loudoun,80+,324,80,105
519,2020-12-08T00:00:00.000,Loudoun,Missing,87,0,1
520,2020-12-08T00:00:00.000,Mount Rogers,0-9,243,3,0
521,2020-12-08T00:00:00.000,Mount Rogers,10-19,684,2,0
522,2020-12-08T00:00:00.000,Mount Rogers,20-29,1055,3,0
523,2020-12-08T00:00:00.000,Mount Rogers,30-39,880,19,0
524,2020-12-08T00:00:00.000,Mount Rogers,40-49,1041,20,2
525,2020-12-08T00:00:00.000,Mount Rogers,50-59,1189,64,7
526,2020-12-08T00:00:00.000,Mount Rogers,60-69,996,88,16
527,2020-12-08T00:00:00.000,Mount Rogers,70-79,755,145,52
528,2020-12-08T00:00:00.000,Mount Rogers,80+,566,131,96
529,2020-12-08T00:00:00.000,Mount Rogers,Missing,1,0,0
530,2020-12-08T00:00:00.000,New River,0-9,96,2,0
531,2020-12-08T00:00:00.000,New River,10-19,1700,0,0
532,2020-12-08T00:00:00.000,New River,20-29,2666,6,0
533,2020-12-08T00:00:00.000,New River,30-39,535,5,0
534,2020-12-08T00:00:00.000,New River,40-49,522,14,0
535,2020-12-08T00:00:00.000,New River,50-59,555,20,1
536,2020-12-08T00:00:00.000,New River,60-69,438,34,6
537,2020-12-08T00:00:00.000,New River,70-79,315,58,19
538,2020-12-08T00:00:00.000,New River,80+,281,43,37
539,2020-12-08T00:00:00.000,New River,Missing,31,0,0
540,2020-12-08T00:00:00.000,Norfolk,0-9,253,4,0
541,2020-12-08T00:00:00.000,Norfolk,10-19,581,5,0
542,2020-12-08T00:00:00.000,Norfolk,20-29,2329,24,1
543,2020-12-08T00:00:00.000,Norfolk,30-39,1219,46,2
544,2020-12-08T00:00:00.000,Norfolk,40-49,784,50,3
545,2020-12-08T00:00:00.000,Norfolk,50-59,757,87,8
546,2020-12-08T00:00:00.000,Norfolk,60-69,617,121,25
547,2020-12-08T00:00:00.000,Norfolk,70-79,289,97,26
548,2020-12-08T00:00:00.000,Norfolk,80+,152,48,33
549,2020-12-08T00:00:00.000,Norfolk,Missing,57,1,0
550,2020-12-08T00:00:00.000,Peninsula,0-9,271,1,0
551,2020-12-08T00:00:00.000,Peninsula,10-19,604,1,0
552,2020-12-08T00:00:00.000,Peninsula,20-29,1721,7,0
553,2020-12-08T00:00:00.000,Peninsula,30-39,1268,28,3
554,2020-12-08T00:00:00.000,Peninsula,40-49,1001,31,2
555,2020-12-08T00:00:00.000,Peninsula,50-59,945,51,5
556,2020-12-08T00:00:00.000,Peninsula,60-69,636,67,12
557,2020-12-08T00:00:00.000,Peninsula,70-79,386,75,34
558,2020-12-08T00:00:00.000,Peninsula,80+,231,48,41
559,2020-12-08T00:00:00.000,Peninsula,Missing,74,1,0
560,2020-12-08T00:00:00.000,Piedmont,0-9,112,1,0
561,2020-12-08T00:00:00.000,Piedmont,10-19,250,4,0
562,2020-12-08T00:00:00.000,Piedmont,20-29,629,4,0
563,2020-12-08T00:00:00.000,Piedmont,30-39,630,7,0
564,2020-12-08T00:00:00.000,Piedmont,40-49,606,20,1
565,2020-12-08T00:00:00.000,Piedmont,50-59,594,40,5
566,2020-12-08T00:00:00.000,Piedmont,60-69,449,48,16
567,2020-12-08T00:00:00.000,Piedmont,70-79,237,49,20
568,2020-12-08T00:00:00.000,Piedmont,80+,164,40,26
569,2020-12-08T00:00:00.000,Piedmont,Missing,4,0,0
570,2020-12-08T00:00:00.000,Pittsylvania-Danville,0-9,126,0,0
571,2020-12-08T00:00:00.000,Pittsylvania-Danville,10-19,315,2,0
572,2020-12-08T00:00:00.000,Pittsylvania-Danville,20-29,566,6,0
573,2020-12-08T00:00:00.000,Pittsylvania-Danville,30-39,518,7,1
574,2020-12-08T00:00:00.000,Pittsylvania-Danville,40-49,535,24,3
575,2020-12-08T00:00:00.000,Pittsylvania-Danville,50-59,648,47,4
576,2020-12-08T00:00:00.000,Pittsylvania-Danville,60-69,527,62,12
577,2020-12-08T00:00:00.000,Pittsylvania-Danville,70-79,308,61,16
578,2020-12-08T00:00:00.000,Pittsylvania-Danville,80+,254,57,43
579,2020-12-08T00:00:00.000,Pittsylvania-Danville,Missing,3,0,0
580,2020-12-08T00:00:00.000,Portsmouth,0-9,110,6,0
581,2020-12-08T00:00:00.000,Portsmouth,10-19,260,6,0
582,2020-12-08T00:00:00.000,Portsmouth,20-29,693,22,0
583,2020-12-08T00:00:00.000,Portsmouth,30-39,621,36,1
584,2020-12-08T00:00:00.000,Portsmouth,40-49,510,41,2
585,2020-12-08T00:00:00.000,Portsmouth,50-59,474,72,8
586,2020-12-08T00:00:00.000,Portsmouth,60-69,412,74,18
587,2020-12-08T00:00:00.000,Portsmouth,70-79,192,66,21
588,2020-12-08T00:00:00.000,Portsmouth,80+,109,37,21
589,2020-12-08T00:00:00.000,Portsmouth,Missing,29,1,0
590,2020-12-08T00:00:00.000,Prince William,0-9,1145,14,0
591,2020-12-08T00:00:00.000,Prince William,10-19,2334,15,0
592,2020-12-08T00:00:00.000,Prince William,20-29,4481,78,1
593,2020-12-08T00:00:00.000,Prince William,30-39,4184,144,4
594,2020-12-08T00:00:00.000,Prince William,40-49,4364,234,8
595,2020-12-08T00:00:00.000,Prince William,50-59,3392,288,26
596,2020-12-08T00:00:00.000,Prince William,60-69,1688,249,65
597,2020-12-08T00:00:00.000,Prince William,70-79,691,176,67
598,2020-12-08T00:00:00.000,Prince William,80+,407,122,100
599,2020-12-08T00:00:00.000,Prince William,Missing,266,3,1
600,2020-12-08T00:00:00.000,Rappahannock,0-9,417,3,0
601,2020-12-08T00:00:00.000,Rappahannock,10-19,1024,7,0
602,2020-12-08T00:00:00.000,Rappahannock,20-29,1772,26,0
603,2020-12-08T00:00:00.000,Rappahannock,30-39,1606,41,0
604,2020-12-08T00:00:00.000,Rappahannock,40-49,1514,69,4
605,2020-12-08T00:00:00.000,Rappahannock,50-59,1442,94,9
606,2020-12-08T00:00:00.000,Rappahannock,60-69,734,88,13
607,2020-12-08T00:00:00.000,Rappahannock,70-79,372,75,24
608,2020-12-08T00:00:00.000,Rappahannock,80+,326,106,50
609,2020-12-08T00:00:00.000,Rappahannock,Missing,78,3,1
610,2020-12-08T00:00:00.000,Rappahannock Rapidan,0-9,211,2,0
611,2020-12-08T00:00:00.000,Rappahannock Rapidan,10-19,453,4,0
612,2020-12-08T00:00:00.000,Rappahannock Rapidan,20-29,920,10,0
613,2020-12-08T00:00:00.000,Rappahannock Rapidan,30-39,952,27,2
614,2020-12-08T00:00:00.000,Rappahannock Rapidan,40-49,851,30,3
615,2020-12-08T00:00:00.000,Rappahannock Rapidan,50-59,834,51,4
616,2020-12-08T00:00:00.000,Rappahannock Rapidan,60-69,490,52,6
617,2020-12-08T00:00:00.000,Rappahannock Rapidan,70-79,223,38,14
618,2020-12-08T00:00:00.000,Rappahannock Rapidan,80+,139,29,29
619,2020-12-08T00:00:00.000,Rappahannock Rapidan,Missing,28,1,2
620,2020-12-08T00:00:00.000,Richmond,0-9,268,9,0
621,2020-12-08T00:00:00.000,Richmond,10-19,658,6,0
622,2020-12-08T00:00:00.000,Richmond,20-29,2140,25,0
623,2020-12-08T00:00:00.000,Richmond,30-39,1397,60,2
624,2020-12-08T00:00:00.000,Richmond,40-49,894,58,5
625,2020-12-08T00:00:00.000,Richmond,50-59,766,95,6
626,2020-12-08T00:00:00.000,Richmond,60-69,581,110,11
627,2020-12-08T00:00:00.000,Richmond,70-79,299,89,29
628,2020-12-08T00:00:00.000,Richmond,80+,173,58,29
629,2020-12-08T00:00:00.000,Richmond,Missing,48,1,0
630,2020-12-08T00:00:00.000,Roanoke,0-9,152,0,0
631,2020-12-08T00:00:00.000,Roanoke,10-19,379,1,0
632,2020-12-08T00:00:00.000,Roanoke,20-29,925,8,0
633,2020-12-08T00:00:00.000,Roanoke,30-39,752,14,0
634,2020-12-08T00:00:00.000,Roanoke,40-49,580,14,2
635,2020-12-08T00:00:00.000,Roanoke,50-59,578,21,1
636,2020-12-08T00:00:00.000,Roanoke,60-69,378,22,2
637,2020-12-08T00:00:00.000,Roanoke,70-79,260,31,21
638,2020-12-08T00:00:00.000,Roanoke,80+,364,21,52
639,2020-12-08T00:00:00.000,Roanoke,Missing,11,0,0
640,2020-12-08T00:00:00.000,Southside,0-9,55,0,0
641,2020-12-08T00:00:00.000,Southside,10-19,129,2,1
642,2020-12-08T00:00:00.000,Southside,20-29,306,2,0
643,2020-12-08T00:00:00.000,Southside,30-39,389,5,1
644,2020-12-08T00:00:00.000,Southside,40-49,346,7,0
645,2020-12-08T00:00:00.000,Southside,50-59,397,21,4
646,2020-12-08T00:00:00.000,Southside,60-69,354,27,12
647,2020-12-08T00:00:00.000,Southside,70-79,239,28,21
648,2020-12-08T00:00:00.000,Southside,80+,231,20,26
649,2020-12-08T00:00:00.000,Southside,Missing,4,0,0
650,2020-12-08T00:00:00.000,Thomas Jefferson,0-9,221,1,0
651,2020-12-08T00:00:00.000,Thomas Jefferson,10-19,1044,5,0
652,2020-12-08T00:00:00.000,Thomas Jefferson,20-29,1386,10,0
653,2020-12-08T00:00:00.000,Thomas Jefferson,30-39,834,20,0
654,2020-12-08T00:00:00.000,Thomas Jefferson,40-49,742,33,0
655,2020-12-08T00:00:00.000,Thomas Jefferson,50-59,588,46,5
656,2020-12-08T00:00:00.000,Thomas Jefferson,60-69,457,59,9
657,2020-12-08T00:00:00.000,Thomas Jefferson,70-79,305,66,19
658,2020-12-08T00:00:00.000,Thomas Jefferson,80+,268,60,49
659,2020-12-08T00:00:00.000,Thomas Jefferson,Missing,7,0,0
660,2020-12-08T00:00:00.000,Three Rivers,0-9,107,1,0
661,2020-12-08T00:00:00.000,Three Rivers,10-19,235,2,0
662,2020-12-08T00:00:00.000,Three Rivers,20-29,521,10,0
663,2020-12-08T00:00:00.000,Three Rivers,30-39,497,12,0
664,2020-12-08T00:00:00.000,Three Rivers,40-49,432,22,3
665,2020-12-08T00:00:00.000,Three Rivers,50-59,519,29,1
666,2020-12-08T00:00:00.000,Three Rivers,60-69,378,39,6
667,2020-12-08T00:00:00.000,Three Rivers,70-79,229,41,20
668,2020-12-08T00:00:00.000,Three Rivers,80+,171,29,21
669,2020-12-08T00:00:00.000,Three Rivers,Missing,29,1,0
670,2020-12-08T00:00:00.000,Virginia Beach,0-9,464,2,0
671,2020-12-08T00:00:00.000,Virginia Beach,10-19,989,3,0
672,2020-12-08T00:00:00.000,Virginia Beach,20-29,3026,24,1
673,2020-12-08T00:00:00.000,Virginia Beach,30-39,2328,45,1
674,2020-12-08T00:00:00.000,Virginia Beach,40-49,1645,60,3
675,2020-12-08T00:00:00.000,Virginia Beach,50-59,1521,100,10
676,2020-12-08T00:00:00.000,Virginia Beach,60-69,1051,119,14
677,2020-12-08T00:00:00.000,Virginia Beach,70-79,505,109,35
678,2020-12-08T00:00:00.000,Virginia Beach,80+,357,108,57
679,2020-12-08T00:00:00.000,Virginia Beach,Missing,256,0,0
680,2020-12-08T00:00:00.000,Western Tidewater,0-9,184,1,0
681,2020-12-08T00:00:00.000,Western Tidewater,10-19,405,0,0
682,2020-12-08T00:00:00.000,Western Tidewater,20-29,773,7,0
683,2020-12-08T00:00:00.000,Western Tidewater,30-39,862,25,2
684,2020-12-08T00:00:00.000,Western Tidewater,40-49,819,19,5
685,2020-12-08T00:00:00.000,Western Tidewater,50-59,1105,44,14
686,2020-12-08T00:00:00.000,Western Tidewater,60-69,790,69,26
687,2020-12-08T00:00:00.000,Western Tidewater,70-79,392,65,42
688,2020-12-08T00:00:00.000,Western Tidewater,80+,334,62,77
689,2020-12-08T00:00:00.000,Western Tidewater,Missing,34,0,0
690,2020-12-08T00:00:00.000,West Piedmont,0-9,131,2,0
691,2020-12-08T00:00:00.000,West Piedmont,10-19,474,4,0
692,2020-12-08T00:00:00.000,West Piedmont,20-29,739,8,0
693,2020-12-08T00:00:00.000,West Piedmont,30-39,701,16,2
694,2020-12-08T00:00:00.000,West Piedmont,40-49,768,38,5
695,2020-12-08T00:00:00.000,West Piedmont,50-59,849,76,6
696,2020-12-08T00:00:00.000,West Piedmont,60-69,716,72,13
697,2020-12-08T00:00:00.000,West Piedmont,70-79,470,89,36
698,2020-12-08T00:00:00.000,West Piedmont,80+,334,90,51
699,2020-12-08T00:00:00.000,West Piedmont,Missing,3,0,0
700,2020-12-07T00:00:00.000,Alexandria,0-9,404,3,0
701,2020-12-07T00:00:00.000,Alexandria,10-19,402,6,0
702,2020-12-07T00:00:00.000,Alexandria,20-29,1159,10,1
703,2020-12-07T00:00:00.000,Alexandria,30-39,1336,41,2
704,2020-12-07T00:00:00.000,Alexandria,40-49,990,61,1
705,2020-12-07T00:00:00.000,Alexandria,50-59,696,82,14
706,2020-12-07T00:00:00.000,Alexandria,60-69,430,74,7
707,2020-12-07T00:00:00.000,Alexandria,70-79,194,61,21
708,2020-12-07T00:00:00.000,Alexandria,80+,157,45,36
709,2020-12-07T00:00:00.000,Alexandria,Missing,22,0,0
710,2020-12-07T00:00:00.000,Alleghany,0-9,127,0,0
711,2020-12-07T00:00:00.000,Alleghany,10-19,522,2,0
712,2020-12-07T00:00:00.000,Alleghany,20-29,945,3,0
713,2020-12-07T00:00:00.000,Alleghany,30-39,890,9,0
714,2020-12-07T00:00:00.000,Alleghany,40-49,846,12,0
715,2020-12-07T00:00:00.000,Alleghany,50-59,869,22,3
716,2020-12-07T00:00:00.000,Alleghany,60-69,614,36,7
717,2020-12-07T00:00:00.000,Alleghany,70-79,443,51,33
718,2020-12-07T00:00:00.000,Alleghany,80+,403,38,46
719,2020-12-07T00:00:00.000,Alleghany,Missing,22,0,0
720,2020-12-07T00:00:00.000,Arlington,0-9,216,2,0
721,2020-12-07T00:00:00.000,Arlington,10-19,463,6,0
722,2020-12-07T00:00:00.000,Arlington,20-29,1768,27,0
723,2020-12-07T00:00:00.000,Arlington,30-39,1382,59,0
724,2020-12-07T00:00:00.000,Arlington,40-49,1061,81,9
725,2020-12-07T00:00:00.000,Arlington,50-59,848,100,9
726,2020-12-07T00:00:00.000,Arlington,60-69,545,113,23
727,2020-12-07T00:00:00.000,Arlington,70-79,290,97,39
728,2020-12-07T00:00:00.000,Arlington,80+,283,111,78
729,2020-12-07T00:00:00.000,Arlington,Missing,48,1,0
730,2020-12-07T00:00:00.000,Central Shenandoah,0-9,276,0,0
731,2020-12-07T00:00:00.000,Central Shenandoah,10-19,1743,3,0
732,2020-12-07T00:00:00.000,Central Shenandoah,20-29,2744,16,0
733,2020-12-07T00:00:00.000,Central Shenandoah,30-39,1328,16,1
734,2020-12-07T00:00:00.000,Central Shenandoah,40-49,1277,38,0
735,2020-12-07T00:00:00.000,Central Shenandoah,50-59,1336,66,7
736,2020-12-07T00:00:00.000,Central Shenandoah,60-69,1023,88,23
737,2020-12-07T00:00:00.000,Central Shenandoah,70-79,589,108,29
738,2020-12-07T00:00:00.000,Central Shenandoah,80+,471,86,52
739,2020-12-07T00:00:00.000,Central Shenandoah,Missing,28,0,0
740,2020-12-07T00:00:00.000,Central Virginia,0-9,229,0,0
741,2020-12-07T00:00:00.000,Central Virginia,10-19,939,3,0
742,2020-12-07T00:00:00.000,Central Virginia,20-29,1768,11,0
743,2020-12-07T00:00:00.000,Central Virginia,30-39,1021,23,0
744,2020-12-07T00:00:00.000,Central Virginia,40-49,990,15,1
745,2020-12-07T00:00:00.000,Central Virginia,50-59,1106,31,6
746,2020-12-07T00:00:00.000,Central Virginia,60-69,794,57,14
747,2020-12-07T00:00:00.000,Central Virginia,70-79,534,72,22
748,2020-12-07T00:00:00.000,Central Virginia,80+,338,63,43
749,2020-12-07T00:00:00.000,Central Virginia,Missing,10,0,0
750,2020-12-07T00:00:00.000,Chesapeake,0-9,272,3,0
751,2020-12-07T00:00:00.000,Chesapeake,10-19,598,5,0
752,2020-12-07T00:00:00.000,Chesapeake,20-29,1287,14,0
753,2020-12-07T00:00:00.000,Chesapeake,30-39,1333,32,0
754,2020-12-07T00:00:00.000,Chesapeake,40-49,1071,66,1
755,2020-12-07T00:00:00.000,Chesapeake,50-59,1023,99,9
756,2020-12-07T00:00:00.000,Chesapeake,60-69,752,128,16
757,2020-12-07T00:00:00.000,Chesapeake,70-79,368,113,16
758,2020-12-07T00:00:00.000,Chesapeake,80+,255,90,41
759,2020-12-07T00:00:00.000,Chesapeake,Missing,58,1,0
760,2020-12-07T00:00:00.000,Chesterfield,0-9,462,6,0
761,2020-12-07T00:00:00.000,Chesterfield,10-19,1155,3,0
762,2020-12-07T00:00:00.000,Chesterfield,20-29,1938,26,0
763,2020-12-07T00:00:00.000,Chesterfield,30-39,1960,54,2
764,2020-12-07T00:00:00.000,Chesterfield,40-49,1789,70,5
765,2020-12-07T00:00:00.000,Chesterfield,50-59,1547,117,8
766,2020-12-07T00:00:00.000,Chesterfield,60-69,1025,125,31
767,2020-12-07T00:00:00.000,Chesterfield,70-79,544,101,49
768,2020-12-07T00:00:00.000,Chesterfield,80+,410,78,72
769,2020-12-07T00:00:00.000,Chesterfield,Missing,207,2,0
770,2020-12-07T00:00:00.000,Chickahominy,0-9,113,1,0
771,2020-12-07T00:00:00.000,Chickahominy,10-19,424,0,0
772,2020-12-07T00:00:00.000,Chickahominy,20-29,592,4,0
773,2020-12-07T00:00:00.000,Chickahominy,30-39,506,8,0
774,2020-12-07T00:00:00.000,Chickahominy,40-49,507,19,1
775,2020-12-07T00:00:00.000,Chickahominy,50-59,660,40,2
776,2020-12-07T00:00:00.000,Chickahominy,60-69,429,51,15
777,2020-12-07T00:00:00.000,Chickahominy,70-79,317,54,14
778,2020-12-07T00:00:00.000,Chickahominy,80+,207,67,42
779,2020-12-07T00:00:00.000,Chickahominy,Missing,45,0,0
780,2020-12-07T00:00:00.000,Crater,0-9,154,2,0
781,2020-12-07T00:00:00.000,Crater,10-19,426,3,0
782,2020-12-07T00:00:00.000,Crater,20-29,1058,10,0
783,2020-12-07T00:00:00.000,Crater,30-39,1167,17,1
784,2020-12-07T00:00:00.000,Crater,40-49,965,31,1
785,2020-12-07T00:00:00.000,Crater,50-59,1071,71,12
786,2020-12-07T00:00:00.000,Crater,60-69,716,94,28
787,2020-12-07T00:00:00.000,Crater,70-79,404,75,35
788,2020-12-07T00:00:00.000,Crater,80+,246,52,46
789,2020-12-07T00:00:00.000,Crater,Missing,54,0,0
790,2020-12-07T00:00:00.000,Cumberland Plateau,0-9,105,1,0
791,2020-12-07T00:00:00.000,Cumberland Plateau,10-19,342,2,0
792,2020-12-07T00:00:00.000,Cumberland Plateau,20-29,454,1,0
793,2020-12-07T00:00:00.000,Cumberland Plateau,30-39,364,4,0
794,2020-12-07T00:00:00.000,Cumberland Plateau,40-49,442,10,1
795,2020-12-07T00:00:00.000,Cumberland Plateau,50-59,502,40,2
796,2020-12-07T00:00:00.000,Cumberland Plateau,60-69,435,39,7
797,2020-12-07T00:00:00.000,Cumberland Plateau,70-79,280,37,8
798,2020-12-07T00:00:00.000,Cumberland Plateau,80+,141,36,24
799,2020-12-07T00:00:00.000,Cumberland Plateau,Missing,3,0,0
800,2020-12-07T00:00:00.000,Eastern Shore,0-9,38,2,0
801,2020-12-07T00:00:00.000,Eastern Shore,10-19,100,1,0
802,2020-12-07T00:00:00.000,Eastern Shore,20-29,250,6,0
803,2020-12-07T00:00:00.000,Eastern Shore,30-39,310,12,0
804,2020-12-07T00:00:00.000,Eastern Shore,40-49,313,15,2
805,2020-12-07T00:00:00.000,Eastern Shore,50-59,346,32,8
806,2020-12-07T00:00:00.000,Eastern Shore,60-69,247,35,8
807,2020-12-07T00:00:00.000,Eastern Shore,70-79,91,29,13
808,2020-12-07T00:00:00.000,Eastern Shore,80+,65,27,21
809,2020-12-07T00:00:00.000,Eastern Shore,Missing,6,0,0
810,2020-12-07T00:00:00.000,Fairfax,0-9,1703,40,0
811,2020-12-07T00:00:00.000,Fairfax,10-19,3170,40,0
812,2020-12-07T00:00:00.000,Fairfax,20-29,6276,135,3
813,2020-12-07T00:00:00.000,Fairfax,30-39,6336,269,9
814,2020-12-07T00:00:00.000,Fairfax,40-49,5755,400,16
815,2020-12-07T00:00:00.000,Fairfax,50-59,5146,493,49
816,2020-12-07T00:00:00.000,Fairfax,60-69,3027,494,91
817,2020-12-07T00:00:00.000,Fairfax,70-79,1260,359,132
818,2020-12-07T00:00:00.000,Fairfax,80+,1204,429,341
819,2020-12-07T00:00:00.000,Fairfax,Missing,231,7,0
820,2020-12-07T00:00:00.000,Hampton,0-9,96,0,0
821,2020-12-07T00:00:00.000,Hampton,10-19,199,1,0
822,2020-12-07T00:00:00.000,Hampton,20-29,729,7,1
823,2020-12-07T00:00:00.000,Hampton,30-39,530,9,0
824,2020-12-07T00:00:00.000,Hampton,40-49,386,19,1
825,2020-12-07T00:00:00.000,Hampton,50-59,404,29,5
826,2020-12-07T00:00:00.000,Hampton,60-69,294,32,14
827,2020-12-07T00:00:00.000,Hampton,70-79,181,31,6
828,2020-12-07T00:00:00.000,Hampton,80+,117,16,8
829,2020-12-07T00:00:00.000,Hampton,Missing,39,0,0
830,2020-12-07T00:00:00.000,Henrico,0-9,381,6,0
831,2020-12-07T00:00:00.000,Henrico,10-19,875,7,0
832,2020-12-07T00:00:00.000,Henrico,20-29,1649,27,1
833,2020-12-07T00:00:00.000,Henrico,30-39,1578,36,0
834,2020-12-07T00:00:00.000,Henrico,40-49,1352,65,5
835,2020-12-07T00:00:00.000,Henrico,50-59,1221,97,16
836,2020-12-07T00:00:00.000,Henrico,60-69,822,110,45
837,2020-12-07T00:00:00.000,Henrico,70-79,533,116,61
838,2020-12-07T00:00:00.000,Henrico,80+,645,145,131
839,2020-12-07T00:00:00.000,Henrico,Missing,81,3,1
840,2020-12-07T00:00:00.000,Lenowisco,0-9,134,0,0
841,2020-12-07T00:00:00.000,Lenowisco,10-19,297,3,0
842,2020-12-07T00:00:00.000,Lenowisco,20-29,434,1,0
843,2020-12-07T00:00:00.000,Lenowisco,30-39,479,6,1
844,2020-12-07T00:00:00.000,Lenowisco,40-49,500,14,2
845,2020-12-07T00:00:00.000,Lenowisco,50-59,488,29,7
846,2020-12-07T00:00:00.000,Lenowisco,60-69,440,39,8
847,2020-12-07T00:00:00.000,Lenowisco,70-79,352,52,31
848,2020-12-07T00:00:00.000,Lenowisco,80+,267,44,34
849,2020-12-07T00:00:00.000,Lenowisco,Missing,5,0,0
850,2020-12-07T00:00:00.000,Lord Fairfax,0-9,269,4,0
851,2020-12-07T00:00:00.000,Lord Fairfax,10-19,675,7,0
852,2020-12-07T00:00:00.000,Lord Fairfax,20-29,1168,14,0
853,2020-12-07T00:00:00.000,Lord Fairfax,30-39,1118,25,1
854,2020-12-07T00:00:00.000,Lord Fairfax,40-49,1016,38,1
855,2020-12-07T00:00:00.000,Lord Fairfax,50-59,1080,76,7
856,2020-12-07T00:00:00.000,Lord Fairfax,60-69,752,101,23
857,2020-12-07T00:00:00.000,Lord Fairfax,70-79,468,99,37
858,2020-12-07T00:00:00.000,Lord Fairfax,80+,501,98,83
859,2020-12-07T00:00:00.000,Lord Fairfax,Missing,5,0,0
860,2020-12-07T00:00:00.000,Loudoun,0-9,509,5,0
861,2020-12-07T00:00:00.000,Loudoun,10-19,1436,4,0
862,2020-12-07T00:00:00.000,Loudoun,20-29,1895,21,0
863,2020-12-07T00:00:00.000,Loudoun,30-39,1839,52,1
864,2020-12-07T00:00:00.000,Loudoun,40-49,2008,103,1
865,2020-12-07T00:00:00.000,Loudoun,50-59,1666,110,4
866,2020-12-07T00:00:00.000,Loudoun,60-69,719,110,14
867,2020-12-07T00:00:00.000,Loudoun,70-79,356,85,25
868,2020-12-07T00:00:00.000,Loudoun,80+,319,80,104
869,2020-12-07T00:00:00.000,Loudoun,Missing,85,0,1
870,2020-12-07T00:00:00.000,Mount Rogers,0-9,239,3,0
871,2020-12-07T00:00:00.000,Mount Rogers,10-19,674,2,0
872,2020-12-07T00:00:00.000,Mount Rogers,20-29,1031,3,0
873,2020-12-07T00:00:00.000,Mount Rogers,30-39,856,19,0
874,2020-12-07T00:00:00.000,Mount Rogers,40-49,1009,19,2
875,2020-12-07T00:00:00.000,Mount Rogers,50-59,1162,64,7
876,2020-12-07T00:00:00.000,Mount Rogers,60-69,977,82,16
877,2020-12-07T00:00:00.000,Mount Rogers,70-79,744,144,52
878,2020-12-07T00:00:00.000,Mount Rogers,80+,558,130,95
879,2020-12-07T00:00:00.000,Mount Rogers,Missing,1,0,0
880,2020-12-07T00:00:00.000,New River,0-9,93,2,0
881,2020-12-07T00:00:00.000,New River,10-19,1687,0,0
882,2020-12-07T00:00:00.000,New River,20-29,2636,6,0
883,2020-12-07T00:00:00.000,New River,30-39,511,5,0
884,2020-12-07T00:00:00.000,New River,40-49,503,13,0
885,2020-12-07T00:00:00.000,New River,50-59,534,20,1
886,2020-12-07T00:00:00.000,New River,60-69,428,34,6
887,2020-12-07T00:00:00.000,New River,70-79,303,57,18
888,2020-12-07T00:00:00.000,New River,80+,277,42,35
889,2020-12-07T00:00:00.000,New River,Missing,30,0,0
890,2020-12-07T00:00:00.000,Norfolk,0-9,246,4,0
891,2020-12-07T00:00:00.000,Norfolk,10-19,569,5,0
892,2020-12-07T00:00:00.000,Norfolk,20-29,2288,23,1
893,2020-12-07T00:00:00.000,Norfolk,30-39,1201,45,2
894,2020-12-07T00:00:00.000,Norfolk,40-49,771,50,2
895,2020-12-07T00:00:00.000,Norfolk,50-59,732,86,8
896,2020-12-07T00:00:00.000,Norfolk,60-69,603,119,24
897,2020-12-07T00:00:00.000,Norfolk,70-79,280,95,24
898,2020-12-07T00:00:00.000,Norfolk,80+,148,47,32
899,2020-12-07T00:00:00.000,Norfolk,Missing,56,1,0
900,2020-12-07T00:00:00.000,Peninsula,0-9,270,1,0
901,2020-12-07T00:00:00.000,Peninsula,10-19,599,1,0
902,2020-12-07T00:00:00.000,Peninsula,20-29,1717,7,0
903,2020-12-07T00:00:00.000,Peninsula,30-39,1259,28,3
904,2020-12-07T00:00:00.000,Peninsula,40-49,997,31,2
905,2020-12-07T00:00:00.000,Peninsula,50-59,941,49,5
906,2020-12-07T00:00:00.000,Peninsula,60-69,636,64,12
907,2020-12-07T00:00:00.000,Peninsula,70-79,383,75,34
908,2020-12-07T00:00:00.000,Peninsula,80+,230,47,41
909,2020-12-07T00:00:00.000,Peninsula,Missing,74,1,0
910,2020-12-07T00:00:00.000,Piedmont,0-9,112,1,0
911,2020-12-07T00:00:00.000,Piedmont,10-19,248,4,0
912,2020-12-07T00:00:00.000,Piedmont,20-29,614,4,0
913,2020-12-07T00:00:00.000,Piedmont,30-39,605,7,0
914,2020-12-07T00:00:00.000,Piedmont,40-49,586,19,1
915,2020-12-07T00:00:00.000,Piedmont,50-59,584,40,5
916,2020-12-07T00:00:00.000,Piedmont,60-69,437,47,16
917,2020-12-07T00:00:00.000,Piedmont,70-79,233,49,20
918,2020-12-07T00:00:00.000,Piedmont,80+,165,41,27
919,2020-12-07T00:00:00.000,Piedmont,Missing,4,0,0
920,2020-12-07T00:00:00.000,Pittsylvania-Danville,0-9,123,0,0
921,2020-12-07T00:00:00.000,Pittsylvania-Danville,10-19,310,2,0
922,2020-12-07T00:00:00.000,Pittsylvania-Danville,20-29,557,6,0
923,2020-12-07T00:00:00.000,Pittsylvania-Danville,30-39,512,7,1
924,2020-12-07T00:00:00.000,Pittsylvania-Danville,40-49,531,24,3
925,2020-12-07T00:00:00.000,Pittsylvania-Danville,50-59,641,47,4
926,2020-12-07T00:00:00.000,Pittsylvania-Danville,60-69,521,62,12
927,2020-12-07T00:00:00.000,Pittsylvania-Danville,70-79,307,61,16
928,2020-12-07T00:00:00.000,Pittsylvania-Danville,80+,253,56,40
929,2020-12-07T00:00:00.000,Pittsylvania-Danville,Missing,3,0,0
930,2020-12-07T00:00:00.000,Portsmouth,0-9,107,6,0
931,2020-12-07T00:00:00.000,Portsmouth,10-19,259,6,0
932,2020-12-07T00:00:00.000,Portsmouth,20-29,692,22,0
933,2020-12-07T00:00:00.000,Portsmouth,30-39,619,36,1
934,2020-12-07T00:00:00.000,Portsmouth,40-49,506,41,2
935,2020-12-07T00:00:00.000,Portsmouth,50-59,471,72,8
936,2020-12-07T00:00:00.000,Portsmouth,60-69,403,74,18
937,2020-12-07T00:00:00.000,Portsmouth,70-79,186,65,21
938,2020-12-07T00:00:00.000,Portsmouth,80+,109,37,21
939,2020-12-07T00:00:00.000,Portsmouth,Missing,28,1,0
940,2020-12-07T00:00:00.000,Prince William,0-9,1121,14,0
941,2020-12-07T00:00:00.000,Prince William,10-19,2283,15,0
942,2020-12-07T00:00:00.000,Prince William,20-29,4415,78,1
943,2020-12-07T00:00:00.000,Prince William,30-39,4137,144,4
944,2020-12-07T00:00:00.000,Prince William,40-49,4306,233,8
945,2020-12-07T00:00:00.000,Prince William,50-59,3356,288,25
946,2020-12-07T00:00:00.000,Prince William,60-69,1666,247,65
947,2020-12-07T00:00:00.000,Prince William,70-79,694,176,68
948,2020-12-07T00:00:00.000,Prince William,80+,404,121,99
949,2020-12-07T00:00:00.000,Prince William,Missing,265,3,1
950,2020-12-07T00:00:00.000,Rappahannock,0-9,414,3,0
951,2020-12-07T00:00:00.000,Rappahannock,10-19,1013,7,0
952,2020-12-07T00:00:00.000,Rappahannock,20-29,1752,26,0
953,2020-12-07T00:00:00.000,Rappahannock,30-39,1576,41,0
954,2020-12-07T00:00:00.000,Rappahannock,40-49,1497,68,4
955,2020-12-07T00:00:00.000,Rappahannock,50-59,1429,94,9
956,2020-12-07T00:00:00.000,Rappahannock,60-69,724,86,13
957,2020-12-07T00:00:00.000,Rappahannock,70-79,367,74,24
958,2020-12-07T00:00:00.000,Rappahannock,80+,325,105,49
959,2020-12-07T00:00:00.000,Rappahannock,Missing,76,3,1
960,2020-12-07T00:00:00.000,Rappahannock Rapidan,0-9,210,2,0
961,2020-12-07T00:00:00.000,Rappahannock Rapidan,10-19,448,4,0
962,2020-12-07T00:00:00.000,Rappahannock Rapidan,20-29,917,9,0
963,2020-12-07T00:00:00.000,Rappahannock Rapidan,30-39,946,27,2
964,2020-12-07T00:00:00.000,Rappahannock Rapidan,40-49,843,30,3
965,2020-12-07T00:00:00.000,Rappahannock Rapidan,50-59,830,51,4
966,2020-12-07T00:00:00.000,Rappahannock Rapidan,60-69,487,52,6
967,2020-12-07T00:00:00.000,Rappahannock Rapidan,70-79,223,38,14
968,2020-12-07T00:00:00.000,Rappahannock Rapidan,80+,140,29,29
969,2020-12-07T00:00:00.000,Rappahannock Rapidan,Missing,28,1,2
970,2020-12-07T00:00:00.000,Richmond,0-9,269,9,0
971,2020-12-07T00:00:00.000,Richmond,10-19,653,6,0
972,2020-12-07T00:00:00.000,Richmond,20-29,2125,25,0
973,2020-12-07T00:00:00.000,Richmond,30-39,1388,60,2
974,2020-12-07T00:00:00.000,Richmond,40-49,894,58,5
975,2020-12-07T00:00:00.000,Richmond,50-59,757,94,6
976,2020-12-07T00:00:00.000,Richmond,60-69,574,111,11
977,2020-12-07T00:00:00.000,Richmond,70-79,296,88,29
978,2020-12-07T00:00:00.000,Richmond,80+,173,59,29
979,2020-12-07T00:00:00.000,Richmond,Missing,47,1,0
980,2020-12-07T00:00:00.000,Roanoke,0-9,151,0,0
981,2020-12-07T00:00:00.000,Roanoke,10-19,372,1,0
982,2020-12-07T00:00:00.000,Roanoke,20-29,910,8,0
983,2020-12-07T00:00:00.000,Roanoke,30-39,747,14,0
984,2020-12-07T00:00:00.000,Roanoke,40-49,576,14,2
985,2020-12-07T00:00:00.000,Roanoke,50-59,573,21,1
986,2020-12-07T00:00:00.000,Roanoke,60-69,376,22,2
987,2020-12-07T00:00:00.000,Roanoke,70-79,258,31,21
988,2020-12-07T00:00:00.000,Roanoke,80+,364,21,52
989,2020-12-07T00:00:00.000,Roanoke,Missing,11,0,0
990,2020-12-07T00:00:00.000,Southside,0-9,55,0,0
991,2020-12-07T00:00:00.000,Southside,10-19,129,2,1
992,2020-12-07T00:00:00.000,Southside,20-29,305,2,0
993,2020-12-07T00:00:00.000,Southside,30-39,389,5,1
994,2020-12-07T00:00:00.000,Southside,40-49,346,7,0
995,2020-12-07T00:00:00.000,Southside,50-59,394,20,4
996,2020-12-07T00:00:00.000,Southside,60-69,354,27,12
997,2020-12-07T00:00:00.000,Southside,70-79,239,26,21
998,2020-12-07T00:00:00.000,Southside,80+,230,19,25
999,2020-12-07T00:00:00.000,Southside,Missing,4,0,0
