,report_date,case_status,number_of_cases,number_of_hospitalizations,number_of_deaths
0,2020-12-11T00:00:00.000,Confirmed,238281,15460,3973
1,2020-12-11T00:00:00.000,Probable,36157,404,397
2,2020-12-10T00:00:00.000,Confirmed,235720,15331,3940
3,2020-12-10T00:00:00.000,Probable,35323,392,395
4,2020-12-09T00:00:00.000,Confirmed,232940,15204,3894
5,2020-12-09T00:00:00.000,Probable,34188,388,387
6,2020-12-08T00:00:00.000,Confirmed,229553,15084,3875
7,2020-12-08T00:00:00.000,Probable,33177,383,385
8,2020-12-07T00:00:00.000,Confirmed,226426,14983,3829
9,2020-12-07T00:00:00.000,Probable,32444,373,379
10,2020-12-06T00:00:00.000,Confirmed,223379,14926,3822
11,2020-12-06T00:00:00.000,Probable,31674,369,378
12,2020-12-05T00:00:00.000,Confirmed,220510,14893,3819
13,2020-12-05T00:00:00.000,Probable,30663,362,378
14,2020-12-04T00:00:00.000,Confirmed,217588,14773,3805
15,2020-12-04T00:00:00.000,Probable,29792,343,355
16,2020-12-03T00:00:00.000,Confirmed,215768,14672,3798
17,2020-12-03T00:00:00.000,Probable,28735,342,349
18,2020-12-02T00:00:00.000,Confirmed,214386,14550,3768
19,2020-12-02T00:00:00.000,Probable,28094,333,345
20,2020-12-01T00:00:00.000,Confirmed,212916,14411,3750
21,2020-12-01T00:00:00.000,Probable,27147,314,343
22,2020-11-30T00:00:00.000,Confirmed,211254,14312,3723
23,2020-11-30T00:00:00.000,Probable,26581,307,339
24,2020-11-29T00:00:00.000,Confirmed,209783,14269,3719
25,2020-11-29T00:00:00.000,Probable,26159,303,339
26,2020-11-28T00:00:00.000,Confirmed,208169,14214,3715
27,2020-11-28T00:00:00.000,Probable,25448,302,339
28,2020-11-27T00:00:00.000,Confirmed,205632,14155,3704
29,2020-11-27T00:00:00.000,Probable,24812,296,340
30,2020-11-26T00:00:00.000,Confirmed,204406,14130,3698
31,2020-11-26T00:00:00.000,Probable,24494,287,331
32,2020-11-25T00:00:00.000,Confirmed,202426,14029,3679
33,2020-11-25T00:00:00.000,Probable,23874,283,329
34,2020-11-24T00:00:00.000,Confirmed,200284,13939,3660
35,2020-11-24T00:00:00.000,Probable,23298,273,319
36,2020-11-23T00:00:00.000,Confirmed,198142,13834,3629
37,2020-11-23T00:00:00.000,Probable,22896,262,313
38,2020-11-22T00:00:00.000,Confirmed,195499,13787,3628
39,2020-11-22T00:00:00.000,Probable,22297,259,310
40,2020-11-21T00:00:00.000,Confirmed,193754,13759,3628
41,2020-11-21T00:00:00.000,Probable,21925,258,310
42,2020-11-20T00:00:00.000,Confirmed,191971,13666,3605
43,2020-11-20T00:00:00.000,Probable,21360,248,307
44,2020-11-19T00:00:00.000,Confirmed,190156,13576,3594
45,2020-11-19T00:00:00.000,Probable,20631,239,302
46,2020-11-18T00:00:00.000,Confirmed,188853,13475,3569
47,2020-11-18T00:00:00.000,Probable,19980,232,291
48,2020-11-17T00:00:00.000,Confirmed,187287,13385,3557
49,2020-11-17T00:00:00.000,Probable,19475,223,278
50,2020-11-16T00:00:00.000,Confirmed,185525,13332,3533
51,2020-11-16T00:00:00.000,Probable,19112,220,273
52,2020-11-15T00:00:00.000,Confirmed,183454,13290,3527
53,2020-11-15T00:00:00.000,Probable,18506,214,273
54,2020-11-14T00:00:00.000,Confirmed,182484,13267,3526
55,2020-11-14T00:00:00.000,Probable,18315,213,273
56,2020-11-13T00:00:00.000,Confirmed,181476,13204,3513
57,2020-11-13T00:00:00.000,Probable,17786,204,272
58,2020-11-12T00:00:00.000,Confirmed,180623,13141,3490
59,2020-11-12T00:00:00.000,Probable,17404,198,268
60,2020-11-11T00:00:00.000,Confirmed,179686,13080,3474
61,2020-11-11T00:00:00.000,Probable,16820,193,267
62,2020-11-10T00:00:00.000,Confirmed,178432,12996,3460
63,2020-11-10T00:00:00.000,Probable,16480,187,266
64,2020-11-09T00:00:00.000,Confirmed,177240,12936,3447
65,2020-11-09T00:00:00.000,Probable,16237,180,266
66,2020-11-08T00:00:00.000,Confirmed,176219,12886,3441
67,2020-11-08T00:00:00.000,Probable,15956,178,266
68,2020-11-07T00:00:00.000,Confirmed,175187,12846,3439
69,2020-11-07T00:00:00.000,Probable,15686,176,265
70,2020-11-06T00:00:00.000,Confirmed,173645,12762,3432
71,2020-11-06T00:00:00.000,Probable,15125,174,250
72,2020-11-05T00:00:00.000,Confirmed,172418,12695,3426
73,2020-11-05T00:00:00.000,Probable,14784,170,262
74,2020-11-04T00:00:00.000,Confirmed,171426,12631,3416
75,2020-11-04T00:00:00.000,Probable,14410,166,261
76,2020-11-03T00:00:00.000,Confirmed,170577,12583,3408
77,2020-11-03T00:00:00.000,Probable,14102,156,258
78,2020-11-02T00:00:00.000,Confirmed,169512,12522,3402
79,2020-11-02T00:00:00.000,Probable,13906,152,256
80,2020-11-01T00:00:00.000,Confirmed,168675,12495,3399
81,2020-11-01T00:00:00.000,Probable,13717,152,256
82,2020-10-31T00:00:00.000,Confirmed,167703,12452,3398
83,2020-10-31T00:00:00.000,Probable,13487,152,256
84,2020-10-30T00:00:00.000,Confirmed,166551,12368,3391
85,2020-10-30T00:00:00.000,Probable,13088,143,252
86,2020-10-29T00:00:00.000,Confirmed,165384,12314,3384
87,2020-10-29T00:00:00.000,Probable,12799,140,252
88,2020-10-28T00:00:00.000,Confirmed,164308,12248,3364
89,2020-10-28T00:00:00.000,Probable,12446,136,252
90,2020-10-27T00:00:00.000,Confirmed,163339,12190,3350
91,2020-10-27T00:00:00.000,Probable,12070,130,250
92,2020-10-26T00:00:00.000,Confirmed,162427,12132,3331
93,2020-10-26T00:00:00.000,Probable,11848,128,250
94,2020-10-25T00:00:00.000,Confirmed,161668,12107,3329
95,2020-10-25T00:00:00.000,Probable,11703,126,250
96,2020-10-24T00:00:00.000,Confirmed,160843,12075,3328
97,2020-10-24T00:00:00.000,Probable,11529,123,250
98,2020-10-23T00:00:00.000,Confirmed,160004,12018,3293
99,2020-10-23T00:00:00.000,Probable,11280,122,246
100,2020-10-22T00:00:00.000,Confirmed,159060,11953,3274
101,2020-10-22T00:00:00.000,Probable,11044,120,250
102,2020-10-21T00:00:00.000,Confirmed,157998,11896,3266
103,2020-10-21T00:00:00.000,Probable,10774,114,249
104,2020-10-20T00:00:00.000,Confirmed,157213,11845,3236
105,2020-10-20T00:00:00.000,Probable,10541,110,249
106,2020-10-19T00:00:00.000,Confirmed,156439,11777,3209
107,2020-10-19T00:00:00.000,Probable,10389,105,248
108,2020-10-18T00:00:00.000,Confirmed,155838,11756,3186
109,2020-10-18T00:00:00.000,Probable,10300,105,247
110,2020-10-17T00:00:00.000,Confirmed,155068,11726,3175
111,2020-10-17T00:00:00.000,Probable,10170,105,247
112,2020-10-16T00:00:00.000,Confirmed,154126,11675,3161
113,2020-10-16T00:00:00.000,Probable,9998,105,247
114,2020-10-15T00:00:00.000,Confirmed,153117,11602,3149
115,2020-10-15T00:00:00.000,Probable,9824,102,239
116,2020-10-14T00:00:00.000,Confirmed,152039,11526,3141
117,2020-10-14T00:00:00.000,Probable,9571,102,240
118,2020-10-13T00:00:00.000,Confirmed,151357,11497,3132
119,2020-10-13T00:00:00.000,Probable,9448,101,240
120,2020-10-12T00:00:00.000,Confirmed,150321,11453,3122
121,2020-10-12T00:00:00.000,Probable,9249,100,239
122,2020-10-11T00:00:00.000,Confirmed,149631,11421,3120
123,2020-10-11T00:00:00.000,Probable,9085,98,238
124,2020-10-10T00:00:00.000,Confirmed,148933,11405,3116
125,2020-10-10T00:00:00.000,Probable,8972,96,238
126,2020-10-09T00:00:00.000,Confirmed,147928,11352,3110
127,2020-10-09T00:00:00.000,Probable,8721,95,234
128,2020-10-08T00:00:00.000,Confirmed,146957,11299,3097
129,2020-10-08T00:00:00.000,Probable,8578,94,231
130,2020-10-07T00:00:00.000,Confirmed,145462,11252,3088
131,2020-10-07T00:00:00.000,Probable,8229,93,215
132,2020-10-06T00:00:00.000,Confirmed,144987,11222,3077
133,2020-10-06T00:00:00.000,Probable,8195,94,214
134,2020-10-05T00:00:00.000,Confirmed,144439,11167,3063
135,2020-10-05T00:00:00.000,Probable,8118,92,213
136,2020-10-04T00:00:00.000,Confirmed,143883,11130,3060
137,2020-10-04T00:00:00.000,Probable,7987,91,213
138,2020-10-03T00:00:00.000,Confirmed,142923,11102,3057
139,2020-10-03T00:00:00.000,Probable,7880,89,213
140,2020-10-02T00:00:00.000,Confirmed,141850,11051,3037
141,2020-10-02T00:00:00.000,Probable,7837,89,213
142,2020-10-01T00:00:00.000,Confirmed,140990,11006,3015
143,2020-10-01T00:00:00.000,Probable,7731,86,213
144,2020-09-30T00:00:00.000,Confirmed,140614,10956,2995
145,2020-09-30T00:00:00.000,Probable,7657,85,213
146,2020-09-29T00:00:00.000,Confirmed,139961,10894,2976
147,2020-09-29T00:00:00.000,Probable,7555,84,211
148,2020-09-28T00:00:00.000,Confirmed,139144,10832,2962
149,2020-09-28T00:00:00.000,Probable,7449,84,210
150,2020-09-27T00:00:00.000,Confirmed,138734,10804,2951
151,2020-09-27T00:00:00.000,Probable,7410,85,208
152,2020-09-26T00:00:00.000,Confirmed,138173,10778,2937
153,2020-09-26T00:00:00.000,Probable,7235,85,207
154,2020-09-25T00:00:00.000,Confirmed,137283,10721,2930
155,2020-09-25T00:00:00.000,Probable,7150,85,206
156,2020-09-24T00:00:00.000,Confirmed,136448,10684,2907
157,2020-09-24T00:00:00.000,Probable,7044,85,206
158,2020-09-23T00:00:00.000,Confirmed,135626,10634,2882
159,2020-09-23T00:00:00.000,Probable,6964,84,207
160,2020-09-22T00:00:00.000,Confirmed,135101,10592,2853
161,2020-09-22T00:00:00.000,Probable,6909,83,207
162,2020-09-21T00:00:00.000,Confirmed,134301,10531,2816
163,2020-09-21T00:00:00.000,Probable,6837,82,205
164,2020-09-20T00:00:00.000,Confirmed,133722,10510,2811
165,2020-09-20T00:00:00.000,Probable,6789,81,204
166,2020-09-19T00:00:00.000,Confirmed,132966,10484,2787
167,2020-09-19T00:00:00.000,Probable,6689,78,203
168,2020-09-18T00:00:00.000,Confirmed,132090,10445,2755
169,2020-09-18T00:00:00.000,Probable,6612,75,194
170,2020-09-17T00:00:00.000,Confirmed,130960,10393,2734
171,2020-09-17T00:00:00.000,Probable,6500,71,186
172,2020-09-16T00:00:00.000,Confirmed,129963,10318,2711
173,2020-09-16T00:00:00.000,Probable,6396,71,173
174,2020-09-15T00:00:00.000,Confirmed,129259,10267,2691
175,2020-09-15T00:00:00.000,Probable,6255,70,148
176,2020-09-14T00:00:00.000,Confirmed,128400,10223,2607
177,2020-09-14T00:00:00.000,Probable,6171,70,136
178,2020-09-13T00:00:00.000,Confirmed,127672,10175,2591
179,2020-09-13T00:00:00.000,Probable,6142,69,133
180,2020-09-12T00:00:00.000,Confirmed,126850,10149,2589
181,2020-09-12T00:00:00.000,Probable,6090,69,133
182,2020-09-11T00:00:00.000,Confirmed,125703,10085,2578
183,2020-09-11T00:00:00.000,Probable,5937,70,133
184,2020-09-10T00:00:00.000,Confirmed,124619,10015,2575
185,2020-09-10T00:00:00.000,Probable,5906,70,133
186,2020-09-09T00:00:00.000,Confirmed,123488,9938,2564
187,2020-09-09T00:00:00.000,Probable,5801,70,133
188,2020-09-08T00:00:00.000,Confirmed,122711,9863,2553
189,2020-09-08T00:00:00.000,Probable,5696,69,133
190,2020-09-07T00:00:00.000,Confirmed,121919,9833,2551
191,2020-09-07T00:00:00.000,Probable,5652,69,133
192,2020-09-06T00:00:00.000,Confirmed,121317,9812,2545
193,2020-09-06T00:00:00.000,Probable,5609,69,133
194,2020-09-05T00:00:00.000,Confirmed,120191,9781,2544
195,2020-09-05T00:00:00.000,Probable,5536,68,133
196,2020-09-04T00:00:00.000,Confirmed,119259,9730,2529
197,2020-09-04T00:00:00.000,Probable,5520,68,133
198,2020-09-03T00:00:00.000,Confirmed,118190,9673,2519
199,2020-09-03T00:00:00.000,Probable,5478,68,133
200,2020-09-02T00:00:00.000,Confirmed,117141,9610,2508
201,2020-09-02T00:00:00.000,Probable,5401,68,133
202,2020-09-01T00:00:00.000,Confirmed,116294,9555,2479
203,2020-09-01T00:00:00.000,Probable,5321,66,133
204,2020-08-31T00:00:00.000,Confirmed,115334,9504,2447
205,2020-08-31T00:00:00.000,Probable,5260,65,133
206,2020-08-30T00:00:00.000,Confirmed,114514,9490,2436
207,2020-08-30T00:00:00.000,Probable,5233,65,133
208,2020-08-29T00:00:00.000,Confirmed,113623,9448,2435
209,2020-08-29T00:00:00.000,Probable,5186,64,133
210,2020-08-28T00:00:00.000,Confirmed,112446,9397,2417
211,2020-08-28T00:00:00.000,Probable,5146,63,133
212,2020-08-27T00:00:00.000,Confirmed,111484,9329,2394
213,2020-08-27T00:00:00.000,Probable,5095,62,133
214,2020-08-26T00:00:00.000,Confirmed,110437,9264,2382
215,2020-08-26T00:00:00.000,Probable,5021,62,133
216,2020-08-25T00:00:00.000,Confirmed,109679,9199,2370
217,2020-08-25T00:00:00.000,Probable,4956,60,124
218,2020-08-24T00:00:00.000,Confirmed,108767,9148,2352
219,2020-08-24T00:00:00.000,Probable,4863,59,119
220,2020-08-23T00:00:00.000,Confirmed,108112,9117,2348
221,2020-08-23T00:00:00.000,Probable,4854,59,119
222,2020-08-22T00:00:00.000,Confirmed,107268,9081,2324
223,2020-08-22T00:00:00.000,Probable,4804,58,119
224,2020-08-21T00:00:00.000,Confirmed,106177,9014,2319
225,2020-08-21T00:00:00.000,Probable,4683,57,117
226,2020-08-20T00:00:00.000,Confirmed,105289,8940,2310
227,2020-08-20T00:00:00.000,Probable,4593,58,117
228,2020-08-19T00:00:00.000,Confirmed,104475,8868,2293
229,2020-08-19T00:00:00.000,Probable,4544,57,117
230,2020-08-18T00:00:00.000,Confirmed,103809,8793,2278
231,2020-08-18T00:00:00.000,Probable,4473,56,118
232,2020-08-17T00:00:00.000,Confirmed,103016,8713,2268
233,2020-08-17T00:00:00.000,Probable,4405,54,117
234,2020-08-16T00:00:00.000,Confirmed,102299,8682,2266
235,2020-08-16T00:00:00.000,Probable,4388,55,115
236,2020-08-15T00:00:00.000,Confirmed,101448,8648,2265
237,2020-08-15T00:00:00.000,Probable,4302,53,116
238,2020-08-14T00:00:00.000,Confirmed,100603,8597,2255
239,2020-08-14T00:00:00.000,Probable,4235,53,115
240,2020-08-13T00:00:00.000,Confirmed,99428,8540,2248
241,2020-08-13T00:00:00.000,Probable,4194,52,115
242,2020-08-12T00:00:00.000,Confirmed,98374,8480,2238
243,2020-08-12T00:00:00.000,Probable,4147,52,114
244,2020-08-11T00:00:00.000,Confirmed,97712,8407,2232
245,2020-08-11T00:00:00.000,Probable,4033,51,112
246,2020-08-10T00:00:00.000,Confirmed,96807,8341,2215
247,2020-08-10T00:00:00.000,Probable,3942,50,112
248,2020-08-09T00:00:00.000,Confirmed,96167,8319,2214
249,2020-08-09T00:00:00.000,Probable,3919,50,112
250,2020-08-08T00:00:00.000,Confirmed,95326,8282,2211
251,2020-08-08T00:00:00.000,Probable,3863,50,111
252,2020-08-07T00:00:00.000,Confirmed,94141,8231,2208
253,2020-08-07T00:00:00.000,Probable,3741,50,109
254,2020-08-06T00:00:00.000,Confirmed,92244,8135,2191
255,2020-08-06T00:00:00.000,Probable,3623,48,108
256,2020-08-05T00:00:00.000,Confirmed,91473,8077,2164
257,2020-08-05T00:00:00.000,Probable,3576,49,110
258,2020-08-04T00:00:00.000,Confirmed,90728,8037,2134
259,2020-08-04T00:00:00.000,Probable,3523,48,110
260,2020-08-03T00:00:00.000,Confirmed,89602,7970,2108
261,2020-08-03T00:00:00.000,Probable,3504,48,110
262,2020-08-02T00:00:00.000,Confirmed,88324,7907,2108
263,2020-08-02T00:00:00.000,Probable,3458,48,110
264,2020-08-01T00:00:00.000,Confirmed,87367,7862,2105
265,2020-08-01T00:00:00.000,Probable,3434,48,110
266,2020-07-31T00:00:00.000,Confirmed,86501,7820,2067
267,2020-07-31T00:00:00.000,Probable,3387,46,107
268,2020-07-30T00:00:00.000,Confirmed,85546,7740,2035
269,2020-07-30T00:00:00.000,Probable,3358,46,106
270,2020-07-29T00:00:00.000,Confirmed,84700,7692,2020
271,2020-07-29T00:00:00.000,Probable,3293,46,105
272,2020-07-28T00:00:00.000,Confirmed,83732,7640,1991
273,2020-07-28T00:00:00.000,Probable,3262,46,104
274,2020-07-27T00:00:00.000,Confirmed,82871,7600,1978
275,2020-07-27T00:00:00.000,Probable,3201,47,104
276,2020-07-26T00:00:00.000,Confirmed,81393,7546,1975
277,2020-07-26T00:00:00.000,Probable,3174,47,103
278,2020-07-25T00:00:00.000,Confirmed,80480,7524,1972
279,2020-07-25T00:00:00.000,Probable,3129,46,103
280,2020-07-24T00:00:00.000,Confirmed,79253,7472,1964
281,2020-07-24T00:00:00.000,Probable,3111,43,103
282,2020-07-23T00:00:00.000,Confirmed,78182,7394,1951
283,2020-07-23T00:00:00.000,Probable,3055,43,103
284,2020-07-22T00:00:00.000,Confirmed,77380,7307,1948
285,2020-07-22T00:00:00.000,Probable,3013,44,103
286,2020-07-21T00:00:00.000,Confirmed,76427,7223,1945
287,2020-07-21T00:00:00.000,Probable,2944,44,103
288,2020-07-20T00:00:00.000,Confirmed,75415,7157,1927
289,2020-07-20T00:00:00.000,Probable,2960,44,104
290,2020-07-19T00:00:00.000,Confirmed,74490,7121,1923
291,2020-07-19T00:00:00.000,Probable,2940,44,104
292,2020-07-18T00:00:00.000,Confirmed,73420,7102,1921
293,2020-07-18T00:00:00.000,Probable,2953,45,104
294,2020-07-17T00:00:00.000,Confirmed,72516,7040,1909
295,2020-07-17T00:00:00.000,Probable,2917,47,104
296,2020-07-16T00:00:00.000,Confirmed,71570,6975,1903
297,2020-07-16T00:00:00.000,Probable,2861,45,104
298,2020-07-15T00:00:00.000,Confirmed,70669,6859,1882
299,2020-07-15T00:00:00.000,Probable,2858,46,110
300,2020-07-14T00:00:00.000,Confirmed,69610,6771,1870
301,2020-07-14T00:00:00.000,Probable,2833,46,107
302,2020-07-13T00:00:00.000,Confirmed,68814,6720,1861
303,2020-07-13T00:00:00.000,Probable,2828,45,107
304,2020-07-12T00:00:00.000,Confirmed,67830,6699,1859
305,2020-07-12T00:00:00.000,Probable,2840,45,107
306,2020-07-11T00:00:00.000,Confirmed,66963,6663,1857
307,2020-07-11T00:00:00.000,Probable,2819,44,105
308,2020-07-10T00:00:00.000,Confirmed,66095,6632,1853
309,2020-07-10T00:00:00.000,Probable,2836,43,105
310,2020-07-09T00:00:00.000,Confirmed,65191,6582,1832
311,2020-07-09T00:00:00.000,Probable,2797,43,105
312,2020-07-08T00:00:00.000,Confirmed,64583,6534,1799
313,2020-07-08T00:00:00.000,Probable,2792,43,106
314,2020-07-07T00:00:00.000,Confirmed,63950,6470,1775
315,2020-07-07T00:00:00.000,Probable,2790,42,106
316,2020-07-06T00:00:00.000,Confirmed,63339,6394,1747
317,2020-07-06T00:00:00.000,Probable,2763,41,106
318,2020-07-05T00:00:00.000,Confirmed,62981,6377,1746
319,2020-07-05T00:00:00.000,Probable,2767,41,107
320,2020-07-04T00:00:00.000,Confirmed,62400,6370,1745
321,2020-07-04T00:00:00.000,Probable,2709,35,104
322,2020-07-03T00:00:00.000,Confirmed,61690,6348,1741
323,2020-07-03T00:00:00.000,Probable,2703,34,104
324,2020-07-02T00:00:00.000,Confirmed,61039,6298,1712
325,2020-07-02T00:00:00.000,Probable,2696,35,104
326,2020-07-01T00:00:00.000,Confirmed,60528,6228,1681
327,2020-07-01T00:00:00.000,Probable,2675,34,105
328,2020-06-30T00:00:00.000,Confirmed,60124,6169,1658
329,2020-06-30T00:00:00.000,Probable,2663,34,105
330,2020-06-29T00:00:00.000,Confirmed,59522,6128,1635
331,2020-06-29T00:00:00.000,Probable,2667,36,105
332,2020-06-28T00:00:00.000,Confirmed,59071,6100,1628
333,2020-06-28T00:00:00.000,Probable,2665,36,104
334,2020-06-27T00:00:00.000,Confirmed,58611,6084,1620
335,2020-06-27T00:00:00.000,Probable,2636,36,104
336,2020-06-26T00:00:00.000,Confirmed,57977,6035,1596
337,2020-06-26T00:00:00.000,Probable,2593,36,104
338,2020-06-25T00:00:00.000,Confirmed,57384,5961,1572
339,2020-06-25T00:00:00.000,Probable,2562,34,103
340,2020-06-24T00:00:00.000,Confirmed,56956,5922,1559
341,2020-06-24T00:00:00.000,Probable,2558,33,102
342,2020-06-23T00:00:00.000,Confirmed,56452,5881,1542
343,2020-06-23T00:00:00.000,Probable,2542,32,103
344,2020-06-22T00:00:00.000,Confirmed,55949,5837,1517
345,2020-06-22T00:00:00.000,Probable,2516,32,103
346,2020-06-21T00:00:00.000,Confirmed,55504,5808,1508
347,2020-06-21T00:00:00.000,Probable,2490,32,103
348,2020-06-20T00:00:00.000,Confirmed,54953,5775,1504
349,2020-06-20T00:00:00.000,Probable,2490,32,103
350,2020-06-19T00:00:00.000,Confirmed,54312,5765,1499
351,2020-06-19T00:00:00.000,Probable,2481,32,103
352,2020-06-18T00:00:00.000,Confirmed,53769,5713,1482
353,2020-06-18T00:00:00.000,Probable,2469,31,104
354,2020-06-17T00:00:00.000,Confirmed,53318,5661,1478
355,2020-06-17T00:00:00.000,Probable,2457,31,105
356,2020-06-16T00:00:00.000,Confirmed,52917,5614,1465
357,2020-06-16T00:00:00.000,Probable,2414,29,105
358,2020-06-15T00:00:00.000,Confirmed,52460,5557,1444
359,2020-06-15T00:00:00.000,Probable,2426,31,108
360,2020-06-14T00:00:00.000,Confirmed,52103,5506,1438
361,2020-06-14T00:00:00.000,Probable,2403,30,108
362,2020-06-13T00:00:00.000,Confirmed,51499,5482,1435
363,2020-06-13T00:00:00.000,Probable,2370,29,106
364,2020-06-12T00:00:00.000,Confirmed,50853,5417,1426
365,2020-06-12T00:00:00.000,Probable,2358,28,108
366,2020-06-11T00:00:00.000,Confirmed,50275,5331,1413
367,2020-06-11T00:00:00.000,Probable,2372,29,107
368,2020-06-10T00:00:00.000,Confirmed,49785,5240,1408
369,2020-06-10T00:00:00.000,Probable,2392,32,106
370,2020-06-09T00:00:00.000,Confirmed,49362,5172,1391
371,2020-06-09T00:00:00.000,Probable,2376,31,105
372,2020-06-08T00:00:00.000,Confirmed,48879,5112,1373
373,2020-06-08T00:00:00.000,Probable,2372,31,104
374,2020-06-07T00:00:00.000,Confirmed,48349,5075,1369
375,2020-06-07T00:00:00.000,Probable,2332,31,103
376,2020-06-06T00:00:00.000,Confirmed,47123,5024,1357
377,2020-06-06T00:00:00.000,Probable,2274,30,103
378,2020-06-05T00:00:00.000,Confirmed,46281,4978,1350
379,2020-06-05T00:00:00.000,Probable,2251,30,103
380,2020-06-04T00:00:00.000,Confirmed,45620,4925,1338
381,2020-06-04T00:00:00.000,Probable,2236,32,107
382,2020-06-03T00:00:00.000,Confirmed,44715,4852,1322
383,2020-06-03T00:00:00.000,Probable,2190,32,106
384,2020-06-02T00:00:00.000,Confirmed,44069,4738,1300
385,2020-06-02T00:00:00.000,Probable,2170,32,107
386,2020-06-01T00:00:00.000,Confirmed,43247,4660,1282
387,2020-06-01T00:00:00.000,Probable,2151,34,110
388,2020-05-31T00:00:00.000,Confirmed,42499,4611,1274
389,2020-05-31T00:00:00.000,Probable,2108,32,101
390,2020-05-30T00:00:00.000,Confirmed,41529,4570,1269
391,2020-05-30T00:00:00.000,Probable,2082,31,101
392,2020-05-29T00:00:00.000,Confirmed,40477,4497,1258
393,2020-05-29T00:00:00.000,Probable,2056,32,100
394,2020-05-28T00:00:00.000,Confirmed,39393,4410,1236
395,2020-05-28T00:00:00.000,Probable,2008,32,102
396,2020-05-27T00:00:00.000,Confirmed,38276,4351,1202
397,2020-05-27T00:00:00.000,Probable,1973,34,79
398,2020-05-26T00:00:00.000,Confirmed,37440,4294,1175
399,2020-05-26T00:00:00.000,Probable,1902,31,61
400,2020-05-25T00:00:00.000,Confirmed,35890,4239,1158
401,2020-05-25T00:00:00.000,Probable,1837,30,50
402,2020-05-24T00:00:00.000,Confirmed,34451,4185,1135
403,2020-05-24T00:00:00.000,Probable,1793,29,36
404,2020-05-23T00:00:00.000,Confirmed,33962,4153,1123
405,2020-05-23T00:00:00.000,Probable,1787,28,36
406,2020-05-22T00:00:00.000,Confirmed,33208,4117,1100
407,2020-05-22T00:00:00.000,Probable,1742,28,36
408,2020-05-21T00:00:00.000,Confirmed,32428,4066,1064
409,2020-05-21T00:00:00.000,Probable,1709,27,35
410,2020-05-20T00:00:00.000,Confirmed,31247,3951,1040
411,2020-05-20T00:00:00.000,Probable,1661,28,34
412,2020-05-19T00:00:00.000,Confirmed,30539,3876,1007
413,2020-05-19T00:00:00.000,Probable,1606,28,34
414,2020-05-18T00:00:00.000,Confirmed,29591,3796,980
415,2020-05-18T00:00:00.000,Probable,1549,26,34
416,2020-05-17T00:00:00.000,Confirmed,28901,3749,975
417,2020-05-17T00:00:00.000,Probable,1487,26,34
418,2020-05-16T00:00:00.000,Confirmed,28233,3697,968
419,2020-05-16T00:00:00.000,Probable,1450,27,34
420,2020-05-15T00:00:00.000,Confirmed,27293,3630,944
421,2020-05-15T00:00:00.000,Probable,1379,27,33
422,2020-05-14T00:00:00.000,Confirmed,26469,3568,927
423,2020-05-14T00:00:00.000,Probable,1344,24,28
424,2020-05-13T00:00:00.000,Confirmed,25431,3498,899
425,2020-05-13T00:00:00.000,Probable,1315,22,28
426,2020-05-12T00:00:00.000,Confirmed,24601,3373,864
427,2020-05-12T00:00:00.000,Probable,1199,22,27
428,2020-05-11T00:00:00.000,Confirmed,23889,3278,823
429,2020-05-11T00:00:00.000,Probable,1181,22,27
430,2020-05-10T00:00:00.000,Confirmed,22962,3190,813
431,2020-05-10T00:00:00.000,Probable,1119,21,26
432,2020-05-09T00:00:00.000,Confirmed,22086,3143,801
433,2020-05-09T00:00:00.000,Probable,1110,21,26
434,2020-05-08T00:00:00.000,Confirmed,21274,3039,787
435,2020-05-08T00:00:00.000,Probable,1068,20,25
436,2020-05-07T00:00:00.000,Confirmed,20537,2934,745
437,2020-05-07T00:00:00.000,Probable,1033,21,24
438,2020-05-05T00:00:00.000,Confirmed,19357,2754,690
439,2020-05-05T00:00:00.000,Probable,899,19,23
440,2020-05-04T00:00:00.000,Confirmed,18640,2681,662
441,2020-05-04T00:00:00.000,Probable,852,19,22
442,2020-05-03T00:00:00.000,Confirmed,17873,2613,644
443,2020-05-03T00:00:00.000,Probable,798,14,16
444,2020-05-02T00:00:00.000,Confirmed,16979,2510,607
445,2020-05-02T00:00:00.000,Probable,752,9,9
446,2020-05-01T00:00:00.000,Confirmed,16109,2407,572
447,2020-05-01T00:00:00.000,Probable,792,9,9
448,2020-04-30T00:00:00.000,Confirmed,15180,2313,543
449,2020-04-30T00:00:00.000,Probable,666,9,9
450,2020-04-29T00:00:00.000,Confirmed,14328,2252,513
451,2020-04-29T00:00:00.000,Probable,633,7,9
452,2020-04-28T00:00:00.000,Confirmed,13794,2158,487
453,2020-04-28T00:00:00.000,Probable,545,7,5
454,2020-04-27T00:00:00.000,Confirmed,13036,2059,454
455,2020-04-27T00:00:00.000,Probable,499,7,4
456,2020-04-26T00:00:00.000,Confirmed,12488,2007,444
457,2020-04-26T00:00:00.000,Probable,482,7,4
458,2020-04-25T00:00:00.000,Confirmed,11902,1935,432
459,2020-04-25T00:00:00.000,Probable,464,7,4
460,2020-04-24T00:00:00.000,Confirmed,11169,1829,407
461,2020-04-24T00:00:00.000,Probable,425,8,3
462,2020-04-23T00:00:00.000,Confirmed,10627,1743,370
463,2020-04-23T00:00:00.000,Probable,371,10,2
464,2020-04-22T00:00:00.000,Confirmed,9952,1656,347
465,2020-04-22T00:00:00.000,Probable,314,3,2
466,2020-04-21T00:00:00.000,Confirmed,9451,1578,321
467,2020-04-21T00:00:00.000,Probable,179,3,3
