,report_date,fips,locality,vdh_health_district,total_cases,hospitalizations,deaths
0,2020-09-27T00:00:00.000,51001,Accomack,Eastern Shore,1175,90,19
1,2020-09-27T00:00:00.000,51003,Albemarle,Thomas Jefferson,1255,76,21
2,2020-09-27T00:00:00.000,51005,Alleghany,Alleghany,79,8,4
3,2020-09-27T00:00:00.000,51007,Amelia,Piedmont,124,14,5
4,2020-09-27T00:00:00.000,51009,Amherst,Central Virginia,396,14,4
5,2020-09-27T00:00:00.000,51011,Appomattox,Central Virginia,215,13,3
6,2020-09-27T00:00:00.000,51013,Arlington,Arlington,3951,498,149
7,2020-09-27T00:00:00.000,51015,Augusta,Central Shenandoah,497,23,7
8,2020-09-27T00:00:00.000,51017,Bath,Central Shenandoah,9,0,0
9,2020-09-27T00:00:00.000,51019,Bedford,Central Virginia,760,39,13
10,2020-09-27T00:00:00.000,51021,Bland,Mount Rogers,64,3,5
11,2020-09-27T00:00:00.000,51023,Botetourt,Alleghany,302,24,10
12,2020-09-27T00:00:00.000,51025,Brunswick,Southside,358,29,5
13,2020-09-27T00:00:00.000,51027,Buchanan,Cumberland Plateau,140,9,2
14,2020-09-27T00:00:00.000,51029,Buckingham,Piedmont,679,24,9
15,2020-09-27T00:00:00.000,51031,Campbell,Central Virginia,450,14,4
16,2020-09-27T00:00:00.000,51033,Caroline,Rappahannock,354,28,5
17,2020-09-27T00:00:00.000,51035,Carroll,Mount Rogers,500,42,24
18,2020-09-27T00:00:00.000,51036,Charles City,Chickahominy,85,21,5
19,2020-09-27T00:00:00.000,51037,Charlotte,Piedmont,107,6,0
20,2020-09-27T00:00:00.000,51041,Chesterfield,Chesterfield,5985,330,94
21,2020-09-27T00:00:00.000,51043,Clarke,Lord Fairfax,94,12,0
22,2020-09-27T00:00:00.000,51045,Craig,Alleghany,31,1,0
23,2020-09-27T00:00:00.000,51047,Culpeper,Rappahannock Rapidan,1196,94,17
24,2020-09-27T00:00:00.000,51049,Cumberland,Piedmont,105,8,2
25,2020-09-27T00:00:00.000,51051,Dickenson,Cumberland Plateau,101,7,1
26,2020-09-27T00:00:00.000,51053,Dinwiddie,Crater,385,38,11
27,2020-09-27T00:00:00.000,51057,Essex,Three Rivers,180,12,2
28,2020-09-27T00:00:00.000,51059,Fairfax,Fairfax,20801,2153,586
29,2020-09-27T00:00:00.000,51061,Fauquier,Rappahannock Rapidan,936,47,25
30,2020-09-27T00:00:00.000,51063,Floyd,New River,203,11,9
31,2020-09-27T00:00:00.000,51065,Fluvanna,Thomas Jefferson,379,35,9
32,2020-09-27T00:00:00.000,51067,Franklin County,West Piedmont,337,16,3
33,2020-09-27T00:00:00.000,51069,Frederick,Lord Fairfax,883,66,13
34,2020-09-27T00:00:00.000,51071,Giles,New River,89,3,0
35,2020-09-27T00:00:00.000,51073,Gloucester,Three Rivers,244,13,2
36,2020-09-27T00:00:00.000,51075,Goochland,Chickahominy,271,28,7
37,2020-09-27T00:00:00.000,51077,Grayson,Mount Rogers,320,26,13
38,2020-09-27T00:00:00.000,51079,Greene,Thomas Jefferson,216,10,3
39,2020-09-27T00:00:00.000,51081,Greensville,Crater,789,34,11
40,2020-09-27T00:00:00.000,51083,Halifax,Southside,348,11,6
41,2020-09-27T00:00:00.000,51085,Hanover,Chickahominy,1293,100,37
42,2020-09-27T00:00:00.000,51087,Henrico,Henrico,5453,432,211
43,2020-09-27T00:00:00.000,51089,Henry,West Piedmont,1065,116,24
44,2020-09-27T00:00:00.000,51091,Highland,Central Shenandoah,7,0,0
45,2020-09-27T00:00:00.000,51093,Isle of Wight,Western Tidewater,739,35,19
46,2020-09-27T00:00:00.000,51095,James City,Peninsula,851,64,20
47,2020-09-27T00:00:00.000,51097,King and Queen,Three Rivers,72,10,1
48,2020-09-27T00:00:00.000,51099,King George,Rappahannock,229,21,4
49,2020-09-27T00:00:00.000,51101,King William,Three Rivers,161,13,2
50,2020-09-27T00:00:00.000,51103,Lancaster,Three Rivers,146,7,0
51,2020-09-27T00:00:00.000,51105,Lee,Lenowisco,269,24,7
52,2020-09-27T00:00:00.000,51107,Loudoun,Loudoun,6816,429,124
53,2020-09-27T00:00:00.000,51109,Louisa,Thomas Jefferson,290,30,6
54,2020-09-27T00:00:00.000,51111,Lunenburg,Piedmont,118,6,3
55,2020-09-27T00:00:00.000,51113,Madison,Rappahannock Rapidan,106,6,3
56,2020-09-27T00:00:00.000,51115,Mathews,Three Rivers,74,6,0
57,2020-09-27T00:00:00.000,51117,Mecklenburg,Southside,718,44,33
58,2020-09-27T00:00:00.000,51119,Middlesex,Three Rivers,119,8,10
59,2020-09-27T00:00:00.000,51121,Montgomery,New River,1936,21,4
60,2020-09-27T00:00:00.000,51125,Nelson,Thomas Jefferson,104,5,2
61,2020-09-27T00:00:00.000,51127,New Kent,Chickahominy,191,14,3
62,2020-09-27T00:00:00.000,51131,Northampton,Eastern Shore,305,49,31
63,2020-09-27T00:00:00.000,51133,Northumberland,Three Rivers,160,10,6
64,2020-09-27T00:00:00.000,51135,Nottoway,Piedmont,265,44,18
65,2020-09-27T00:00:00.000,51137,Orange,Rappahannock Rapidan,325,20,4
66,2020-09-27T00:00:00.000,51139,Page,Lord Fairfax,393,42,29
67,2020-09-27T00:00:00.000,51141,Patrick,West Piedmont,277,52,25
68,2020-09-27T00:00:00.000,51143,Pittsylvania,Pittsylvania-Danville,998,54,9
69,2020-09-27T00:00:00.000,51145,Powhatan,Chesterfield,222,14,5
70,2020-09-27T00:00:00.000,51147,Prince Edward,Piedmont,580,33,12
71,2020-09-27T00:00:00.000,51149,Prince George,Crater,803,24,5
72,2020-09-27T00:00:00.000,51153,Prince William,Prince William,12449,909,203
73,2020-09-27T00:00:00.000,51155,Pulaski,New River,236,15,5
74,2020-09-27T00:00:00.000,51157,Rappahannock,Rappahannock Rapidan,63,5,2
75,2020-09-27T00:00:00.000,51159,Richmond County,Three Rivers,349,15,4
76,2020-09-27T00:00:00.000,51161,Roanoke County,Alleghany,879,28,7
77,2020-09-27T00:00:00.000,51163,Rockbridge,Central Shenandoah,115,5,2
78,2020-09-27T00:00:00.000,51165,Rockingham,Central Shenandoah,1424,114,22
79,2020-09-27T00:00:00.000,51167,Russell,Cumberland Plateau,262,24,5
80,2020-09-27T00:00:00.000,51169,Scott,Lenowisco,186,16,4
81,2020-09-27T00:00:00.000,51171,Shenandoah,Lord Fairfax,806,87,58
82,2020-09-27T00:00:00.000,51173,Smyth,Mount Rogers,491,45,13
83,2020-09-27T00:00:00.000,51175,Southampton,Western Tidewater,757,22,23
84,2020-09-27T00:00:00.000,51177,Spotsylvania,Rappahannock,2136,133,44
85,2020-09-27T00:00:00.000,51179,Stafford,Rappahannock,2012,158,17
86,2020-09-27T00:00:00.000,51181,Surry,Crater,119,8,3
87,2020-09-27T00:00:00.000,51183,Sussex,Crater,465,29,11
88,2020-09-27T00:00:00.000,51185,Tazewell,Cumberland Plateau,301,16,2
89,2020-09-27T00:00:00.000,51187,Warren,Lord Fairfax,418,24,7
90,2020-09-27T00:00:00.000,51191,Washington,Mount Rogers,572,58,20
91,2020-09-27T00:00:00.000,51193,Westmoreland,Three Rivers,275,22,3
92,2020-09-27T00:00:00.000,51195,Wise,Lenowisco,411,32,9
93,2020-09-27T00:00:00.000,51197,Wythe,Mount Rogers,238,21,4
94,2020-09-27T00:00:00.000,51199,York,Peninsula,545,16,8
95,2020-09-27T00:00:00.000,51510,Alexandria,Alexandria,3814,320,69
96,2020-09-27T00:00:00.000,51520,Bristol,Mount Rogers,185,10,5
97,2020-09-27T00:00:00.000,51530,Buena Vista City,Central Shenandoah,83,4,1
98,2020-09-27T00:00:00.000,51540,Charlottesville,Thomas Jefferson,1216,29,28
99,2020-09-27T00:00:00.000,51550,Chesapeake,Chesapeake,4299,409,72
100,2020-09-27T00:00:00.000,51570,Colonial Heights,Chesterfield,256,26,25
101,2020-09-27T00:00:00.000,51580,Covington,Alleghany,32,1,0
102,2020-09-27T00:00:00.000,51590,Danville,Pittsylvania-Danville,875,85,27
103,2020-09-27T00:00:00.000,51595,Emporia,Crater,258,33,26
104,2020-09-27T00:00:00.000,51600,Fairfax City,Fairfax,137,14,8
105,2020-09-27T00:00:00.000,51610,Falls Church,Fairfax,70,13,7
106,2020-09-27T00:00:00.000,51620,Franklin City,Western Tidewater,415,19,9
107,2020-09-27T00:00:00.000,51630,Fredericksburg,Rappahannock,539,49,5
108,2020-09-27T00:00:00.000,51640,Galax,Mount Rogers,418,41,30
109,2020-09-27T00:00:00.000,51650,Hampton,Hampton,1819,65,24
110,2020-09-27T00:00:00.000,51660,Harrisonburg,Central Shenandoah,2631,93,34
111,2020-09-27T00:00:00.000,51670,Hopewell,Crater,393,35,7
112,2020-09-27T00:00:00.000,51678,Lexington,Central Shenandoah,85,3,1
113,2020-09-27T00:00:00.000,51680,Lynchburg,Central Virginia,1396,41,13
114,2020-09-27T00:00:00.000,51683,Manassas City,Prince William,1920,128,25
115,2020-09-27T00:00:00.000,51685,Manassas Park,Prince William,612,54,8
116,2020-09-27T00:00:00.000,51690,Martinsville,West Piedmont,382,61,17
117,2020-09-27T00:00:00.000,51700,Newport News,Peninsula,2733,100,38
118,2020-09-27T00:00:00.000,51710,Norfolk,Norfolk,4824,364,78
119,2020-09-27T00:00:00.000,51720,Norton,Lenowisco,34,3,0
120,2020-09-27T00:00:00.000,51730,Petersburg,Crater,740,73,29
121,2020-09-27T00:00:00.000,51735,Poquoson,Peninsula,74,3,2
122,2020-09-27T00:00:00.000,51740,Portsmouth,Portsmouth,2559,276,59
123,2020-09-27T00:00:00.000,51750,Radford,New River,740,8,1
124,2020-09-27T00:00:00.000,51760,Richmond City,Richmond,4637,416,61
125,2020-09-27T00:00:00.000,51770,Roanoke City,Roanoke,1713,66,27
126,2020-09-27T00:00:00.000,51775,Salem,Alleghany,267,14,6
127,2020-09-27T00:00:00.000,51790,Staunton,Central Shenandoah,257,13,0
128,2020-09-27T00:00:00.000,51800,Suffolk,Western Tidewater,1972,123,72
129,2020-09-27T00:00:00.000,51810,Virginia Beach,Virginia Beach,6826,374,90
130,2020-09-27T00:00:00.000,51820,Waynesboro,Central Shenandoah,266,10,3
131,2020-09-27T00:00:00.000,51830,Williamsburg,Peninsula,181,12,7
132,2020-09-27T00:00:00.000,51840,Winchester,Lord Fairfax,499,36,4
133,2020-09-26T00:00:00.000,51001,Accomack,Eastern Shore,1175,90,19
134,2020-09-26T00:00:00.000,51003,Albemarle,Thomas Jefferson,1253,76,21
135,2020-09-26T00:00:00.000,51005,Alleghany,Alleghany,78,8,4
136,2020-09-26T00:00:00.000,51007,Amelia,Piedmont,124,14,5
137,2020-09-26T00:00:00.000,51009,Amherst,Central Virginia,395,14,4
138,2020-09-26T00:00:00.000,51011,Appomattox,Central Virginia,215,13,3
139,2020-09-26T00:00:00.000,51013,Arlington,Arlington,3935,498,149
140,2020-09-26T00:00:00.000,51015,Augusta,Central Shenandoah,494,23,7
141,2020-09-26T00:00:00.000,51017,Bath,Central Shenandoah,7,0,0
142,2020-09-26T00:00:00.000,51019,Bedford,Central Virginia,753,38,13
143,2020-09-26T00:00:00.000,51021,Bland,Mount Rogers,64,3,5
144,2020-09-26T00:00:00.000,51023,Botetourt,Alleghany,302,24,10
145,2020-09-26T00:00:00.000,51025,Brunswick,Southside,355,29,5
146,2020-09-26T00:00:00.000,51027,Buchanan,Cumberland Plateau,140,8,2
147,2020-09-26T00:00:00.000,51029,Buckingham,Piedmont,679,24,9
148,2020-09-26T00:00:00.000,51031,Campbell,Central Virginia,447,14,4
149,2020-09-26T00:00:00.000,51033,Caroline,Rappahannock,350,28,5
150,2020-09-26T00:00:00.000,51035,Carroll,Mount Rogers,499,42,24
151,2020-09-26T00:00:00.000,51036,Charles City,Chickahominy,84,21,5
152,2020-09-26T00:00:00.000,51037,Charlotte,Piedmont,106,6,0
153,2020-09-26T00:00:00.000,51041,Chesterfield,Chesterfield,5945,329,94
154,2020-09-26T00:00:00.000,51043,Clarke,Lord Fairfax,94,12,0
155,2020-09-26T00:00:00.000,51045,Craig,Alleghany,29,1,0
156,2020-09-26T00:00:00.000,51047,Culpeper,Rappahannock Rapidan,1195,94,17
157,2020-09-26T00:00:00.000,51049,Cumberland,Piedmont,105,8,2
158,2020-09-26T00:00:00.000,51051,Dickenson,Cumberland Plateau,101,7,1
159,2020-09-26T00:00:00.000,51053,Dinwiddie,Crater,377,38,11
160,2020-09-26T00:00:00.000,51057,Essex,Three Rivers,178,11,2
161,2020-09-26T00:00:00.000,51059,Fairfax,Fairfax,20687,2153,586
162,2020-09-26T00:00:00.000,51061,Fauquier,Rappahannock Rapidan,931,47,25
163,2020-09-26T00:00:00.000,51063,Floyd,New River,203,11,9
164,2020-09-26T00:00:00.000,51065,Fluvanna,Thomas Jefferson,375,35,9
165,2020-09-26T00:00:00.000,51067,Franklin County,West Piedmont,335,16,3
166,2020-09-26T00:00:00.000,51069,Frederick,Lord Fairfax,881,66,13
167,2020-09-26T00:00:00.000,51071,Giles,New River,89,3,0
168,2020-09-26T00:00:00.000,51073,Gloucester,Three Rivers,242,13,2
169,2020-09-26T00:00:00.000,51075,Goochland,Chickahominy,269,29,7
170,2020-09-26T00:00:00.000,51077,Grayson,Mount Rogers,312,25,12
171,2020-09-26T00:00:00.000,51079,Greene,Thomas Jefferson,216,10,3
172,2020-09-26T00:00:00.000,51081,Greensville,Crater,781,34,11
173,2020-09-26T00:00:00.000,51083,Halifax,Southside,348,11,6
174,2020-09-26T00:00:00.000,51085,Hanover,Chickahominy,1288,99,37
175,2020-09-26T00:00:00.000,51087,Henrico,Henrico,5434,431,211
176,2020-09-26T00:00:00.000,51089,Henry,West Piedmont,1046,114,21
177,2020-09-26T00:00:00.000,51091,Highland,Central Shenandoah,7,0,0
178,2020-09-26T00:00:00.000,51093,Isle of Wight,Western Tidewater,733,35,19
179,2020-09-26T00:00:00.000,51095,James City,Peninsula,848,64,20
180,2020-09-26T00:00:00.000,51097,King and Queen,Three Rivers,72,10,1
181,2020-09-26T00:00:00.000,51099,King George,Rappahannock,228,21,4
182,2020-09-26T00:00:00.000,51101,King William,Three Rivers,160,12,2
183,2020-09-26T00:00:00.000,51103,Lancaster,Three Rivers,144,7,0
184,2020-09-26T00:00:00.000,51105,Lee,Lenowisco,267,24,7
185,2020-09-26T00:00:00.000,51107,Loudoun,Loudoun,6792,429,124
186,2020-09-26T00:00:00.000,51109,Louisa,Thomas Jefferson,289,30,6
187,2020-09-26T00:00:00.000,51111,Lunenburg,Piedmont,118,6,3
188,2020-09-26T00:00:00.000,51113,Madison,Rappahannock Rapidan,106,6,3
189,2020-09-26T00:00:00.000,51115,Mathews,Three Rivers,72,5,0
190,2020-09-26T00:00:00.000,51117,Mecklenburg,Southside,717,44,33
191,2020-09-26T00:00:00.000,51119,Middlesex,Three Rivers,115,7,10
192,2020-09-26T00:00:00.000,51121,Montgomery,New River,1909,21,4
193,2020-09-26T00:00:00.000,51125,Nelson,Thomas Jefferson,100,5,2
194,2020-09-26T00:00:00.000,51127,New Kent,Chickahominy,189,14,3
195,2020-09-26T00:00:00.000,51131,Northampton,Eastern Shore,305,49,31
196,2020-09-26T00:00:00.000,51133,Northumberland,Three Rivers,157,10,6
197,2020-09-26T00:00:00.000,51135,Nottoway,Piedmont,265,44,18
198,2020-09-26T00:00:00.000,51137,Orange,Rappahannock Rapidan,322,20,4
199,2020-09-26T00:00:00.000,51139,Page,Lord Fairfax,393,42,29
200,2020-09-26T00:00:00.000,51141,Patrick,West Piedmont,277,52,25
201,2020-09-26T00:00:00.000,51143,Pittsylvania,Pittsylvania-Danville,994,53,9
202,2020-09-26T00:00:00.000,51145,Powhatan,Chesterfield,221,14,5
203,2020-09-26T00:00:00.000,51147,Prince Edward,Piedmont,581,33,12
204,2020-09-26T00:00:00.000,51149,Prince George,Crater,796,24,5
205,2020-09-26T00:00:00.000,51153,Prince William,Prince William,12394,908,203
206,2020-09-26T00:00:00.000,51155,Pulaski,New River,232,15,5
207,2020-09-26T00:00:00.000,51157,Rappahannock,Rappahannock Rapidan,63,5,2
208,2020-09-26T00:00:00.000,51159,Richmond County,Three Rivers,348,15,4
209,2020-09-26T00:00:00.000,51161,Roanoke County,Alleghany,861,28,7
210,2020-09-26T00:00:00.000,51163,Rockbridge,Central Shenandoah,111,5,2
211,2020-09-26T00:00:00.000,51165,Rockingham,Central Shenandoah,1423,115,22
212,2020-09-26T00:00:00.000,51167,Russell,Cumberland Plateau,257,24,5
213,2020-09-26T00:00:00.000,51169,Scott,Lenowisco,185,16,4
214,2020-09-26T00:00:00.000,51171,Shenandoah,Lord Fairfax,806,87,58
215,2020-09-26T00:00:00.000,51173,Smyth,Mount Rogers,465,43,10
216,2020-09-26T00:00:00.000,51175,Southampton,Western Tidewater,755,22,23
217,2020-09-26T00:00:00.000,51177,Spotsylvania,Rappahannock,2131,132,44
218,2020-09-26T00:00:00.000,51179,Stafford,Rappahannock,2005,158,17
219,2020-09-26T00:00:00.000,51181,Surry,Crater,119,8,3
220,2020-09-26T00:00:00.000,51183,Sussex,Crater,463,29,11
221,2020-09-26T00:00:00.000,51185,Tazewell,Cumberland Plateau,297,16,2
222,2020-09-26T00:00:00.000,51187,Warren,Lord Fairfax,418,24,7
223,2020-09-26T00:00:00.000,51191,Washington,Mount Rogers,563,56,20
224,2020-09-26T00:00:00.000,51193,Westmoreland,Three Rivers,274,22,3
225,2020-09-26T00:00:00.000,51195,Wise,Lenowisco,408,32,9
226,2020-09-26T00:00:00.000,51197,Wythe,Mount Rogers,237,21,4
227,2020-09-26T00:00:00.000,51199,York,Peninsula,544,16,8
228,2020-09-26T00:00:00.000,51510,Alexandria,Alexandria,3804,319,69
229,2020-09-26T00:00:00.000,51520,Bristol,Mount Rogers,182,10,5
230,2020-09-26T00:00:00.000,51530,Buena Vista City,Central Shenandoah,80,4,1
231,2020-09-26T00:00:00.000,51540,Charlottesville,Thomas Jefferson,1186,29,28
232,2020-09-26T00:00:00.000,51550,Chesapeake,Chesapeake,4296,407,71
233,2020-09-26T00:00:00.000,51570,Colonial Heights,Chesterfield,256,26,25
234,2020-09-26T00:00:00.000,51580,Covington,Alleghany,32,1,0
235,2020-09-26T00:00:00.000,51590,Danville,Pittsylvania-Danville,868,85,27
236,2020-09-26T00:00:00.000,51595,Emporia,Crater,255,33,26
237,2020-09-26T00:00:00.000,51600,Fairfax City,Fairfax,136,14,8
238,2020-09-26T00:00:00.000,51610,Falls Church,Fairfax,70,13,7
239,2020-09-26T00:00:00.000,51620,Franklin City,Western Tidewater,415,19,9
240,2020-09-26T00:00:00.000,51630,Fredericksburg,Rappahannock,539,49,5
241,2020-09-26T00:00:00.000,51640,Galax,Mount Rogers,415,41,30
242,2020-09-26T00:00:00.000,51650,Hampton,Hampton,1809,65,24
243,2020-09-26T00:00:00.000,51660,Harrisonburg,Central Shenandoah,2608,93,34
244,2020-09-26T00:00:00.000,51670,Hopewell,Crater,390,35,7
245,2020-09-26T00:00:00.000,51678,Lexington,Central Shenandoah,77,3,1
246,2020-09-26T00:00:00.000,51680,Lynchburg,Central Virginia,1391,41,13
247,2020-09-26T00:00:00.000,51683,Manassas City,Prince William,1918,128,25
248,2020-09-26T00:00:00.000,51685,Manassas Park,Prince William,610,54,8
249,2020-09-26T00:00:00.000,51690,Martinsville,West Piedmont,382,61,16
250,2020-09-26T00:00:00.000,51700,Newport News,Peninsula,2721,97,38
251,2020-09-26T00:00:00.000,51710,Norfolk,Norfolk,4822,363,78
252,2020-09-26T00:00:00.000,51720,Norton,Lenowisco,33,3,0
253,2020-09-26T00:00:00.000,51730,Petersburg,Crater,734,73,29
254,2020-09-26T00:00:00.000,51735,Poquoson,Peninsula,74,3,2
255,2020-09-26T00:00:00.000,51740,Portsmouth,Portsmouth,2555,275,59
256,2020-09-26T00:00:00.000,51750,Radford,New River,737,8,1
257,2020-09-26T00:00:00.000,51760,Richmond City,Richmond,4625,416,61
258,2020-09-26T00:00:00.000,51770,Roanoke City,Roanoke,1694,65,23
259,2020-09-26T00:00:00.000,51775,Salem,Alleghany,267,14,5
260,2020-09-26T00:00:00.000,51790,Staunton,Central Shenandoah,256,13,0
261,2020-09-26T00:00:00.000,51800,Suffolk,Western Tidewater,1970,123,72
262,2020-09-26T00:00:00.000,51810,Virginia Beach,Virginia Beach,6809,374,89
263,2020-09-26T00:00:00.000,51820,Waynesboro,Central Shenandoah,265,10,3
264,2020-09-26T00:00:00.000,51830,Williamsburg,Peninsula,178,12,7
265,2020-09-26T00:00:00.000,51840,Winchester,Lord Fairfax,497,36,4
266,2020-09-25T00:00:00.000,51001,Accomack,Eastern Shore,1172,90,19
267,2020-09-25T00:00:00.000,51003,Albemarle,Thomas Jefferson,1233,76,21
268,2020-09-25T00:00:00.000,51005,Alleghany,Alleghany,78,8,4
269,2020-09-25T00:00:00.000,51007,Amelia,Piedmont,124,13,5
270,2020-09-25T00:00:00.000,51009,Amherst,Central Virginia,390,13,4
271,2020-09-25T00:00:00.000,51011,Appomattox,Central Virginia,213,13,3
272,2020-09-25T00:00:00.000,51013,Arlington,Arlington,3909,498,148
273,2020-09-25T00:00:00.000,51015,Augusta,Central Shenandoah,478,23,7
274,2020-09-25T00:00:00.000,51017,Bath,Central Shenandoah,7,0,0
275,2020-09-25T00:00:00.000,51019,Bedford,Central Virginia,739,37,13
276,2020-09-25T00:00:00.000,51021,Bland,Mount Rogers,64,3,5
277,2020-09-25T00:00:00.000,51023,Botetourt,Alleghany,297,24,10
278,2020-09-25T00:00:00.000,51025,Brunswick,Southside,351,29,5
279,2020-09-25T00:00:00.000,51027,Buchanan,Cumberland Plateau,137,8,2
280,2020-09-25T00:00:00.000,51029,Buckingham,Piedmont,677,24,9
281,2020-09-25T00:00:00.000,51031,Campbell,Central Virginia,436,14,4
282,2020-09-25T00:00:00.000,51033,Caroline,Rappahannock,347,28,5
283,2020-09-25T00:00:00.000,51035,Carroll,Mount Rogers,492,41,24
284,2020-09-25T00:00:00.000,51036,Charles City,Chickahominy,84,21,5
285,2020-09-25T00:00:00.000,51037,Charlotte,Piedmont,106,5,0
286,2020-09-25T00:00:00.000,51041,Chesterfield,Chesterfield,5916,322,94
287,2020-09-25T00:00:00.000,51043,Clarke,Lord Fairfax,94,12,0
288,2020-09-25T00:00:00.000,51045,Craig,Alleghany,29,1,0
289,2020-09-25T00:00:00.000,51047,Culpeper,Rappahannock Rapidan,1190,94,17
290,2020-09-25T00:00:00.000,51049,Cumberland,Piedmont,104,8,2
291,2020-09-25T00:00:00.000,51051,Dickenson,Cumberland Plateau,99,7,1
292,2020-09-25T00:00:00.000,51053,Dinwiddie,Crater,376,38,11
293,2020-09-25T00:00:00.000,51057,Essex,Three Rivers,176,11,2
294,2020-09-25T00:00:00.000,51059,Fairfax,Fairfax,20627,2146,586
295,2020-09-25T00:00:00.000,51061,Fauquier,Rappahannock Rapidan,925,47,25
296,2020-09-25T00:00:00.000,51063,Floyd,New River,201,10,9
297,2020-09-25T00:00:00.000,51065,Fluvanna,Thomas Jefferson,375,35,9
298,2020-09-25T00:00:00.000,51067,Franklin County,West Piedmont,333,16,3
299,2020-09-25T00:00:00.000,51069,Frederick,Lord Fairfax,873,66,13
300,2020-09-25T00:00:00.000,51071,Giles,New River,88,3,0
301,2020-09-25T00:00:00.000,51073,Gloucester,Three Rivers,235,13,2
302,2020-09-25T00:00:00.000,51075,Goochland,Chickahominy,266,29,7
303,2020-09-25T00:00:00.000,51077,Grayson,Mount Rogers,308,25,12
304,2020-09-25T00:00:00.000,51079,Greene,Thomas Jefferson,216,10,3
305,2020-09-25T00:00:00.000,51081,Greensville,Crater,782,34,11
306,2020-09-25T00:00:00.000,51083,Halifax,Southside,342,11,6
307,2020-09-25T00:00:00.000,51085,Hanover,Chickahominy,1286,98,37
308,2020-09-25T00:00:00.000,51087,Henrico,Henrico,5399,427,211
309,2020-09-25T00:00:00.000,51089,Henry,West Piedmont,1042,113,20
310,2020-09-25T00:00:00.000,51091,Highland,Central Shenandoah,7,0,0
311,2020-09-25T00:00:00.000,51093,Isle of Wight,Western Tidewater,723,35,19
312,2020-09-25T00:00:00.000,51095,James City,Peninsula,842,64,20
313,2020-09-25T00:00:00.000,51097,King and Queen,Three Rivers,72,10,1
314,2020-09-25T00:00:00.000,51099,King George,Rappahannock,228,21,4
315,2020-09-25T00:00:00.000,51101,King William,Three Rivers,157,12,2
316,2020-09-25T00:00:00.000,51103,Lancaster,Three Rivers,142,7,0
317,2020-09-25T00:00:00.000,51105,Lee,Lenowisco,266,24,7
318,2020-09-25T00:00:00.000,51107,Loudoun,Loudoun,6774,428,124
319,2020-09-25T00:00:00.000,51109,Louisa,Thomas Jefferson,287,30,6
320,2020-09-25T00:00:00.000,51111,Lunenburg,Piedmont,116,6,3
321,2020-09-25T00:00:00.000,51113,Madison,Rappahannock Rapidan,106,6,3
322,2020-09-25T00:00:00.000,51115,Mathews,Three Rivers,49,5,0
323,2020-09-25T00:00:00.000,51117,Mecklenburg,Southside,711,44,33
324,2020-09-25T00:00:00.000,51119,Middlesex,Three Rivers,113,7,10
325,2020-09-25T00:00:00.000,51121,Montgomery,New River,1880,21,4
326,2020-09-25T00:00:00.000,51125,Nelson,Thomas Jefferson,100,5,2
327,2020-09-25T00:00:00.000,51127,New Kent,Chickahominy,188,14,3
328,2020-09-25T00:00:00.000,51131,Northampton,Eastern Shore,305,49,31
329,2020-09-25T00:00:00.000,51133,Northumberland,Three Rivers,152,10,6
330,2020-09-25T00:00:00.000,51135,Nottoway,Piedmont,257,44,18
331,2020-09-25T00:00:00.000,51137,Orange,Rappahannock Rapidan,320,20,4
332,2020-09-25T00:00:00.000,51139,Page,Lord Fairfax,390,42,29
333,2020-09-25T00:00:00.000,51141,Patrick,West Piedmont,276,51,24
334,2020-09-25T00:00:00.000,51143,Pittsylvania,Pittsylvania-Danville,985,52,9
335,2020-09-25T00:00:00.000,51145,Powhatan,Chesterfield,219,14,5
336,2020-09-25T00:00:00.000,51147,Prince Edward,Piedmont,577,32,12
337,2020-09-25T00:00:00.000,51149,Prince George,Crater,791,24,5
338,2020-09-25T00:00:00.000,51153,Prince William,Prince William,12318,906,202
339,2020-09-25T00:00:00.000,51155,Pulaski,New River,225,15,5
340,2020-09-25T00:00:00.000,51157,Rappahannock,Rappahannock Rapidan,64,5,2
341,2020-09-25T00:00:00.000,51159,Richmond County,Three Rivers,346,15,4
342,2020-09-25T00:00:00.000,51161,Roanoke County,Alleghany,842,27,7
343,2020-09-25T00:00:00.000,51163,Rockbridge,Central Shenandoah,108,5,2
344,2020-09-25T00:00:00.000,51165,Rockingham,Central Shenandoah,1414,115,21
345,2020-09-25T00:00:00.000,51167,Russell,Cumberland Plateau,254,24,5
346,2020-09-25T00:00:00.000,51169,Scott,Lenowisco,184,16,4
347,2020-09-25T00:00:00.000,51171,Shenandoah,Lord Fairfax,805,87,58
348,2020-09-25T00:00:00.000,51173,Smyth,Mount Rogers,457,43,10
349,2020-09-25T00:00:00.000,51175,Southampton,Western Tidewater,748,22,23
350,2020-09-25T00:00:00.000,51177,Spotsylvania,Rappahannock,2121,132,44
351,2020-09-25T00:00:00.000,51179,Stafford,Rappahannock,1998,157,17
352,2020-09-25T00:00:00.000,51181,Surry,Crater,118,8,3
353,2020-09-25T00:00:00.000,51183,Sussex,Crater,462,29,11
354,2020-09-25T00:00:00.000,51185,Tazewell,Cumberland Plateau,284,15,2
355,2020-09-25T00:00:00.000,51187,Warren,Lord Fairfax,415,24,7
356,2020-09-25T00:00:00.000,51191,Washington,Mount Rogers,553,55,20
357,2020-09-25T00:00:00.000,51193,Westmoreland,Three Rivers,273,22,3
358,2020-09-25T00:00:00.000,51195,Wise,Lenowisco,400,32,9
359,2020-09-25T00:00:00.000,51197,Wythe,Mount Rogers,232,21,4
360,2020-09-25T00:00:00.000,51199,York,Peninsula,541,16,8
361,2020-09-25T00:00:00.000,51510,Alexandria,Alexandria,3780,318,69
362,2020-09-25T00:00:00.000,51520,Bristol,Mount Rogers,182,10,5
363,2020-09-25T00:00:00.000,51530,Buena Vista City,Central Shenandoah,80,4,1
364,2020-09-25T00:00:00.000,51540,Charlottesville,Thomas Jefferson,1144,29,28
365,2020-09-25T00:00:00.000,51550,Chesapeake,Chesapeake,4271,402,71
366,2020-09-25T00:00:00.000,51570,Colonial Heights,Chesterfield,253,25,25
367,2020-09-25T00:00:00.000,51580,Covington,Alleghany,32,1,0
368,2020-09-25T00:00:00.000,51590,Danville,Pittsylvania-Danville,860,84,27
369,2020-09-25T00:00:00.000,51595,Emporia,Crater,255,33,26
370,2020-09-25T00:00:00.000,51600,Fairfax City,Fairfax,135,14,8
371,2020-09-25T00:00:00.000,51610,Falls Church,Fairfax,70,13,6
372,2020-09-25T00:00:00.000,51620,Franklin City,Western Tidewater,413,18,9
373,2020-09-25T00:00:00.000,51630,Fredericksburg,Rappahannock,535,49,5
374,2020-09-25T00:00:00.000,51640,Galax,Mount Rogers,413,41,30
375,2020-09-25T00:00:00.000,51650,Hampton,Hampton,1803,65,24
376,2020-09-25T00:00:00.000,51660,Harrisonburg,Central Shenandoah,2578,93,34
377,2020-09-25T00:00:00.000,51670,Hopewell,Crater,390,35,7
378,2020-09-25T00:00:00.000,51678,Lexington,Central Shenandoah,73,3,1
379,2020-09-25T00:00:00.000,51680,Lynchburg,Central Virginia,1374,41,13
380,2020-09-25T00:00:00.000,51683,Manassas City,Prince William,1918,128,25
381,2020-09-25T00:00:00.000,51685,Manassas Park,Prince William,610,54,8
382,2020-09-25T00:00:00.000,51690,Martinsville,West Piedmont,380,61,16
383,2020-09-25T00:00:00.000,51700,Newport News,Peninsula,2715,96,38
384,2020-09-25T00:00:00.000,51710,Norfolk,Norfolk,4800,361,78
385,2020-09-25T00:00:00.000,51720,Norton,Lenowisco,33,3,0
386,2020-09-25T00:00:00.000,51730,Petersburg,Crater,734,72,29
387,2020-09-25T00:00:00.000,51735,Poquoson,Peninsula,74,3,2
388,2020-09-25T00:00:00.000,51740,Portsmouth,Portsmouth,2547,274,58
389,2020-09-25T00:00:00.000,51750,Radford,New River,734,8,1
390,2020-09-25T00:00:00.000,51760,Richmond City,Richmond,4595,416,61
391,2020-09-25T00:00:00.000,51770,Roanoke City,Roanoke,1656,65,23
392,2020-09-25T00:00:00.000,51775,Salem,Alleghany,264,14,5
393,2020-09-25T00:00:00.000,51790,Staunton,Central Shenandoah,251,12,0
394,2020-09-25T00:00:00.000,51800,Suffolk,Western Tidewater,1963,123,72
395,2020-09-25T00:00:00.000,51810,Virginia Beach,Virginia Beach,6776,369,88
396,2020-09-25T00:00:00.000,51820,Waynesboro,Central Shenandoah,259,10,3
397,2020-09-25T00:00:00.000,51830,Williamsburg,Peninsula,177,12,7
398,2020-09-25T00:00:00.000,51840,Winchester,Lord Fairfax,495,35,4
399,2020-09-24T00:00:00.000,51001,Accomack,Eastern Shore,1169,90,19
400,2020-09-24T00:00:00.000,51003,Albemarle,Thomas Jefferson,1215,75,21
401,2020-09-24T00:00:00.000,51005,Alleghany,Alleghany,77,8,4
402,2020-09-24T00:00:00.000,51007,Amelia,Piedmont,124,13,5
403,2020-09-24T00:00:00.000,51009,Amherst,Central Virginia,388,13,4
404,2020-09-24T00:00:00.000,51011,Appomattox,Central Virginia,210,13,3
405,2020-09-24T00:00:00.000,51013,Arlington,Arlington,3889,498,148
406,2020-09-24T00:00:00.000,51015,Augusta,Central Shenandoah,474,22,7
407,2020-09-24T00:00:00.000,51017,Bath,Central Shenandoah,7,0,0
408,2020-09-24T00:00:00.000,51019,Bedford,Central Virginia,730,34,12
409,2020-09-24T00:00:00.000,51021,Bland,Mount Rogers,65,3,4
410,2020-09-24T00:00:00.000,51023,Botetourt,Alleghany,293,24,10
411,2020-09-24T00:00:00.000,51025,Brunswick,Southside,349,29,5
412,2020-09-24T00:00:00.000,51027,Buchanan,Cumberland Plateau,136,8,2
413,2020-09-24T00:00:00.000,51029,Buckingham,Piedmont,677,24,9
414,2020-09-24T00:00:00.000,51031,Campbell,Central Virginia,435,14,4
415,2020-09-24T00:00:00.000,51033,Caroline,Rappahannock,347,29,5
416,2020-09-24T00:00:00.000,51035,Carroll,Mount Rogers,489,41,24
417,2020-09-24T00:00:00.000,51036,Charles City,Chickahominy,84,21,5
418,2020-09-24T00:00:00.000,51037,Charlotte,Piedmont,106,5,0
419,2020-09-24T00:00:00.000,51041,Chesterfield,Chesterfield,5870,322,94
420,2020-09-24T00:00:00.000,51043,Clarke,Lord Fairfax,93,12,0
421,2020-09-24T00:00:00.000,51045,Craig,Alleghany,29,1,0
422,2020-09-24T00:00:00.000,51047,Culpeper,Rappahannock Rapidan,1188,94,16
423,2020-09-24T00:00:00.000,51049,Cumberland,Piedmont,104,8,2
424,2020-09-24T00:00:00.000,51051,Dickenson,Cumberland Plateau,97,7,1
425,2020-09-24T00:00:00.000,51053,Dinwiddie,Crater,375,38,11
426,2020-09-24T00:00:00.000,51057,Essex,Three Rivers,176,11,2
427,2020-09-24T00:00:00.000,51059,Fairfax,Fairfax,20504,2155,583
428,2020-09-24T00:00:00.000,51061,Fauquier,Rappahannock Rapidan,920,47,25
429,2020-09-24T00:00:00.000,51063,Floyd,New River,198,10,9
430,2020-09-24T00:00:00.000,51065,Fluvanna,Thomas Jefferson,374,35,9
431,2020-09-24T00:00:00.000,51067,Franklin County,West Piedmont,329,16,3
432,2020-09-24T00:00:00.000,51069,Frederick,Lord Fairfax,865,66,13
433,2020-09-24T00:00:00.000,51071,Giles,New River,88,3,0
434,2020-09-24T00:00:00.000,51073,Gloucester,Three Rivers,234,13,2
435,2020-09-24T00:00:00.000,51075,Goochland,Chickahominy,261,27,7
436,2020-09-24T00:00:00.000,51077,Grayson,Mount Rogers,307,25,12
437,2020-09-24T00:00:00.000,51079,Greene,Thomas Jefferson,213,10,3
438,2020-09-24T00:00:00.000,51081,Greensville,Crater,780,34,11
439,2020-09-24T00:00:00.000,51083,Halifax,Southside,336,11,6
440,2020-09-24T00:00:00.000,51085,Hanover,Chickahominy,1265,97,36
441,2020-09-24T00:00:00.000,51087,Henrico,Henrico,5371,424,210
442,2020-09-24T00:00:00.000,51089,Henry,West Piedmont,1035,112,20
443,2020-09-24T00:00:00.000,51091,Highland,Central Shenandoah,6,0,0
444,2020-09-24T00:00:00.000,51093,Isle of Wight,Western Tidewater,718,35,18
445,2020-09-24T00:00:00.000,51095,James City,Peninsula,839,64,20
446,2020-09-24T00:00:00.000,51097,King and Queen,Three Rivers,72,10,1
447,2020-09-24T00:00:00.000,51099,King George,Rappahannock,227,21,4
448,2020-09-24T00:00:00.000,51101,King William,Three Rivers,155,12,2
449,2020-09-24T00:00:00.000,51103,Lancaster,Three Rivers,141,7,0
450,2020-09-24T00:00:00.000,51105,Lee,Lenowisco,263,24,7
451,2020-09-24T00:00:00.000,51107,Loudoun,Loudoun,6747,428,124
452,2020-09-24T00:00:00.000,51109,Louisa,Thomas Jefferson,286,30,6
453,2020-09-24T00:00:00.000,51111,Lunenburg,Piedmont,116,6,3
454,2020-09-24T00:00:00.000,51113,Madison,Rappahannock Rapidan,106,6,3
455,2020-09-24T00:00:00.000,51115,Mathews,Three Rivers,42,3,0
456,2020-09-24T00:00:00.000,51117,Mecklenburg,Southside,694,44,33
457,2020-09-24T00:00:00.000,51119,Middlesex,Three Rivers,112,7,10
458,2020-09-24T00:00:00.000,51121,Montgomery,New River,1818,21,4
459,2020-09-24T00:00:00.000,51125,Nelson,Thomas Jefferson,100,5,2
460,2020-09-24T00:00:00.000,51127,New Kent,Chickahominy,184,14,3
461,2020-09-24T00:00:00.000,51131,Northampton,Eastern Shore,305,49,31
462,2020-09-24T00:00:00.000,51133,Northumberland,Three Rivers,147,10,6
463,2020-09-24T00:00:00.000,51135,Nottoway,Piedmont,256,44,18
464,2020-09-24T00:00:00.000,51137,Orange,Rappahannock Rapidan,320,20,4
465,2020-09-24T00:00:00.000,51139,Page,Lord Fairfax,389,42,29
466,2020-09-24T00:00:00.000,51141,Patrick,West Piedmont,274,51,24
467,2020-09-24T00:00:00.000,51143,Pittsylvania,Pittsylvania-Danville,976,52,9
468,2020-09-24T00:00:00.000,51145,Powhatan,Chesterfield,220,14,5
469,2020-09-24T00:00:00.000,51147,Prince Edward,Piedmont,576,32,12
470,2020-09-24T00:00:00.000,51149,Prince George,Crater,782,24,5
471,2020-09-24T00:00:00.000,51153,Prince William,Prince William,12250,904,202
472,2020-09-24T00:00:00.000,51155,Pulaski,New River,225,14,5
473,2020-09-24T00:00:00.000,51157,Rappahannock,Rappahannock Rapidan,64,5,2
474,2020-09-24T00:00:00.000,51159,Richmond County,Three Rivers,343,15,4
475,2020-09-24T00:00:00.000,51161,Roanoke County,Alleghany,824,27,7
476,2020-09-24T00:00:00.000,51163,Rockbridge,Central Shenandoah,106,5,2
477,2020-09-24T00:00:00.000,51165,Rockingham,Central Shenandoah,1403,114,21
478,2020-09-24T00:00:00.000,51167,Russell,Cumberland Plateau,246,24,5
479,2020-09-24T00:00:00.000,51169,Scott,Lenowisco,181,16,4
480,2020-09-24T00:00:00.000,51171,Shenandoah,Lord Fairfax,804,87,58
481,2020-09-24T00:00:00.000,51173,Smyth,Mount Rogers,454,42,9
482,2020-09-24T00:00:00.000,51175,Southampton,Western Tidewater,746,21,22
483,2020-09-24T00:00:00.000,51177,Spotsylvania,Rappahannock,2119,132,44
484,2020-09-24T00:00:00.000,51179,Stafford,Rappahannock,1984,157,18
485,2020-09-24T00:00:00.000,51181,Surry,Crater,118,8,3
486,2020-09-24T00:00:00.000,51183,Sussex,Crater,461,29,10
487,2020-09-24T00:00:00.000,51185,Tazewell,Cumberland Plateau,283,15,2
488,2020-09-24T00:00:00.000,51187,Warren,Lord Fairfax,415,24,6
489,2020-09-24T00:00:00.000,51191,Washington,Mount Rogers,550,54,17
490,2020-09-24T00:00:00.000,51193,Westmoreland,Three Rivers,269,21,3
491,2020-09-24T00:00:00.000,51195,Wise,Lenowisco,398,32,9
492,2020-09-24T00:00:00.000,51197,Wythe,Mount Rogers,229,21,4
493,2020-09-24T00:00:00.000,51199,York,Peninsula,541,16,8
494,2020-09-24T00:00:00.000,51510,Alexandria,Alexandria,3761,317,69
495,2020-09-24T00:00:00.000,51520,Bristol,Mount Rogers,178,10,4
496,2020-09-24T00:00:00.000,51530,Buena Vista City,Central Shenandoah,80,4,1
497,2020-09-24T00:00:00.000,51540,Charlottesville,Thomas Jefferson,1119,29,28
498,2020-09-24T00:00:00.000,51550,Chesapeake,Chesapeake,4262,396,70
499,2020-09-24T00:00:00.000,51570,Colonial Heights,Chesterfield,251,25,25
500,2020-09-24T00:00:00.000,51580,Covington,Alleghany,30,1,0
501,2020-09-24T00:00:00.000,51590,Danville,Pittsylvania-Danville,854,84,27
502,2020-09-24T00:00:00.000,51595,Emporia,Crater,255,33,26
503,2020-09-24T00:00:00.000,51600,Fairfax City,Fairfax,136,13,7
504,2020-09-24T00:00:00.000,51610,Falls Church,Fairfax,70,13,6
505,2020-09-24T00:00:00.000,51620,Franklin City,Western Tidewater,403,18,9
506,2020-09-24T00:00:00.000,51630,Fredericksburg,Rappahannock,533,49,5
507,2020-09-24T00:00:00.000,51640,Galax,Mount Rogers,413,41,30
508,2020-09-24T00:00:00.000,51650,Hampton,Hampton,1800,63,24
509,2020-09-24T00:00:00.000,51660,Harrisonburg,Central Shenandoah,2564,92,34
510,2020-09-24T00:00:00.000,51670,Hopewell,Crater,386,35,7
511,2020-09-24T00:00:00.000,51678,Lexington,Central Shenandoah,71,3,1
512,2020-09-24T00:00:00.000,51680,Lynchburg,Central Virginia,1355,38,12
513,2020-09-24T00:00:00.000,51683,Manassas City,Prince William,1910,128,25
514,2020-09-24T00:00:00.000,51685,Manassas Park,Prince William,607,54,7
515,2020-09-24T00:00:00.000,51690,Martinsville,West Piedmont,379,60,16
516,2020-09-24T00:00:00.000,51700,Newport News,Peninsula,2704,96,37
517,2020-09-24T00:00:00.000,51710,Norfolk,Norfolk,4781,356,78
518,2020-09-24T00:00:00.000,51720,Norton,Lenowisco,33,3,0
519,2020-09-24T00:00:00.000,51730,Petersburg,Crater,732,72,29
520,2020-09-24T00:00:00.000,51735,Poquoson,Peninsula,75,3,2
521,2020-09-24T00:00:00.000,51740,Portsmouth,Portsmouth,2539,274,58
522,2020-09-24T00:00:00.000,51750,Radford,New River,728,8,1
523,2020-09-24T00:00:00.000,51760,Richmond City,Richmond,4578,416,61
524,2020-09-24T00:00:00.000,51770,Roanoke City,Roanoke,1640,65,23
525,2020-09-24T00:00:00.000,51775,Salem,Alleghany,264,13,5
526,2020-09-24T00:00:00.000,51790,Staunton,Central Shenandoah,250,12,0
527,2020-09-24T00:00:00.000,51800,Suffolk,Western Tidewater,1928,123,72
528,2020-09-24T00:00:00.000,51810,Virginia Beach,Virginia Beach,6734,365,86
529,2020-09-24T00:00:00.000,51820,Waynesboro,Central Shenandoah,257,10,3
530,2020-09-24T00:00:00.000,51830,Williamsburg,Peninsula,178,12,7
531,2020-09-24T00:00:00.000,51840,Winchester,Lord Fairfax,494,35,4
532,2020-09-23T00:00:00.000,51001,Accomack,Eastern Shore,1169,90,19
533,2020-09-23T00:00:00.000,51003,Albemarle,Thomas Jefferson,1203,74,21
534,2020-09-23T00:00:00.000,51005,Alleghany,Alleghany,77,8,4
535,2020-09-23T00:00:00.000,51007,Amelia,Piedmont,124,13,5
536,2020-09-23T00:00:00.000,51009,Amherst,Central Virginia,381,12,4
537,2020-09-23T00:00:00.000,51011,Appomattox,Central Virginia,208,13,3
538,2020-09-23T00:00:00.000,51013,Arlington,Arlington,3877,497,148
539,2020-09-23T00:00:00.000,51015,Augusta,Central Shenandoah,470,22,7
540,2020-09-23T00:00:00.000,51017,Bath,Central Shenandoah,6,0,0
541,2020-09-23T00:00:00.000,51019,Bedford,Central Virginia,718,34,12
542,2020-09-23T00:00:00.000,51021,Bland,Mount Rogers,65,3,4
543,2020-09-23T00:00:00.000,51023,Botetourt,Alleghany,292,23,10
544,2020-09-23T00:00:00.000,51025,Brunswick,Southside,347,29,4
545,2020-09-23T00:00:00.000,51027,Buchanan,Cumberland Plateau,135,7,2
546,2020-09-23T00:00:00.000,51029,Buckingham,Piedmont,677,24,9
547,2020-09-23T00:00:00.000,51031,Campbell,Central Virginia,422,14,4
548,2020-09-23T00:00:00.000,51033,Caroline,Rappahannock,343,28,5
549,2020-09-23T00:00:00.000,51035,Carroll,Mount Rogers,488,41,23
550,2020-09-23T00:00:00.000,51036,Charles City,Chickahominy,83,21,5
551,2020-09-23T00:00:00.000,51037,Charlotte,Piedmont,103,5,0
552,2020-09-23T00:00:00.000,51041,Chesterfield,Chesterfield,5851,319,94
553,2020-09-23T00:00:00.000,51043,Clarke,Lord Fairfax,93,12,0
554,2020-09-23T00:00:00.000,51045,Craig,Alleghany,29,1,0
555,2020-09-23T00:00:00.000,51047,Culpeper,Rappahannock Rapidan,1184,94,16
556,2020-09-23T00:00:00.000,51049,Cumberland,Piedmont,104,8,2
557,2020-09-23T00:00:00.000,51051,Dickenson,Cumberland Plateau,93,7,1
558,2020-09-23T00:00:00.000,51053,Dinwiddie,Crater,373,38,11
559,2020-09-23T00:00:00.000,51057,Essex,Three Rivers,173,11,2
560,2020-09-23T00:00:00.000,51059,Fairfax,Fairfax,20437,2147,583
561,2020-09-23T00:00:00.000,51061,Fauquier,Rappahannock Rapidan,917,47,25
562,2020-09-23T00:00:00.000,51063,Floyd,New River,197,10,8
563,2020-09-23T00:00:00.000,51065,Fluvanna,Thomas Jefferson,372,35,9
564,2020-09-23T00:00:00.000,51067,Franklin County,West Piedmont,325,16,3
565,2020-09-23T00:00:00.000,51069,Frederick,Lord Fairfax,860,65,13
566,2020-09-23T00:00:00.000,51071,Giles,New River,85,2,0
567,2020-09-23T00:00:00.000,51073,Gloucester,Three Rivers,230,13,2
568,2020-09-23T00:00:00.000,51075,Goochland,Chickahominy,260,27,7
569,2020-09-23T00:00:00.000,51077,Grayson,Mount Rogers,307,25,10
570,2020-09-23T00:00:00.000,51079,Greene,Thomas Jefferson,212,10,3
571,2020-09-23T00:00:00.000,51081,Greensville,Crater,774,34,11
572,2020-09-23T00:00:00.000,51083,Halifax,Southside,332,11,6
573,2020-09-23T00:00:00.000,51085,Hanover,Chickahominy,1248,97,36
574,2020-09-23T00:00:00.000,51087,Henrico,Henrico,5331,422,211
575,2020-09-23T00:00:00.000,51089,Henry,West Piedmont,1025,111,20
576,2020-09-23T00:00:00.000,51091,Highland,Central Shenandoah,6,0,0
577,2020-09-23T00:00:00.000,51093,Isle of Wight,Western Tidewater,709,35,18
578,2020-09-23T00:00:00.000,51095,James City,Peninsula,838,64,20
579,2020-09-23T00:00:00.000,51097,King and Queen,Three Rivers,71,10,1
580,2020-09-23T00:00:00.000,51099,King George,Rappahannock,227,21,4
581,2020-09-23T00:00:00.000,51101,King William,Three Rivers,154,12,2
582,2020-09-23T00:00:00.000,51103,Lancaster,Three Rivers,140,7,0
583,2020-09-23T00:00:00.000,51105,Lee,Lenowisco,262,24,7
584,2020-09-23T00:00:00.000,51107,Loudoun,Loudoun,6720,428,123
585,2020-09-23T00:00:00.000,51109,Louisa,Thomas Jefferson,281,30,6
586,2020-09-23T00:00:00.000,51111,Lunenburg,Piedmont,113,6,3
587,2020-09-23T00:00:00.000,51113,Madison,Rappahannock Rapidan,103,6,3
588,2020-09-23T00:00:00.000,51115,Mathews,Three Rivers,41,3,0
589,2020-09-23T00:00:00.000,51117,Mecklenburg,Southside,671,44,33
590,2020-09-23T00:00:00.000,51119,Middlesex,Three Rivers,112,7,10
591,2020-09-23T00:00:00.000,51121,Montgomery,New River,1783,21,4
592,2020-09-23T00:00:00.000,51125,Nelson,Thomas Jefferson,99,4,2
593,2020-09-23T00:00:00.000,51127,New Kent,Chickahominy,183,14,2
594,2020-09-23T00:00:00.000,51131,Northampton,Eastern Shore,305,49,31
595,2020-09-23T00:00:00.000,51133,Northumberland,Three Rivers,147,10,6
596,2020-09-23T00:00:00.000,51135,Nottoway,Piedmont,254,44,17
597,2020-09-23T00:00:00.000,51137,Orange,Rappahannock Rapidan,317,20,4
598,2020-09-23T00:00:00.000,51139,Page,Lord Fairfax,389,42,29
599,2020-09-23T00:00:00.000,51141,Patrick,West Piedmont,271,51,24
600,2020-09-23T00:00:00.000,51143,Pittsylvania,Pittsylvania-Danville,969,52,9
601,2020-09-23T00:00:00.000,51145,Powhatan,Chesterfield,219,14,5
602,2020-09-23T00:00:00.000,51147,Prince Edward,Piedmont,568,31,12
603,2020-09-23T00:00:00.000,51149,Prince George,Crater,774,24,5
604,2020-09-23T00:00:00.000,51153,Prince William,Prince William,12215,902,201
605,2020-09-23T00:00:00.000,51155,Pulaski,New River,220,14,5
606,2020-09-23T00:00:00.000,51157,Rappahannock,Rappahannock Rapidan,64,5,2
607,2020-09-23T00:00:00.000,51159,Richmond County,Three Rivers,341,15,4
608,2020-09-23T00:00:00.000,51161,Roanoke County,Alleghany,806,26,7
609,2020-09-23T00:00:00.000,51163,Rockbridge,Central Shenandoah,106,5,2
610,2020-09-23T00:00:00.000,51165,Rockingham,Central Shenandoah,1390,113,21
611,2020-09-23T00:00:00.000,51167,Russell,Cumberland Plateau,242,24,5
612,2020-09-23T00:00:00.000,51169,Scott,Lenowisco,181,16,4
613,2020-09-23T00:00:00.000,51171,Shenandoah,Lord Fairfax,801,87,58
614,2020-09-23T00:00:00.000,51173,Smyth,Mount Rogers,449,39,8
615,2020-09-23T00:00:00.000,51175,Southampton,Western Tidewater,744,21,22
616,2020-09-23T00:00:00.000,51177,Spotsylvania,Rappahannock,2106,132,43
617,2020-09-23T00:00:00.000,51179,Stafford,Rappahannock,1971,155,17
618,2020-09-23T00:00:00.000,51181,Surry,Crater,114,8,3
619,2020-09-23T00:00:00.000,51183,Sussex,Crater,419,29,10
620,2020-09-23T00:00:00.000,51185,Tazewell,Cumberland Plateau,278,15,2
621,2020-09-23T00:00:00.000,51187,Warren,Lord Fairfax,415,24,6
622,2020-09-23T00:00:00.000,51191,Washington,Mount Rogers,544,54,17
623,2020-09-23T00:00:00.000,51193,Westmoreland,Three Rivers,266,21,3
624,2020-09-23T00:00:00.000,51195,Wise,Lenowisco,393,32,8
625,2020-09-23T00:00:00.000,51197,Wythe,Mount Rogers,227,21,4
626,2020-09-23T00:00:00.000,51199,York,Peninsula,537,16,8
627,2020-09-23T00:00:00.000,51510,Alexandria,Alexandria,3741,314,68
628,2020-09-23T00:00:00.000,51520,Bristol,Mount Rogers,178,10,3
629,2020-09-23T00:00:00.000,51530,Buena Vista City,Central Shenandoah,80,4,1
630,2020-09-23T00:00:00.000,51540,Charlottesville,Thomas Jefferson,1105,29,28
631,2020-09-23T00:00:00.000,51550,Chesapeake,Chesapeake,4241,393,70
632,2020-09-23T00:00:00.000,51570,Colonial Heights,Chesterfield,250,25,25
633,2020-09-23T00:00:00.000,51580,Covington,Alleghany,30,1,0
634,2020-09-23T00:00:00.000,51590,Danville,Pittsylvania-Danville,843,84,26
635,2020-09-23T00:00:00.000,51595,Emporia,Crater,250,33,26
636,2020-09-23T00:00:00.000,51600,Fairfax City,Fairfax,134,13,7
637,2020-09-23T00:00:00.000,51610,Falls Church,Fairfax,69,12,6
638,2020-09-23T00:00:00.000,51620,Franklin City,Western Tidewater,397,18,9
639,2020-09-23T00:00:00.000,51630,Fredericksburg,Rappahannock,531,49,5
640,2020-09-23T00:00:00.000,51640,Galax,Mount Rogers,413,41,30
641,2020-09-23T00:00:00.000,51650,Hampton,Hampton,1793,63,24
642,2020-09-23T00:00:00.000,51660,Harrisonburg,Central Shenandoah,2541,92,34
643,2020-09-23T00:00:00.000,51670,Hopewell,Crater,387,36,7
644,2020-09-23T00:00:00.000,51678,Lexington,Central Shenandoah,59,3,1
645,2020-09-23T00:00:00.000,51680,Lynchburg,Central Virginia,1336,39,12
646,2020-09-23T00:00:00.000,51683,Manassas City,Prince William,1904,128,25
647,2020-09-23T00:00:00.000,51685,Manassas Park,Prince William,607,54,7
648,2020-09-23T00:00:00.000,51690,Martinsville,West Piedmont,378,60,15
649,2020-09-23T00:00:00.000,51700,Newport News,Peninsula,2700,95,37
650,2020-09-23T00:00:00.000,51710,Norfolk,Norfolk,4765,355,75
651,2020-09-23T00:00:00.000,51720,Norton,Lenowisco,33,3,0
652,2020-09-23T00:00:00.000,51730,Petersburg,Crater,726,72,29
653,2020-09-23T00:00:00.000,51735,Poquoson,Peninsula,75,3,2
654,2020-09-23T00:00:00.000,51740,Portsmouth,Portsmouth,2534,274,58
655,2020-09-23T00:00:00.000,51750,Radford,New River,725,8,1
656,2020-09-23T00:00:00.000,51760,Richmond City,Richmond,4551,412,60
657,2020-09-23T00:00:00.000,51770,Roanoke City,Roanoke,1621,63,23
658,2020-09-23T00:00:00.000,51775,Salem,Alleghany,263,13,4
659,2020-09-23T00:00:00.000,51790,Staunton,Central Shenandoah,246,12,0
660,2020-09-23T00:00:00.000,51800,Suffolk,Western Tidewater,1916,123,72
661,2020-09-23T00:00:00.000,51810,Virginia Beach,Virginia Beach,6689,360,83
662,2020-09-23T00:00:00.000,51820,Waynesboro,Central Shenandoah,257,10,3
663,2020-09-23T00:00:00.000,51830,Williamsburg,Peninsula,177,12,7
664,2020-09-23T00:00:00.000,51840,Winchester,Lord Fairfax,490,35,4
665,2020-09-22T00:00:00.000,51001,Accomack,Eastern Shore,1167,90,19
666,2020-09-22T00:00:00.000,51003,Albemarle,Thomas Jefferson,1202,74,21
667,2020-09-22T00:00:00.000,51005,Alleghany,Alleghany,77,8,4
668,2020-09-22T00:00:00.000,51007,Amelia,Piedmont,124,13,5
669,2020-09-22T00:00:00.000,51009,Amherst,Central Virginia,379,12,4
670,2020-09-22T00:00:00.000,51011,Appomattox,Central Virginia,209,13,3
671,2020-09-22T00:00:00.000,51013,Arlington,Arlington,3855,494,148
672,2020-09-22T00:00:00.000,51015,Augusta,Central Shenandoah,469,22,7
673,2020-09-22T00:00:00.000,51017,Bath,Central Shenandoah,7,0,1
674,2020-09-22T00:00:00.000,51019,Bedford,Central Virginia,715,33,12
675,2020-09-22T00:00:00.000,51021,Bland,Mount Rogers,65,3,4
676,2020-09-22T00:00:00.000,51023,Botetourt,Alleghany,291,23,10
677,2020-09-22T00:00:00.000,51025,Brunswick,Southside,346,29,4
678,2020-09-22T00:00:00.000,51027,Buchanan,Cumberland Plateau,131,7,2
679,2020-09-22T00:00:00.000,51029,Buckingham,Piedmont,677,24,9
680,2020-09-22T00:00:00.000,51031,Campbell,Central Virginia,415,14,4
681,2020-09-22T00:00:00.000,51033,Caroline,Rappahannock,341,28,5
682,2020-09-22T00:00:00.000,51035,Carroll,Mount Rogers,486,40,23
683,2020-09-22T00:00:00.000,51036,Charles City,Chickahominy,83,21,5
684,2020-09-22T00:00:00.000,51037,Charlotte,Piedmont,102,5,0
685,2020-09-22T00:00:00.000,51041,Chesterfield,Chesterfield,5829,314,93
686,2020-09-22T00:00:00.000,51043,Clarke,Lord Fairfax,93,12,0
687,2020-09-22T00:00:00.000,51045,Craig,Alleghany,28,1,0
688,2020-09-22T00:00:00.000,51047,Culpeper,Rappahannock Rapidan,1183,92,16
689,2020-09-22T00:00:00.000,51049,Cumberland,Piedmont,104,8,2
690,2020-09-22T00:00:00.000,51051,Dickenson,Cumberland Plateau,91,7,1
691,2020-09-22T00:00:00.000,51053,Dinwiddie,Crater,371,38,11
692,2020-09-22T00:00:00.000,51057,Essex,Three Rivers,172,11,2
693,2020-09-22T00:00:00.000,51059,Fairfax,Fairfax,20373,2143,583
694,2020-09-22T00:00:00.000,51061,Fauquier,Rappahannock Rapidan,917,47,22
695,2020-09-22T00:00:00.000,51063,Floyd,New River,196,10,8
696,2020-09-22T00:00:00.000,51065,Fluvanna,Thomas Jefferson,371,35,9
697,2020-09-22T00:00:00.000,51067,Franklin County,West Piedmont,320,16,3
698,2020-09-22T00:00:00.000,51069,Frederick,Lord Fairfax,859,64,12
699,2020-09-22T00:00:00.000,51071,Giles,New River,85,2,0
700,2020-09-22T00:00:00.000,51073,Gloucester,Three Rivers,228,13,2
701,2020-09-22T00:00:00.000,51075,Goochland,Chickahominy,260,27,7
702,2020-09-22T00:00:00.000,51077,Grayson,Mount Rogers,307,25,10
703,2020-09-22T00:00:00.000,51079,Greene,Thomas Jefferson,212,10,3
704,2020-09-22T00:00:00.000,51081,Greensville,Crater,772,34,11
705,2020-09-22T00:00:00.000,51083,Halifax,Southside,331,11,6
706,2020-09-22T00:00:00.000,51085,Hanover,Chickahominy,1241,97,36
707,2020-09-22T00:00:00.000,51087,Henrico,Henrico,5315,420,210
708,2020-09-22T00:00:00.000,51089,Henry,West Piedmont,1023,110,20
709,2020-09-22T00:00:00.000,51091,Highland,Central Shenandoah,6,0,0
710,2020-09-22T00:00:00.000,51093,Isle of Wight,Western Tidewater,704,34,17
711,2020-09-22T00:00:00.000,51095,James City,Peninsula,834,64,19
712,2020-09-22T00:00:00.000,51097,King and Queen,Three Rivers,71,10,1
713,2020-09-22T00:00:00.000,51099,King George,Rappahannock,227,21,4
714,2020-09-22T00:00:00.000,51101,King William,Three Rivers,153,12,2
715,2020-09-22T00:00:00.000,51103,Lancaster,Three Rivers,140,7,0
716,2020-09-22T00:00:00.000,51105,Lee,Lenowisco,262,23,7
717,2020-09-22T00:00:00.000,51107,Loudoun,Loudoun,6698,428,123
718,2020-09-22T00:00:00.000,51109,Louisa,Thomas Jefferson,280,30,6
719,2020-09-22T00:00:00.000,51111,Lunenburg,Piedmont,112,6,3
720,2020-09-22T00:00:00.000,51113,Madison,Rappahannock Rapidan,102,6,3
721,2020-09-22T00:00:00.000,51115,Mathews,Three Rivers,39,3,0
722,2020-09-22T00:00:00.000,51117,Mecklenburg,Southside,671,44,33
723,2020-09-22T00:00:00.000,51119,Middlesex,Three Rivers,110,7,9
724,2020-09-22T00:00:00.000,51121,Montgomery,New River,1766,21,4
725,2020-09-22T00:00:00.000,51125,Nelson,Thomas Jefferson,98,4,2
726,2020-09-22T00:00:00.000,51127,New Kent,Chickahominy,181,14,2
727,2020-09-22T00:00:00.000,51131,Northampton,Eastern Shore,305,49,31
728,2020-09-22T00:00:00.000,51133,Northumberland,Three Rivers,146,10,6
729,2020-09-22T00:00:00.000,51135,Nottoway,Piedmont,254,44,16
730,2020-09-22T00:00:00.000,51137,Orange,Rappahannock Rapidan,316,20,4
731,2020-09-22T00:00:00.000,51139,Page,Lord Fairfax,385,42,29
732,2020-09-22T00:00:00.000,51141,Patrick,West Piedmont,271,51,24
733,2020-09-22T00:00:00.000,51143,Pittsylvania,Pittsylvania-Danville,964,52,9
734,2020-09-22T00:00:00.000,51145,Powhatan,Chesterfield,218,14,5
735,2020-09-22T00:00:00.000,51147,Prince Edward,Piedmont,567,31,12
736,2020-09-22T00:00:00.000,51149,Prince George,Crater,763,24,5
737,2020-09-22T00:00:00.000,51153,Prince William,Prince William,12183,901,201
738,2020-09-22T00:00:00.000,51155,Pulaski,New River,221,14,4
739,2020-09-22T00:00:00.000,51157,Rappahannock,Rappahannock Rapidan,64,5,2
740,2020-09-22T00:00:00.000,51159,Richmond County,Three Rivers,339,14,4
741,2020-09-22T00:00:00.000,51161,Roanoke County,Alleghany,784,26,7
742,2020-09-22T00:00:00.000,51163,Rockbridge,Central Shenandoah,104,4,2
743,2020-09-22T00:00:00.000,51165,Rockingham,Central Shenandoah,1383,112,21
744,2020-09-22T00:00:00.000,51167,Russell,Cumberland Plateau,236,24,5
745,2020-09-22T00:00:00.000,51169,Scott,Lenowisco,181,16,4
746,2020-09-22T00:00:00.000,51171,Shenandoah,Lord Fairfax,800,87,58
747,2020-09-22T00:00:00.000,51173,Smyth,Mount Rogers,447,38,8
748,2020-09-22T00:00:00.000,51175,Southampton,Western Tidewater,721,21,22
749,2020-09-22T00:00:00.000,51177,Spotsylvania,Rappahannock,2099,132,44
750,2020-09-22T00:00:00.000,51179,Stafford,Rappahannock,1963,154,14
751,2020-09-22T00:00:00.000,51181,Surry,Crater,114,7,3
752,2020-09-22T00:00:00.000,51183,Sussex,Crater,416,29,10
753,2020-09-22T00:00:00.000,51185,Tazewell,Cumberland Plateau,258,15,2
754,2020-09-22T00:00:00.000,51187,Warren,Lord Fairfax,413,24,6
755,2020-09-22T00:00:00.000,51191,Washington,Mount Rogers,544,55,17
756,2020-09-22T00:00:00.000,51193,Westmoreland,Three Rivers,265,21,3
757,2020-09-22T00:00:00.000,51195,Wise,Lenowisco,392,32,8
758,2020-09-22T00:00:00.000,51197,Wythe,Mount Rogers,223,20,4
759,2020-09-22T00:00:00.000,51199,York,Peninsula,534,16,8
760,2020-09-22T00:00:00.000,51510,Alexandria,Alexandria,3727,314,68
761,2020-09-22T00:00:00.000,51520,Bristol,Mount Rogers,178,10,3
762,2020-09-22T00:00:00.000,51530,Buena Vista City,Central Shenandoah,80,4,1
763,2020-09-22T00:00:00.000,51540,Charlottesville,Thomas Jefferson,1093,28,28
764,2020-09-22T00:00:00.000,51550,Chesapeake,Chesapeake,4220,392,69
765,2020-09-22T00:00:00.000,51570,Colonial Heights,Chesterfield,249,25,25
766,2020-09-22T00:00:00.000,51580,Covington,Alleghany,30,1,0
767,2020-09-22T00:00:00.000,51590,Danville,Pittsylvania-Danville,838,83,25
768,2020-09-22T00:00:00.000,51595,Emporia,Crater,248,33,26
769,2020-09-22T00:00:00.000,51600,Fairfax City,Fairfax,135,13,7
770,2020-09-22T00:00:00.000,51610,Falls Church,Fairfax,68,12,6
771,2020-09-22T00:00:00.000,51620,Franklin City,Western Tidewater,396,18,9
772,2020-09-22T00:00:00.000,51630,Fredericksburg,Rappahannock,533,49,6
773,2020-09-22T00:00:00.000,51640,Galax,Mount Rogers,411,41,30
774,2020-09-22T00:00:00.000,51650,Hampton,Hampton,1789,63,21
775,2020-09-22T00:00:00.000,51660,Harrisonburg,Central Shenandoah,2524,91,34
776,2020-09-22T00:00:00.000,51670,Hopewell,Crater,386,36,7
777,2020-09-22T00:00:00.000,51678,Lexington,Central Shenandoah,57,3,1
778,2020-09-22T00:00:00.000,51680,Lynchburg,Central Virginia,1323,37,11
779,2020-09-22T00:00:00.000,51683,Manassas City,Prince William,1902,128,25
780,2020-09-22T00:00:00.000,51685,Manassas Park,Prince William,606,54,7
781,2020-09-22T00:00:00.000,51690,Martinsville,West Piedmont,377,60,15
782,2020-09-22T00:00:00.000,51700,Newport News,Peninsula,2690,92,33
783,2020-09-22T00:00:00.000,51710,Norfolk,Norfolk,4764,352,72
784,2020-09-22T00:00:00.000,51720,Norton,Lenowisco,33,3,0
785,2020-09-22T00:00:00.000,51730,Petersburg,Crater,723,72,29
786,2020-09-22T00:00:00.000,51735,Poquoson,Peninsula,75,3,2
787,2020-09-22T00:00:00.000,51740,Portsmouth,Portsmouth,2529,274,58
788,2020-09-22T00:00:00.000,51750,Radford,New River,718,8,1
789,2020-09-22T00:00:00.000,51760,Richmond City,Richmond,4540,413,58
790,2020-09-22T00:00:00.000,51770,Roanoke City,Roanoke,1610,63,22
791,2020-09-22T00:00:00.000,51775,Salem,Alleghany,261,13,4
792,2020-09-22T00:00:00.000,51790,Staunton,Central Shenandoah,245,12,0
793,2020-09-22T00:00:00.000,51800,Suffolk,Western Tidewater,1908,123,72
794,2020-09-22T00:00:00.000,51810,Virginia Beach,Virginia Beach,6674,357,81
795,2020-09-22T00:00:00.000,51820,Waynesboro,Central Shenandoah,255,10,3
796,2020-09-22T00:00:00.000,51830,Williamsburg,Peninsula,176,12,7
797,2020-09-22T00:00:00.000,51840,Winchester,Lord Fairfax,490,35,4
798,2020-09-21T00:00:00.000,51001,Accomack,Eastern Shore,1167,89,19
799,2020-09-21T00:00:00.000,51003,Albemarle,Thomas Jefferson,1199,74,21
800,2020-09-21T00:00:00.000,51005,Alleghany,Alleghany,77,8,4
801,2020-09-21T00:00:00.000,51007,Amelia,Piedmont,123,13,5
802,2020-09-21T00:00:00.000,51009,Amherst,Central Virginia,374,12,4
803,2020-09-21T00:00:00.000,51011,Appomattox,Central Virginia,208,13,3
804,2020-09-21T00:00:00.000,51013,Arlington,Arlington,3851,493,147
805,2020-09-21T00:00:00.000,51015,Augusta,Central Shenandoah,469,22,7
806,2020-09-21T00:00:00.000,51017,Bath,Central Shenandoah,6,0,1
807,2020-09-21T00:00:00.000,51019,Bedford,Central Virginia,710,32,12
808,2020-09-21T00:00:00.000,51021,Bland,Mount Rogers,64,3,4
809,2020-09-21T00:00:00.000,51023,Botetourt,Alleghany,290,23,10
810,2020-09-21T00:00:00.000,51025,Brunswick,Southside,346,29,4
811,2020-09-21T00:00:00.000,51027,Buchanan,Cumberland Plateau,130,7,2
812,2020-09-21T00:00:00.000,51029,Buckingham,Piedmont,676,24,9
813,2020-09-21T00:00:00.000,51031,Campbell,Central Virginia,408,12,4
814,2020-09-21T00:00:00.000,51033,Caroline,Rappahannock,335,28,5
815,2020-09-21T00:00:00.000,51035,Carroll,Mount Rogers,481,40,23
816,2020-09-21T00:00:00.000,51036,Charles City,Chickahominy,83,21,5
817,2020-09-21T00:00:00.000,51037,Charlotte,Piedmont,100,5,0
818,2020-09-21T00:00:00.000,51041,Chesterfield,Chesterfield,5797,309,91
819,2020-09-21T00:00:00.000,51043,Clarke,Lord Fairfax,93,12,0
820,2020-09-21T00:00:00.000,51045,Craig,Alleghany,28,1,0
821,2020-09-21T00:00:00.000,51047,Culpeper,Rappahannock Rapidan,1182,92,16
822,2020-09-21T00:00:00.000,51049,Cumberland,Piedmont,102,8,1
823,2020-09-21T00:00:00.000,51051,Dickenson,Cumberland Plateau,89,7,1
824,2020-09-21T00:00:00.000,51053,Dinwiddie,Crater,370,36,11
825,2020-09-21T00:00:00.000,51057,Essex,Three Rivers,171,11,2
826,2020-09-21T00:00:00.000,51059,Fairfax,Fairfax,20305,2128,581
827,2020-09-21T00:00:00.000,51061,Fauquier,Rappahannock Rapidan,911,47,22
828,2020-09-21T00:00:00.000,51063,Floyd,New River,193,10,5
829,2020-09-21T00:00:00.000,51065,Fluvanna,Thomas Jefferson,367,35,9
830,2020-09-21T00:00:00.000,51067,Franklin County,West Piedmont,310,16,3
831,2020-09-21T00:00:00.000,51069,Frederick,Lord Fairfax,848,64,11
832,2020-09-21T00:00:00.000,51071,Giles,New River,84,2,0
833,2020-09-21T00:00:00.000,51073,Gloucester,Three Rivers,228,13,2
834,2020-09-21T00:00:00.000,51075,Goochland,Chickahominy,257,26,7
835,2020-09-21T00:00:00.000,51077,Grayson,Mount Rogers,307,25,10
836,2020-09-21T00:00:00.000,51079,Greene,Thomas Jefferson,212,10,3
837,2020-09-21T00:00:00.000,51081,Greensville,Crater,769,34,11
838,2020-09-21T00:00:00.000,51083,Halifax,Southside,328,11,6
839,2020-09-21T00:00:00.000,51085,Hanover,Chickahominy,1230,97,36
840,2020-09-21T00:00:00.000,51087,Henrico,Henrico,5295,416,209
841,2020-09-21T00:00:00.000,51089,Henry,West Piedmont,1007,110,20
842,2020-09-21T00:00:00.000,51091,Highland,Central Shenandoah,6,0,0
843,2020-09-21T00:00:00.000,51093,Isle of Wight,Western Tidewater,702,34,17
844,2020-09-21T00:00:00.000,51095,James City,Peninsula,831,64,19
845,2020-09-21T00:00:00.000,51097,King and Queen,Three Rivers,71,10,1
846,2020-09-21T00:00:00.000,51099,King George,Rappahannock,227,21,4
847,2020-09-21T00:00:00.000,51101,King William,Three Rivers,151,12,2
848,2020-09-21T00:00:00.000,51103,Lancaster,Three Rivers,140,7,0
849,2020-09-21T00:00:00.000,51105,Lee,Lenowisco,261,23,6
850,2020-09-21T00:00:00.000,51107,Loudoun,Loudoun,6678,426,123
851,2020-09-21T00:00:00.000,51109,Louisa,Thomas Jefferson,280,30,5
852,2020-09-21T00:00:00.000,51111,Lunenburg,Piedmont,111,6,3
853,2020-09-21T00:00:00.000,51113,Madison,Rappahannock Rapidan,102,6,3
854,2020-09-21T00:00:00.000,51115,Mathews,Three Rivers,37,3,0
855,2020-09-21T00:00:00.000,51117,Mecklenburg,Southside,669,44,33
856,2020-09-21T00:00:00.000,51119,Middlesex,Three Rivers,110,7,9
857,2020-09-21T00:00:00.000,51121,Montgomery,New River,1760,20,4
858,2020-09-21T00:00:00.000,51125,Nelson,Thomas Jefferson,98,4,1
859,2020-09-21T00:00:00.000,51127,New Kent,Chickahominy,180,14,2
860,2020-09-21T00:00:00.000,51131,Northampton,Eastern Shore,305,49,31
861,2020-09-21T00:00:00.000,51133,Northumberland,Three Rivers,145,10,5
862,2020-09-21T00:00:00.000,51135,Nottoway,Piedmont,249,43,16
863,2020-09-21T00:00:00.000,51137,Orange,Rappahannock Rapidan,315,20,4
864,2020-09-21T00:00:00.000,51139,Page,Lord Fairfax,384,42,29
865,2020-09-21T00:00:00.000,51141,Patrick,West Piedmont,271,51,24
866,2020-09-21T00:00:00.000,51143,Pittsylvania,Pittsylvania-Danville,959,51,9
867,2020-09-21T00:00:00.000,51145,Powhatan,Chesterfield,214,14,5
868,2020-09-21T00:00:00.000,51147,Prince Edward,Piedmont,562,30,12
869,2020-09-21T00:00:00.000,51149,Prince George,Crater,722,24,5
870,2020-09-21T00:00:00.000,51153,Prince William,Prince William,12122,900,199
871,2020-09-21T00:00:00.000,51155,Pulaski,New River,217,14,4
872,2020-09-21T00:00:00.000,51157,Rappahannock,Rappahannock Rapidan,65,5,2
873,2020-09-21T00:00:00.000,51159,Richmond County,Three Rivers,353,17,7
874,2020-09-21T00:00:00.000,51161,Roanoke County,Alleghany,784,26,7
875,2020-09-21T00:00:00.000,51163,Rockbridge,Central Shenandoah,102,4,2
876,2020-09-21T00:00:00.000,51165,Rockingham,Central Shenandoah,1380,110,21
877,2020-09-21T00:00:00.000,51167,Russell,Cumberland Plateau,236,23,4
878,2020-09-21T00:00:00.000,51169,Scott,Lenowisco,180,16,4
879,2020-09-21T00:00:00.000,51171,Shenandoah,Lord Fairfax,799,87,58
880,2020-09-21T00:00:00.000,51173,Smyth,Mount Rogers,444,38,8
881,2020-09-21T00:00:00.000,51175,Southampton,Western Tidewater,575,21,22
882,2020-09-21T00:00:00.000,51177,Spotsylvania,Rappahannock,2088,131,43
883,2020-09-21T00:00:00.000,51179,Stafford,Rappahannock,1951,154,14
884,2020-09-21T00:00:00.000,51181,Surry,Crater,110,7,3
885,2020-09-21T00:00:00.000,51183,Sussex,Crater,404,29,10
886,2020-09-21T00:00:00.000,51185,Tazewell,Cumberland Plateau,255,15,2
887,2020-09-21T00:00:00.000,51187,Warren,Lord Fairfax,413,24,6
888,2020-09-21T00:00:00.000,51191,Washington,Mount Rogers,539,51,16
889,2020-09-21T00:00:00.000,51193,Westmoreland,Three Rivers,259,21,3
890,2020-09-21T00:00:00.000,51195,Wise,Lenowisco,390,32,8
891,2020-09-21T00:00:00.000,51197,Wythe,Mount Rogers,222,20,3
892,2020-09-21T00:00:00.000,51199,York,Peninsula,532,16,6
893,2020-09-21T00:00:00.000,51510,Alexandria,Alexandria,3716,312,68
894,2020-09-21T00:00:00.000,51520,Bristol,Mount Rogers,176,9,3
895,2020-09-21T00:00:00.000,51530,Buena Vista City,Central Shenandoah,79,4,1
896,2020-09-21T00:00:00.000,51540,Charlottesville,Thomas Jefferson,1085,28,28
897,2020-09-21T00:00:00.000,51550,Chesapeake,Chesapeake,4212,389,68
898,2020-09-21T00:00:00.000,51570,Colonial Heights,Chesterfield,245,25,24
899,2020-09-21T00:00:00.000,51580,Covington,Alleghany,30,1,0
900,2020-09-21T00:00:00.000,51590,Danville,Pittsylvania-Danville,831,83,25
901,2020-09-21T00:00:00.000,51595,Emporia,Crater,248,33,25
902,2020-09-21T00:00:00.000,51600,Fairfax City,Fairfax,134,13,7
903,2020-09-21T00:00:00.000,51610,Falls Church,Fairfax,68,12,6
904,2020-09-21T00:00:00.000,51620,Franklin City,Western Tidewater,387,18,9
905,2020-09-21T00:00:00.000,51630,Fredericksburg,Rappahannock,527,49,5
906,2020-09-21T00:00:00.000,51640,Galax,Mount Rogers,408,41,30
907,2020-09-21T00:00:00.000,51650,Hampton,Hampton,1782,63,21
908,2020-09-21T00:00:00.000,51660,Harrisonburg,Central Shenandoah,2488,91,34
909,2020-09-21T00:00:00.000,51670,Hopewell,Crater,383,36,7
910,2020-09-21T00:00:00.000,51678,Lexington,Central Shenandoah,53,3,1
911,2020-09-21T00:00:00.000,51680,Lynchburg,Central Virginia,1307,37,11
912,2020-09-21T00:00:00.000,51683,Manassas City,Prince William,1890,128,25
913,2020-09-21T00:00:00.000,51685,Manassas Park,Prince William,607,54,7
914,2020-09-21T00:00:00.000,51690,Martinsville,West Piedmont,375,60,15
915,2020-09-21T00:00:00.000,51700,Newport News,Peninsula,2681,91,33
916,2020-09-21T00:00:00.000,51710,Norfolk,Norfolk,4745,352,68
917,2020-09-21T00:00:00.000,51720,Norton,Lenowisco,33,3,0
918,2020-09-21T00:00:00.000,51730,Petersburg,Crater,721,72,28
919,2020-09-21T00:00:00.000,51735,Poquoson,Peninsula,76,3,2
920,2020-09-21T00:00:00.000,51740,Portsmouth,Portsmouth,2525,271,53
921,2020-09-21T00:00:00.000,51750,Radford,New River,716,7,1
922,2020-09-21T00:00:00.000,51760,Richmond City,Richmond,4516,409,56
923,2020-09-21T00:00:00.000,51770,Roanoke City,Roanoke,1578,62,22
924,2020-09-21T00:00:00.000,51775,Salem,Alleghany,261,13,4
925,2020-09-21T00:00:00.000,51790,Staunton,Central Shenandoah,243,12,0
926,2020-09-21T00:00:00.000,51800,Suffolk,Western Tidewater,1897,123,71
927,2020-09-21T00:00:00.000,51810,Virginia Beach,Virginia Beach,6656,355,79
928,2020-09-21T00:00:00.000,51820,Waynesboro,Central Shenandoah,255,10,3
929,2020-09-21T00:00:00.000,51830,Williamsburg,Peninsula,175,12,7
930,2020-09-21T00:00:00.000,51840,Winchester,Lord Fairfax,489,35,4
931,2020-09-20T00:00:00.000,51001,Accomack,Eastern Shore,1166,89,19
932,2020-09-20T00:00:00.000,51003,Albemarle,Thomas Jefferson,1195,74,21
933,2020-09-20T00:00:00.000,51005,Alleghany,Alleghany,78,8,4
934,2020-09-20T00:00:00.000,51007,Amelia,Piedmont,123,13,5
935,2020-09-20T00:00:00.000,51009,Amherst,Central Virginia,372,12,4
936,2020-09-20T00:00:00.000,51011,Appomattox,Central Virginia,208,13,3
937,2020-09-20T00:00:00.000,51013,Arlington,Arlington,3840,492,146
938,2020-09-20T00:00:00.000,51015,Augusta,Central Shenandoah,462,22,7
939,2020-09-20T00:00:00.000,51017,Bath,Central Shenandoah,6,0,1
940,2020-09-20T00:00:00.000,51019,Bedford,Central Virginia,705,32,12
941,2020-09-20T00:00:00.000,51021,Bland,Mount Rogers,64,3,4
942,2020-09-20T00:00:00.000,51023,Botetourt,Alleghany,290,23,10
943,2020-09-20T00:00:00.000,51025,Brunswick,Southside,346,29,4
944,2020-09-20T00:00:00.000,51027,Buchanan,Cumberland Plateau,129,7,2
945,2020-09-20T00:00:00.000,51029,Buckingham,Piedmont,676,24,9
946,2020-09-20T00:00:00.000,51031,Campbell,Central Virginia,402,12,4
947,2020-09-20T00:00:00.000,51033,Caroline,Rappahannock,330,28,5
948,2020-09-20T00:00:00.000,51035,Carroll,Mount Rogers,480,40,23
949,2020-09-20T00:00:00.000,51036,Charles City,Chickahominy,83,21,5
950,2020-09-20T00:00:00.000,51037,Charlotte,Piedmont,100,5,0
951,2020-09-20T00:00:00.000,51041,Chesterfield,Chesterfield,5758,307,91
952,2020-09-20T00:00:00.000,51043,Clarke,Lord Fairfax,91,12,0
953,2020-09-20T00:00:00.000,51045,Craig,Alleghany,28,1,0
954,2020-09-20T00:00:00.000,51047,Culpeper,Rappahannock Rapidan,1182,92,16
955,2020-09-20T00:00:00.000,51049,Cumberland,Piedmont,102,8,1
956,2020-09-20T00:00:00.000,51051,Dickenson,Cumberland Plateau,88,7,1
957,2020-09-20T00:00:00.000,51053,Dinwiddie,Crater,366,36,11
958,2020-09-20T00:00:00.000,51057,Essex,Three Rivers,170,11,2
959,2020-09-20T00:00:00.000,51059,Fairfax,Fairfax,20259,2126,581
960,2020-09-20T00:00:00.000,51061,Fauquier,Rappahannock Rapidan,908,47,21
961,2020-09-20T00:00:00.000,51063,Floyd,New River,191,10,5
962,2020-09-20T00:00:00.000,51065,Fluvanna,Thomas Jefferson,366,35,9
963,2020-09-20T00:00:00.000,51067,Franklin County,West Piedmont,310,16,3
964,2020-09-20T00:00:00.000,51069,Frederick,Lord Fairfax,845,64,11
965,2020-09-20T00:00:00.000,51071,Giles,New River,83,2,0
966,2020-09-20T00:00:00.000,51073,Gloucester,Three Rivers,228,13,2
967,2020-09-20T00:00:00.000,51075,Goochland,Chickahominy,256,26,7
968,2020-09-20T00:00:00.000,51077,Grayson,Mount Rogers,294,25,10
969,2020-09-20T00:00:00.000,51079,Greene,Thomas Jefferson,212,10,3
970,2020-09-20T00:00:00.000,51081,Greensville,Crater,765,34,11
971,2020-09-20T00:00:00.000,51083,Halifax,Southside,325,11,6
972,2020-09-20T00:00:00.000,51085,Hanover,Chickahominy,1222,97,36
973,2020-09-20T00:00:00.000,51087,Henrico,Henrico,5269,416,209
974,2020-09-20T00:00:00.000,51089,Henry,West Piedmont,1006,110,20
975,2020-09-20T00:00:00.000,51091,Highland,Central Shenandoah,6,0,0
976,2020-09-20T00:00:00.000,51093,Isle of Wight,Western Tidewater,697,34,17
977,2020-09-20T00:00:00.000,51095,James City,Peninsula,828,64,19
978,2020-09-20T00:00:00.000,51097,King and Queen,Three Rivers,70,10,1
979,2020-09-20T00:00:00.000,51099,King George,Rappahannock,225,21,4
980,2020-09-20T00:00:00.000,51101,King William,Three Rivers,151,12,2
981,2020-09-20T00:00:00.000,51103,Lancaster,Three Rivers,135,7,0
982,2020-09-20T00:00:00.000,51105,Lee,Lenowisco,260,23,6
983,2020-09-20T00:00:00.000,51107,Loudoun,Loudoun,6656,426,123
984,2020-09-20T00:00:00.000,51109,Louisa,Thomas Jefferson,280,30,5
985,2020-09-20T00:00:00.000,51111,Lunenburg,Piedmont,111,6,3
986,2020-09-20T00:00:00.000,51113,Madison,Rappahannock Rapidan,102,6,3
987,2020-09-20T00:00:00.000,51115,Mathews,Three Rivers,37,3,0
988,2020-09-20T00:00:00.000,51117,Mecklenburg,Southside,664,44,33
989,2020-09-20T00:00:00.000,51119,Middlesex,Three Rivers,110,7,9
990,2020-09-20T00:00:00.000,51121,Montgomery,New River,1724,20,4
991,2020-09-20T00:00:00.000,51125,Nelson,Thomas Jefferson,98,4,1
992,2020-09-20T00:00:00.000,51127,New Kent,Chickahominy,180,14,2
993,2020-09-20T00:00:00.000,51131,Northampton,Eastern Shore,305,49,31
994,2020-09-20T00:00:00.000,51133,Northumberland,Three Rivers,142,9,5
995,2020-09-20T00:00:00.000,51135,Nottoway,Piedmont,249,43,16
996,2020-09-20T00:00:00.000,51137,Orange,Rappahannock Rapidan,312,20,4
997,2020-09-20T00:00:00.000,51139,Page,Lord Fairfax,382,42,29
998,2020-09-20T00:00:00.000,51141,Patrick,West Piedmont,271,51,24
999,2020-09-20T00:00:00.000,51143,Pittsylvania,Pittsylvania-Danville,954,51,9
