,report_date,health_district,sex,number_of_cases,number_of_hospitalizations,number_of_deaths
0,2020-11-17T00:00:00.000,Alexandria,Female,2436,148,38
1,2020-11-17T00:00:00.000,Alexandria,Male,2277,195,38
2,2020-11-17T00:00:00.000,Alexandria,Not Reported,13,0,0
3,2020-11-17T00:00:00.000,Alleghany,Female,2167,77,38
4,2020-11-17T00:00:00.000,Alleghany,Male,1758,63,24
5,2020-11-17T00:00:00.000,Alleghany,Not Reported,21,0,1
6,2020-11-17T00:00:00.000,Arlington,Female,2700,246,71
7,2020-11-17T00:00:00.000,Arlington,Male,2750,315,86
8,2020-11-17T00:00:00.000,Arlington,Not Reported,4,0,0
9,2020-11-17T00:00:00.000,Central Shenandoah,Female,4263,165,44
10,2020-11-17T00:00:00.000,Central Shenandoah,Male,3672,166,54
11,2020-11-17T00:00:00.000,Central Shenandoah,Not Reported,26,0,0
12,2020-11-17T00:00:00.000,Central Virginia,Female,3099,102,30
13,2020-11-17T00:00:00.000,Central Virginia,Male,2698,116,38
14,2020-11-17T00:00:00.000,Central Virginia,Not Reported,163,2,1
15,2020-11-17T00:00:00.000,Chesapeake,Female,3042,262,38
16,2020-11-17T00:00:00.000,Chesapeake,Male,2588,244,42
17,2020-11-17T00:00:00.000,Chesapeake,Not Reported,6,0,0
18,2020-11-17T00:00:00.000,Chesterfield,Female,4630,253,71
19,2020-11-17T00:00:00.000,Chesterfield,Male,4213,257,80
20,2020-11-17T00:00:00.000,Chesterfield,Not Reported,152,0,3
21,2020-11-17T00:00:00.000,Chickahominy,Female,1467,104,33
22,2020-11-17T00:00:00.000,Chickahominy,Male,1385,114,31
23,2020-11-17T00:00:00.000,Chickahominy,Not Reported,29,0,0
24,2020-11-17T00:00:00.000,Crater,Female,2302,171,64
25,2020-11-17T00:00:00.000,Crater,Male,3176,150,56
26,2020-11-17T00:00:00.000,Crater,Not Reported,60,3,0
27,2020-11-17T00:00:00.000,Cumberland Plateau,Female,1094,60,10
28,2020-11-17T00:00:00.000,Cumberland Plateau,Male,906,60,8
29,2020-11-17T00:00:00.000,Cumberland Plateau,Not Reported,38,0,0
30,2020-11-17T00:00:00.000,Eastern Shore,Female,805,76,26
31,2020-11-17T00:00:00.000,Eastern Shore,Male,785,75,26
32,2020-11-17T00:00:00.000,Eastern Shore,Not Reported,9,0,0
33,2020-11-17T00:00:00.000,Fairfax,Female,13915,1055,295
34,2020-11-17T00:00:00.000,Fairfax,Male,13206,1391,324
35,2020-11-17T00:00:00.000,Fairfax,Not Reported,170,1,6
36,2020-11-17T00:00:00.000,Hampton,Female,1309,44,14
37,2020-11-17T00:00:00.000,Hampton,Male,1126,64,20
38,2020-11-17T00:00:00.000,Hampton,Not Reported,7,0,0
39,2020-11-17T00:00:00.000,Henrico,Female,3888,274,132
40,2020-11-17T00:00:00.000,Henrico,Male,3411,269,112
41,2020-11-17T00:00:00.000,Henrico,Not Reported,62,1,0
42,2020-11-17T00:00:00.000,Lenowisco,Female,1281,63,14
43,2020-11-17T00:00:00.000,Lenowisco,Male,1191,78,26
44,2020-11-17T00:00:00.000,Lenowisco,Not Reported,33,0,0
45,2020-11-17T00:00:00.000,Lord Fairfax,Female,2595,187,66
46,2020-11-17T00:00:00.000,Lord Fairfax,Male,2320,206,73
47,2020-11-17T00:00:00.000,Lord Fairfax,Not Reported,26,0,0
48,2020-11-17T00:00:00.000,Loudoun,Female,4474,239,81
49,2020-11-17T00:00:00.000,Loudoun,Male,4413,281,55
50,2020-11-17T00:00:00.000,Loudoun,Not Reported,67,0,0
51,2020-11-17T00:00:00.000,Mount Rogers,Female,2823,173,80
52,2020-11-17T00:00:00.000,Mount Rogers,Male,2248,200,73
53,2020-11-17T00:00:00.000,Mount Rogers,Not Reported,42,0,1
54,2020-11-17T00:00:00.000,New River,Female,2757,54,15
55,2020-11-17T00:00:00.000,New River,Male,2592,62,18
56,2020-11-17T00:00:00.000,New River,Not Reported,49,0,0
57,2020-11-17T00:00:00.000,Norfolk,Female,3071,219,41
58,2020-11-17T00:00:00.000,Norfolk,Male,2962,208,46
59,2020-11-17T00:00:00.000,Norfolk,Not Reported,4,0,0
60,2020-11-17T00:00:00.000,Peninsula,Female,3030,111,51
61,2020-11-17T00:00:00.000,Peninsula,Male,2770,129,43
62,2020-11-17T00:00:00.000,Peninsula,Not Reported,21,0,0
63,2020-11-17T00:00:00.000,Piedmont,Female,1086,82,18
64,2020-11-17T00:00:00.000,Piedmont,Male,1730,109,45
65,2020-11-17T00:00:00.000,Piedmont,Not Reported,7,0,0
66,2020-11-17T00:00:00.000,Pittsylvania-Danville,Female,1657,136,40
67,2020-11-17T00:00:00.000,Pittsylvania-Danville,Male,1321,93,25
68,2020-11-17T00:00:00.000,Pittsylvania-Danville,Not Reported,14,2,0
69,2020-11-17T00:00:00.000,Portsmouth,Female,1588,192,38
70,2020-11-17T00:00:00.000,Portsmouth,Male,1436,153,32
71,2020-11-17T00:00:00.000,Portsmouth,Not Reported,3,0,0
72,2020-11-17T00:00:00.000,Prince William,Female,9599,545,111
73,2020-11-17T00:00:00.000,Prince William,Male,9216,697,154
74,2020-11-17T00:00:00.000,Prince William,Not Reported,150,2,0
75,2020-11-17T00:00:00.000,Rappahannock,Female,3747,224,43
76,2020-11-17T00:00:00.000,Rappahannock,Male,3315,242,52
77,2020-11-17T00:00:00.000,Rappahannock,Not Reported,33,0,0
78,2020-11-17T00:00:00.000,Rappahannock Rapidan,Female,1765,87,27
79,2020-11-17T00:00:00.000,Rappahannock Rapidan,Male,2009,127,30
80,2020-11-17T00:00:00.000,Rappahannock Rapidan,Not Reported,82,0,0
81,2020-11-17T00:00:00.000,Richmond,Female,3076,240,28
82,2020-11-17T00:00:00.000,Richmond,Male,2910,236,49
83,2020-11-17T00:00:00.000,Richmond,Not Reported,69,1,2
84,2020-11-17T00:00:00.000,Roanoke,Female,1991,64,30
85,2020-11-17T00:00:00.000,Roanoke,Male,1524,57,29
86,2020-11-17T00:00:00.000,Roanoke,Not Reported,20,0,0
87,2020-11-17T00:00:00.000,Southside,Female,1101,45,26
88,2020-11-17T00:00:00.000,Southside,Male,1036,51,27
89,2020-11-17T00:00:00.000,Southside,Not Reported,12,0,0
90,2020-11-17T00:00:00.000,Thomas Jefferson,Female,2566,131,41
91,2020-11-17T00:00:00.000,Thomas Jefferson,Male,2314,128,39
92,2020-11-17T00:00:00.000,Thomas Jefferson,Not Reported,5,0,0
93,2020-11-17T00:00:00.000,Three Rivers,Female,1157,69,19
94,2020-11-17T00:00:00.000,Three Rivers,Male,1302,80,23
95,2020-11-17T00:00:00.000,Three Rivers,Not Reported,24,0,0
96,2020-11-17T00:00:00.000,Virginia Beach,Female,5020,250,55
97,2020-11-17T00:00:00.000,Virginia Beach,Male,4399,228,56
98,2020-11-17T00:00:00.000,Virginia Beach,Not Reported,30,0,0
99,2020-11-17T00:00:00.000,Western Tidewater,Female,2399,128,72
100,2020-11-17T00:00:00.000,Western Tidewater,Male,2571,131,87
101,2020-11-17T00:00:00.000,Western Tidewater,Not Reported,5,0,2
102,2020-11-17T00:00:00.000,West Piedmont,Female,2176,180,47
103,2020-11-17T00:00:00.000,West Piedmont,Male,1682,164,49
104,2020-11-17T00:00:00.000,West Piedmont,Not Reported,18,1,2
105,2020-11-16T00:00:00.000,Alexandria,Female,2421,147,38
106,2020-11-16T00:00:00.000,Alexandria,Male,2264,194,38
107,2020-11-16T00:00:00.000,Alexandria,Not Reported,13,0,0
108,2020-11-16T00:00:00.000,Alleghany,Female,2090,77,37
109,2020-11-16T00:00:00.000,Alleghany,Male,1714,63,23
110,2020-11-16T00:00:00.000,Alleghany,Not Reported,20,0,1
111,2020-11-16T00:00:00.000,Arlington,Female,2662,246,71
112,2020-11-16T00:00:00.000,Arlington,Male,2714,315,86
113,2020-11-16T00:00:00.000,Arlington,Not Reported,4,0,0
114,2020-11-16T00:00:00.000,Central Shenandoah,Female,4160,163,43
115,2020-11-16T00:00:00.000,Central Shenandoah,Male,3603,164,51
116,2020-11-16T00:00:00.000,Central Shenandoah,Not Reported,24,0,0
117,2020-11-16T00:00:00.000,Central Virginia,Female,3040,102,30
118,2020-11-16T00:00:00.000,Central Virginia,Male,2644,115,38
119,2020-11-16T00:00:00.000,Central Virginia,Not Reported,163,2,1
120,2020-11-16T00:00:00.000,Chesapeake,Female,3000,260,37
121,2020-11-16T00:00:00.000,Chesapeake,Male,2553,243,42
122,2020-11-16T00:00:00.000,Chesapeake,Not Reported,6,0,0
123,2020-11-16T00:00:00.000,Chesterfield,Female,4582,252,71
124,2020-11-16T00:00:00.000,Chesterfield,Male,4175,257,79
125,2020-11-16T00:00:00.000,Chesterfield,Not Reported,150,0,3
126,2020-11-16T00:00:00.000,Chickahominy,Female,1457,104,33
127,2020-11-16T00:00:00.000,Chickahominy,Male,1376,114,31
128,2020-11-16T00:00:00.000,Chickahominy,Not Reported,29,0,0
129,2020-11-16T00:00:00.000,Crater,Female,2292,170,64
130,2020-11-16T00:00:00.000,Crater,Male,3167,149,55
131,2020-11-16T00:00:00.000,Crater,Not Reported,62,5,0
132,2020-11-16T00:00:00.000,Cumberland Plateau,Female,1073,60,10
133,2020-11-16T00:00:00.000,Cumberland Plateau,Male,888,58,7
134,2020-11-16T00:00:00.000,Cumberland Plateau,Not Reported,43,0,0
135,2020-11-16T00:00:00.000,Eastern Shore,Female,800,76,26
136,2020-11-16T00:00:00.000,Eastern Shore,Male,781,75,26
137,2020-11-16T00:00:00.000,Eastern Shore,Not Reported,9,0,0
138,2020-11-16T00:00:00.000,Fairfax,Female,13824,1051,295
139,2020-11-16T00:00:00.000,Fairfax,Male,13099,1388,324
140,2020-11-16T00:00:00.000,Fairfax,Not Reported,172,1,6
141,2020-11-16T00:00:00.000,Hampton,Female,1304,44,14
142,2020-11-16T00:00:00.000,Hampton,Male,1121,63,20
143,2020-11-16T00:00:00.000,Hampton,Not Reported,7,0,0
144,2020-11-16T00:00:00.000,Henrico,Female,3834,274,131
145,2020-11-16T00:00:00.000,Henrico,Male,3388,269,112
146,2020-11-16T00:00:00.000,Henrico,Not Reported,59,1,0
147,2020-11-16T00:00:00.000,Lenowisco,Female,1265,60,11
148,2020-11-16T00:00:00.000,Lenowisco,Male,1170,78,25
149,2020-11-16T00:00:00.000,Lenowisco,Not Reported,27,0,0
150,2020-11-16T00:00:00.000,Lord Fairfax,Female,2535,186,66
151,2020-11-16T00:00:00.000,Lord Fairfax,Male,2267,205,72
152,2020-11-16T00:00:00.000,Lord Fairfax,Not Reported,26,0,0
153,2020-11-16T00:00:00.000,Loudoun,Female,4449,237,81
154,2020-11-16T00:00:00.000,Loudoun,Male,4379,279,55
155,2020-11-16T00:00:00.000,Loudoun,Not Reported,66,0,0
156,2020-11-16T00:00:00.000,Mount Rogers,Female,2794,172,80
157,2020-11-16T00:00:00.000,Mount Rogers,Male,2219,199,73
158,2020-11-16T00:00:00.000,Mount Rogers,Not Reported,40,0,1
159,2020-11-16T00:00:00.000,New River,Female,2742,54,14
160,2020-11-16T00:00:00.000,New River,Male,2582,62,18
161,2020-11-16T00:00:00.000,New River,Not Reported,49,0,0
162,2020-11-16T00:00:00.000,Norfolk,Female,3043,217,41
163,2020-11-16T00:00:00.000,Norfolk,Male,2918,208,46
164,2020-11-16T00:00:00.000,Norfolk,Not Reported,4,0,0
165,2020-11-16T00:00:00.000,Peninsula,Female,2999,111,51
166,2020-11-16T00:00:00.000,Peninsula,Male,2747,130,43
167,2020-11-16T00:00:00.000,Peninsula,Not Reported,21,0,0
168,2020-11-16T00:00:00.000,Piedmont,Female,1080,82,18
169,2020-11-16T00:00:00.000,Piedmont,Male,1718,106,44
170,2020-11-16T00:00:00.000,Piedmont,Not Reported,7,0,0
171,2020-11-16T00:00:00.000,Pittsylvania-Danville,Female,1636,136,40
172,2020-11-16T00:00:00.000,Pittsylvania-Danville,Male,1303,91,25
173,2020-11-16T00:00:00.000,Pittsylvania-Danville,Not Reported,14,2,0
174,2020-11-16T00:00:00.000,Portsmouth,Female,1586,192,38
175,2020-11-16T00:00:00.000,Portsmouth,Male,1432,153,32
176,2020-11-16T00:00:00.000,Portsmouth,Not Reported,3,0,0
177,2020-11-16T00:00:00.000,Prince William,Female,9526,542,111
178,2020-11-16T00:00:00.000,Prince William,Male,9134,693,154
179,2020-11-16T00:00:00.000,Prince William,Not Reported,147,2,0
180,2020-11-16T00:00:00.000,Rappahannock,Female,3715,223,43
181,2020-11-16T00:00:00.000,Rappahannock,Male,3291,240,52
182,2020-11-16T00:00:00.000,Rappahannock,Not Reported,31,0,0
183,2020-11-16T00:00:00.000,Rappahannock Rapidan,Female,1725,86,27
184,2020-11-16T00:00:00.000,Rappahannock Rapidan,Male,1969,125,30
185,2020-11-16T00:00:00.000,Rappahannock Rapidan,Not Reported,84,0,0
186,2020-11-16T00:00:00.000,Richmond,Female,3051,240,27
187,2020-11-16T00:00:00.000,Richmond,Male,2887,236,49
188,2020-11-16T00:00:00.000,Richmond,Not Reported,69,1,2
189,2020-11-16T00:00:00.000,Roanoke,Female,1941,64,29
190,2020-11-16T00:00:00.000,Roanoke,Male,1492,57,25
191,2020-11-16T00:00:00.000,Roanoke,Not Reported,20,0,0
192,2020-11-16T00:00:00.000,Southside,Female,1094,45,24
193,2020-11-16T00:00:00.000,Southside,Male,1031,51,27
194,2020-11-16T00:00:00.000,Southside,Not Reported,12,0,0
195,2020-11-16T00:00:00.000,Thomas Jefferson,Female,2553,131,41
196,2020-11-16T00:00:00.000,Thomas Jefferson,Male,2304,128,39
197,2020-11-16T00:00:00.000,Thomas Jefferson,Not Reported,5,0,0
198,2020-11-16T00:00:00.000,Three Rivers,Female,1150,69,18
199,2020-11-16T00:00:00.000,Three Rivers,Male,1296,80,23
200,2020-11-16T00:00:00.000,Three Rivers,Not Reported,24,0,0
201,2020-11-16T00:00:00.000,Virginia Beach,Female,4988,249,55
202,2020-11-16T00:00:00.000,Virginia Beach,Male,4366,228,56
203,2020-11-16T00:00:00.000,Virginia Beach,Not Reported,30,0,0
204,2020-11-16T00:00:00.000,Western Tidewater,Female,2382,127,72
205,2020-11-16T00:00:00.000,Western Tidewater,Male,2563,131,86
206,2020-11-16T00:00:00.000,Western Tidewater,Not Reported,5,0,2
207,2020-11-16T00:00:00.000,West Piedmont,Female,2157,178,47
208,2020-11-16T00:00:00.000,West Piedmont,Male,1669,163,49
209,2020-11-16T00:00:00.000,West Piedmont,Not Reported,18,1,1
210,2020-11-15T00:00:00.000,Alexandria,Female,2386,147,38
211,2020-11-15T00:00:00.000,Alexandria,Male,2236,189,38
212,2020-11-15T00:00:00.000,Alexandria,Not Reported,13,0,0
213,2020-11-15T00:00:00.000,Alleghany,Female,2088,75,35
214,2020-11-15T00:00:00.000,Alleghany,Male,1712,63,23
215,2020-11-15T00:00:00.000,Alleghany,Not Reported,20,0,1
216,2020-11-15T00:00:00.000,Arlington,Female,2620,246,71
217,2020-11-15T00:00:00.000,Arlington,Male,2674,315,86
218,2020-11-15T00:00:00.000,Arlington,Not Reported,4,0,0
219,2020-11-15T00:00:00.000,Central Shenandoah,Female,4115,163,43
220,2020-11-15T00:00:00.000,Central Shenandoah,Male,3579,163,51
221,2020-11-15T00:00:00.000,Central Shenandoah,Not Reported,22,0,0
222,2020-11-15T00:00:00.000,Central Virginia,Female,2986,102,28
223,2020-11-15T00:00:00.000,Central Virginia,Male,2596,115,38
224,2020-11-15T00:00:00.000,Central Virginia,Not Reported,160,2,1
225,2020-11-15T00:00:00.000,Chesapeake,Female,2978,260,37
226,2020-11-15T00:00:00.000,Chesapeake,Male,2522,243,43
227,2020-11-15T00:00:00.000,Chesapeake,Not Reported,6,0,0
228,2020-11-15T00:00:00.000,Chesterfield,Female,4499,251,71
229,2020-11-15T00:00:00.000,Chesterfield,Male,4107,256,79
230,2020-11-15T00:00:00.000,Chesterfield,Not Reported,150,0,3
231,2020-11-15T00:00:00.000,Chickahominy,Female,1409,102,33
232,2020-11-15T00:00:00.000,Chickahominy,Male,1346,114,31
233,2020-11-15T00:00:00.000,Chickahominy,Not Reported,29,0,0
234,2020-11-15T00:00:00.000,Crater,Female,2278,170,64
235,2020-11-15T00:00:00.000,Crater,Male,3150,149,54
236,2020-11-15T00:00:00.000,Crater,Not Reported,62,5,0
237,2020-11-15T00:00:00.000,Cumberland Plateau,Female,1048,60,10
238,2020-11-15T00:00:00.000,Cumberland Plateau,Male,873,57,7
239,2020-11-15T00:00:00.000,Cumberland Plateau,Not Reported,28,0,0
240,2020-11-15T00:00:00.000,Eastern Shore,Female,798,76,26
241,2020-11-15T00:00:00.000,Eastern Shore,Male,778,75,26
242,2020-11-15T00:00:00.000,Eastern Shore,Not Reported,9,0,0
243,2020-11-15T00:00:00.000,Fairfax,Female,13617,1050,295
244,2020-11-15T00:00:00.000,Fairfax,Male,12908,1382,324
245,2020-11-15T00:00:00.000,Fairfax,Not Reported,170,1,6
246,2020-11-15T00:00:00.000,Hampton,Female,1280,43,14
247,2020-11-15T00:00:00.000,Hampton,Male,1089,63,20
248,2020-11-15T00:00:00.000,Hampton,Not Reported,7,0,0
249,2020-11-15T00:00:00.000,Henrico,Female,3795,271,131
250,2020-11-15T00:00:00.000,Henrico,Male,3346,269,112
251,2020-11-15T00:00:00.000,Henrico,Not Reported,59,1,0
252,2020-11-15T00:00:00.000,Lenowisco,Female,1254,60,11
253,2020-11-15T00:00:00.000,Lenowisco,Male,1156,78,25
254,2020-11-15T00:00:00.000,Lenowisco,Not Reported,23,0,0
255,2020-11-15T00:00:00.000,Lord Fairfax,Female,2516,185,66
256,2020-11-15T00:00:00.000,Lord Fairfax,Male,2250,204,73
257,2020-11-15T00:00:00.000,Lord Fairfax,Not Reported,26,0,0
258,2020-11-15T00:00:00.000,Loudoun,Female,4409,237,81
259,2020-11-15T00:00:00.000,Loudoun,Male,4335,279,54
260,2020-11-15T00:00:00.000,Loudoun,Not Reported,66,0,0
261,2020-11-15T00:00:00.000,Mount Rogers,Female,2737,171,79
262,2020-11-15T00:00:00.000,Mount Rogers,Male,2175,200,73
263,2020-11-15T00:00:00.000,Mount Rogers,Not Reported,39,0,1
264,2020-11-15T00:00:00.000,New River,Female,2713,51,14
265,2020-11-15T00:00:00.000,New River,Male,2551,61,18
266,2020-11-15T00:00:00.000,New River,Not Reported,49,0,0
267,2020-11-15T00:00:00.000,Norfolk,Female,2994,217,41
268,2020-11-15T00:00:00.000,Norfolk,Male,2873,208,46
269,2020-11-15T00:00:00.000,Norfolk,Not Reported,5,0,0
270,2020-11-15T00:00:00.000,Peninsula,Female,2943,110,51
271,2020-11-15T00:00:00.000,Peninsula,Male,2694,130,43
272,2020-11-15T00:00:00.000,Peninsula,Not Reported,21,0,0
273,2020-11-15T00:00:00.000,Piedmont,Female,1076,82,18
274,2020-11-15T00:00:00.000,Piedmont,Male,1704,105,43
275,2020-11-15T00:00:00.000,Piedmont,Not Reported,7,0,0
276,2020-11-15T00:00:00.000,Pittsylvania-Danville,Female,1617,135,40
277,2020-11-15T00:00:00.000,Pittsylvania-Danville,Male,1279,89,25
278,2020-11-15T00:00:00.000,Pittsylvania-Danville,Not Reported,14,2,0
279,2020-11-15T00:00:00.000,Portsmouth,Female,1576,191,38
280,2020-11-15T00:00:00.000,Portsmouth,Male,1418,152,32
281,2020-11-15T00:00:00.000,Portsmouth,Not Reported,3,0,0
282,2020-11-15T00:00:00.000,Prince William,Female,9401,542,111
283,2020-11-15T00:00:00.000,Prince William,Male,9047,692,154
284,2020-11-15T00:00:00.000,Prince William,Not Reported,146,2,0
285,2020-11-15T00:00:00.000,Rappahannock,Female,3666,223,43
286,2020-11-15T00:00:00.000,Rappahannock,Male,3229,240,52
287,2020-11-15T00:00:00.000,Rappahannock,Not Reported,30,0,0
288,2020-11-15T00:00:00.000,Rappahannock Rapidan,Female,1703,86,27
289,2020-11-15T00:00:00.000,Rappahannock Rapidan,Male,1917,124,30
290,2020-11-15T00:00:00.000,Rappahannock Rapidan,Not Reported,75,0,0
291,2020-11-15T00:00:00.000,Richmond,Female,3024,240,27
292,2020-11-15T00:00:00.000,Richmond,Male,2869,236,49
293,2020-11-15T00:00:00.000,Richmond,Not Reported,70,1,2
294,2020-11-15T00:00:00.000,Roanoke,Female,1937,63,29
295,2020-11-15T00:00:00.000,Roanoke,Male,1484,57,24
296,2020-11-15T00:00:00.000,Roanoke,Not Reported,20,0,0
297,2020-11-15T00:00:00.000,Southside,Female,1071,45,24
298,2020-11-15T00:00:00.000,Southside,Male,1022,51,27
299,2020-11-15T00:00:00.000,Southside,Not Reported,12,0,0
300,2020-11-15T00:00:00.000,Thomas Jefferson,Female,2530,131,41
301,2020-11-15T00:00:00.000,Thomas Jefferson,Male,2285,128,39
302,2020-11-15T00:00:00.000,Thomas Jefferson,Not Reported,4,0,0
303,2020-11-15T00:00:00.000,Three Rivers,Female,1139,68,18
304,2020-11-15T00:00:00.000,Three Rivers,Male,1288,80,23
305,2020-11-15T00:00:00.000,Three Rivers,Not Reported,24,0,0
306,2020-11-15T00:00:00.000,Virginia Beach,Female,4876,249,56
307,2020-11-15T00:00:00.000,Virginia Beach,Male,4259,228,56
308,2020-11-15T00:00:00.000,Virginia Beach,Not Reported,29,0,0
309,2020-11-15T00:00:00.000,Western Tidewater,Female,2374,127,72
310,2020-11-15T00:00:00.000,Western Tidewater,Male,2551,129,86
311,2020-11-15T00:00:00.000,Western Tidewater,Not Reported,5,0,2
312,2020-11-15T00:00:00.000,West Piedmont,Female,2133,174,47
313,2020-11-15T00:00:00.000,West Piedmont,Male,1647,162,49
314,2020-11-15T00:00:00.000,West Piedmont,Not Reported,18,1,1
315,2020-11-14T00:00:00.000,Alexandria,Female,2378,147,38
316,2020-11-14T00:00:00.000,Alexandria,Male,2228,189,38
317,2020-11-14T00:00:00.000,Alexandria,Not Reported,13,0,0
318,2020-11-14T00:00:00.000,Alleghany,Female,2073,74,35
319,2020-11-14T00:00:00.000,Alleghany,Male,1701,63,23
320,2020-11-14T00:00:00.000,Alleghany,Not Reported,20,0,1
321,2020-11-14T00:00:00.000,Arlington,Female,2596,245,71
322,2020-11-14T00:00:00.000,Arlington,Male,2641,314,86
323,2020-11-14T00:00:00.000,Arlington,Not Reported,4,0,0
324,2020-11-14T00:00:00.000,Central Shenandoah,Female,4107,163,43
325,2020-11-14T00:00:00.000,Central Shenandoah,Male,3577,163,51
326,2020-11-14T00:00:00.000,Central Shenandoah,Not Reported,20,0,0
327,2020-11-14T00:00:00.000,Central Virginia,Female,2966,102,28
328,2020-11-14T00:00:00.000,Central Virginia,Male,2587,115,38
329,2020-11-14T00:00:00.000,Central Virginia,Not Reported,161,2,1
330,2020-11-14T00:00:00.000,Chesapeake,Female,2975,260,37
331,2020-11-14T00:00:00.000,Chesapeake,Male,2518,243,43
332,2020-11-14T00:00:00.000,Chesapeake,Not Reported,6,0,0
333,2020-11-14T00:00:00.000,Chesterfield,Female,4477,249,71
334,2020-11-14T00:00:00.000,Chesterfield,Male,4091,256,79
335,2020-11-14T00:00:00.000,Chesterfield,Not Reported,149,0,3
336,2020-11-14T00:00:00.000,Chickahominy,Female,1403,100,33
337,2020-11-14T00:00:00.000,Chickahominy,Male,1343,114,31
338,2020-11-14T00:00:00.000,Chickahominy,Not Reported,29,0,0
339,2020-11-14T00:00:00.000,Crater,Female,2274,170,64
340,2020-11-14T00:00:00.000,Crater,Male,3143,149,54
341,2020-11-14T00:00:00.000,Crater,Not Reported,61,5,0
342,2020-11-14T00:00:00.000,Cumberland Plateau,Female,1044,60,10
343,2020-11-14T00:00:00.000,Cumberland Plateau,Male,869,57,7
344,2020-11-14T00:00:00.000,Cumberland Plateau,Not Reported,28,0,0
345,2020-11-14T00:00:00.000,Eastern Shore,Female,796,76,26
346,2020-11-14T00:00:00.000,Eastern Shore,Male,777,75,26
347,2020-11-14T00:00:00.000,Eastern Shore,Not Reported,9,0,0
348,2020-11-14T00:00:00.000,Fairfax,Female,13527,1046,295
349,2020-11-14T00:00:00.000,Fairfax,Male,12822,1381,324
350,2020-11-14T00:00:00.000,Fairfax,Not Reported,169,1,6
351,2020-11-14T00:00:00.000,Hampton,Female,1268,43,14
352,2020-11-14T00:00:00.000,Hampton,Male,1081,63,20
353,2020-11-14T00:00:00.000,Hampton,Not Reported,7,0,0
354,2020-11-14T00:00:00.000,Henrico,Female,3780,271,131
355,2020-11-14T00:00:00.000,Henrico,Male,3327,269,112
356,2020-11-14T00:00:00.000,Henrico,Not Reported,59,1,0
357,2020-11-14T00:00:00.000,Lenowisco,Female,1230,58,10
358,2020-11-14T00:00:00.000,Lenowisco,Male,1134,75,25
359,2020-11-14T00:00:00.000,Lenowisco,Not Reported,21,0,0
360,2020-11-14T00:00:00.000,Lord Fairfax,Female,2494,184,66
361,2020-11-14T00:00:00.000,Lord Fairfax,Male,2234,203,73
362,2020-11-14T00:00:00.000,Lord Fairfax,Not Reported,26,0,0
363,2020-11-14T00:00:00.000,Loudoun,Female,4354,237,81
364,2020-11-14T00:00:00.000,Loudoun,Male,4286,278,54
365,2020-11-14T00:00:00.000,Loudoun,Not Reported,66,0,0
366,2020-11-14T00:00:00.000,Mount Rogers,Female,2713,171,79
367,2020-11-14T00:00:00.000,Mount Rogers,Male,2159,199,73
368,2020-11-14T00:00:00.000,Mount Rogers,Not Reported,37,0,1
369,2020-11-14T00:00:00.000,New River,Female,2700,51,14
370,2020-11-14T00:00:00.000,New River,Male,2538,61,18
371,2020-11-14T00:00:00.000,New River,Not Reported,49,0,0
372,2020-11-14T00:00:00.000,Norfolk,Female,2989,217,41
373,2020-11-14T00:00:00.000,Norfolk,Male,2869,208,46
374,2020-11-14T00:00:00.000,Norfolk,Not Reported,5,0,0
375,2020-11-14T00:00:00.000,Peninsula,Female,2930,109,51
376,2020-11-14T00:00:00.000,Peninsula,Male,2687,130,43
377,2020-11-14T00:00:00.000,Peninsula,Not Reported,21,0,0
378,2020-11-14T00:00:00.000,Piedmont,Female,1070,82,18
379,2020-11-14T00:00:00.000,Piedmont,Male,1702,105,43
380,2020-11-14T00:00:00.000,Piedmont,Not Reported,7,0,0
381,2020-11-14T00:00:00.000,Pittsylvania-Danville,Female,1612,135,40
382,2020-11-14T00:00:00.000,Pittsylvania-Danville,Male,1278,89,25
383,2020-11-14T00:00:00.000,Pittsylvania-Danville,Not Reported,14,2,0
384,2020-11-14T00:00:00.000,Portsmouth,Female,1569,191,38
385,2020-11-14T00:00:00.000,Portsmouth,Male,1405,152,32
386,2020-11-14T00:00:00.000,Portsmouth,Not Reported,3,0,0
387,2020-11-14T00:00:00.000,Prince William,Female,9368,542,111
388,2020-11-14T00:00:00.000,Prince William,Male,9017,692,154
389,2020-11-14T00:00:00.000,Prince William,Not Reported,144,2,0
390,2020-11-14T00:00:00.000,Rappahannock,Female,3654,223,43
391,2020-11-14T00:00:00.000,Rappahannock,Male,3210,240,52
392,2020-11-14T00:00:00.000,Rappahannock,Not Reported,30,0,0
393,2020-11-14T00:00:00.000,Rappahannock Rapidan,Female,1685,86,27
394,2020-11-14T00:00:00.000,Rappahannock Rapidan,Male,1884,124,30
395,2020-11-14T00:00:00.000,Rappahannock Rapidan,Not Reported,73,0,0
396,2020-11-14T00:00:00.000,Richmond,Female,3020,240,27
397,2020-11-14T00:00:00.000,Richmond,Male,2857,236,49
398,2020-11-14T00:00:00.000,Richmond,Not Reported,70,1,2
399,2020-11-14T00:00:00.000,Roanoke,Female,1931,63,29
400,2020-11-14T00:00:00.000,Roanoke,Male,1472,57,24
401,2020-11-14T00:00:00.000,Roanoke,Not Reported,18,0,0
402,2020-11-14T00:00:00.000,Southside,Female,1065,45,24
403,2020-11-14T00:00:00.000,Southside,Male,1019,51,27
404,2020-11-14T00:00:00.000,Southside,Not Reported,12,0,0
405,2020-11-14T00:00:00.000,Thomas Jefferson,Female,2516,131,41
406,2020-11-14T00:00:00.000,Thomas Jefferson,Male,2269,128,39
407,2020-11-14T00:00:00.000,Thomas Jefferson,Not Reported,3,0,0
408,2020-11-14T00:00:00.000,Three Rivers,Female,1131,68,18
409,2020-11-14T00:00:00.000,Three Rivers,Male,1282,80,23
410,2020-11-14T00:00:00.000,Three Rivers,Not Reported,24,0,0
411,2020-11-14T00:00:00.000,Virginia Beach,Female,4843,249,56
412,2020-11-14T00:00:00.000,Virginia Beach,Male,4222,227,56
413,2020-11-14T00:00:00.000,Virginia Beach,Not Reported,29,0,0
414,2020-11-14T00:00:00.000,Western Tidewater,Female,2347,127,72
415,2020-11-14T00:00:00.000,Western Tidewater,Male,2535,129,86
416,2020-11-14T00:00:00.000,Western Tidewater,Not Reported,5,0,2
417,2020-11-14T00:00:00.000,West Piedmont,Female,2109,173,47
418,2020-11-14T00:00:00.000,West Piedmont,Male,1631,162,49
419,2020-11-14T00:00:00.000,West Piedmont,Not Reported,18,1,1
420,2020-11-13T00:00:00.000,Alexandria,Female,2372,147,38
421,2020-11-13T00:00:00.000,Alexandria,Male,2217,189,38
422,2020-11-13T00:00:00.000,Alexandria,Not Reported,13,0,0
423,2020-11-13T00:00:00.000,Alleghany,Female,2021,74,33
424,2020-11-13T00:00:00.000,Alleghany,Male,1666,62,23
425,2020-11-13T00:00:00.000,Alleghany,Not Reported,20,0,1
426,2020-11-13T00:00:00.000,Arlington,Female,2573,245,71
427,2020-11-13T00:00:00.000,Arlington,Male,2614,313,84
428,2020-11-13T00:00:00.000,Arlington,Not Reported,4,0,0
429,2020-11-13T00:00:00.000,Central Shenandoah,Female,4080,163,42
430,2020-11-13T00:00:00.000,Central Shenandoah,Male,3543,162,51
431,2020-11-13T00:00:00.000,Central Shenandoah,Not Reported,20,0,0
432,2020-11-13T00:00:00.000,Central Virginia,Female,2956,101,28
433,2020-11-13T00:00:00.000,Central Virginia,Male,2572,114,39
434,2020-11-13T00:00:00.000,Central Virginia,Not Reported,164,2,1
435,2020-11-13T00:00:00.000,Chesapeake,Female,2950,258,37
436,2020-11-13T00:00:00.000,Chesapeake,Male,2497,243,43
437,2020-11-13T00:00:00.000,Chesapeake,Not Reported,6,0,0
438,2020-11-13T00:00:00.000,Chesterfield,Female,4445,249,71
439,2020-11-13T00:00:00.000,Chesterfield,Male,4067,254,79
440,2020-11-13T00:00:00.000,Chesterfield,Not Reported,144,0,3
441,2020-11-13T00:00:00.000,Chickahominy,Female,1388,100,32
442,2020-11-13T00:00:00.000,Chickahominy,Male,1335,113,30
443,2020-11-13T00:00:00.000,Chickahominy,Not Reported,29,0,0
444,2020-11-13T00:00:00.000,Crater,Female,2267,170,64
445,2020-11-13T00:00:00.000,Crater,Male,3136,149,54
446,2020-11-13T00:00:00.000,Crater,Not Reported,62,5,0
447,2020-11-13T00:00:00.000,Cumberland Plateau,Female,1026,59,10
448,2020-11-13T00:00:00.000,Cumberland Plateau,Male,852,57,7
449,2020-11-13T00:00:00.000,Cumberland Plateau,Not Reported,23,0,0
450,2020-11-13T00:00:00.000,Eastern Shore,Female,795,76,26
451,2020-11-13T00:00:00.000,Eastern Shore,Male,772,75,26
452,2020-11-13T00:00:00.000,Eastern Shore,Not Reported,9,0,0
453,2020-11-13T00:00:00.000,Fairfax,Female,13463,1042,295
454,2020-11-13T00:00:00.000,Fairfax,Male,12769,1380,324
455,2020-11-13T00:00:00.000,Fairfax,Not Reported,169,1,6
456,2020-11-13T00:00:00.000,Hampton,Female,1261,41,14
457,2020-11-13T00:00:00.000,Hampton,Male,1076,63,20
458,2020-11-13T00:00:00.000,Hampton,Not Reported,7,0,0
459,2020-11-13T00:00:00.000,Henrico,Female,3759,269,131
460,2020-11-13T00:00:00.000,Henrico,Male,3315,268,112
461,2020-11-13T00:00:00.000,Henrico,Not Reported,59,1,0
462,2020-11-13T00:00:00.000,Lenowisco,Female,1204,56,10
463,2020-11-13T00:00:00.000,Lenowisco,Male,1111,75,24
464,2020-11-13T00:00:00.000,Lenowisco,Not Reported,21,0,0
465,2020-11-13T00:00:00.000,Lord Fairfax,Female,2448,182,66
466,2020-11-13T00:00:00.000,Lord Fairfax,Male,2201,201,73
467,2020-11-13T00:00:00.000,Lord Fairfax,Not Reported,25,0,0
468,2020-11-13T00:00:00.000,Loudoun,Female,4328,237,81
469,2020-11-13T00:00:00.000,Loudoun,Male,4247,278,54
470,2020-11-13T00:00:00.000,Loudoun,Not Reported,67,0,0
471,2020-11-13T00:00:00.000,Mount Rogers,Female,2655,167,79
472,2020-11-13T00:00:00.000,Mount Rogers,Male,2103,198,73
473,2020-11-13T00:00:00.000,Mount Rogers,Not Reported,32,0,1
474,2020-11-13T00:00:00.000,New River,Female,2689,50,14
475,2020-11-13T00:00:00.000,New River,Male,2523,61,18
476,2020-11-13T00:00:00.000,New River,Not Reported,49,0,0
477,2020-11-13T00:00:00.000,Norfolk,Female,2970,216,40
478,2020-11-13T00:00:00.000,Norfolk,Male,2855,207,46
479,2020-11-13T00:00:00.000,Norfolk,Not Reported,4,0,0
480,2020-11-13T00:00:00.000,Peninsula,Female,2907,109,51
481,2020-11-13T00:00:00.000,Peninsula,Male,2660,127,42
482,2020-11-13T00:00:00.000,Peninsula,Not Reported,21,0,0
483,2020-11-13T00:00:00.000,Piedmont,Female,1066,82,18
484,2020-11-13T00:00:00.000,Piedmont,Male,1698,104,43
485,2020-11-13T00:00:00.000,Piedmont,Not Reported,7,0,0
486,2020-11-13T00:00:00.000,Pittsylvania-Danville,Female,1602,135,40
487,2020-11-13T00:00:00.000,Pittsylvania-Danville,Male,1266,89,25
488,2020-11-13T00:00:00.000,Pittsylvania-Danville,Not Reported,14,2,0
489,2020-11-13T00:00:00.000,Portsmouth,Female,1560,186,38
490,2020-11-13T00:00:00.000,Portsmouth,Male,1404,152,32
491,2020-11-13T00:00:00.000,Portsmouth,Not Reported,3,0,0
492,2020-11-13T00:00:00.000,Prince William,Female,9328,540,110
493,2020-11-13T00:00:00.000,Prince William,Male,8974,691,154
494,2020-11-13T00:00:00.000,Prince William,Not Reported,144,2,0
495,2020-11-13T00:00:00.000,Rappahannock,Female,3610,223,42
496,2020-11-13T00:00:00.000,Rappahannock,Male,3173,238,52
497,2020-11-13T00:00:00.000,Rappahannock,Not Reported,30,0,0
498,2020-11-13T00:00:00.000,Rappahannock Rapidan,Female,1678,86,27
499,2020-11-13T00:00:00.000,Rappahannock Rapidan,Male,1875,122,30
500,2020-11-13T00:00:00.000,Rappahannock Rapidan,Not Reported,76,0,0
501,2020-11-13T00:00:00.000,Richmond,Female,3003,238,27
502,2020-11-13T00:00:00.000,Richmond,Male,2836,234,49
503,2020-11-13T00:00:00.000,Richmond,Not Reported,69,1,2
504,2020-11-13T00:00:00.000,Roanoke,Female,1917,62,30
505,2020-11-13T00:00:00.000,Roanoke,Male,1465,57,24
506,2020-11-13T00:00:00.000,Roanoke,Not Reported,18,0,0
507,2020-11-13T00:00:00.000,Southside,Female,1024,44,24
508,2020-11-13T00:00:00.000,Southside,Male,1014,51,27
509,2020-11-13T00:00:00.000,Southside,Not Reported,12,0,0
510,2020-11-13T00:00:00.000,Thomas Jefferson,Female,2503,129,41
511,2020-11-13T00:00:00.000,Thomas Jefferson,Male,2259,126,38
512,2020-11-13T00:00:00.000,Thomas Jefferson,Not Reported,3,0,0
513,2020-11-13T00:00:00.000,Three Rivers,Female,1120,68,18
514,2020-11-13T00:00:00.000,Three Rivers,Male,1274,78,23
515,2020-11-13T00:00:00.000,Three Rivers,Not Reported,24,0,0
516,2020-11-13T00:00:00.000,Virginia Beach,Female,4796,246,55
517,2020-11-13T00:00:00.000,Virginia Beach,Male,4177,227,56
518,2020-11-13T00:00:00.000,Virginia Beach,Not Reported,29,0,0
519,2020-11-13T00:00:00.000,Western Tidewater,Female,2335,126,72
520,2020-11-13T00:00:00.000,Western Tidewater,Male,2526,126,86
521,2020-11-13T00:00:00.000,Western Tidewater,Not Reported,5,0,2
522,2020-11-13T00:00:00.000,West Piedmont,Female,2079,172,47
523,2020-11-13T00:00:00.000,West Piedmont,Male,1614,161,48
524,2020-11-13T00:00:00.000,West Piedmont,Not Reported,16,1,0
525,2020-11-12T00:00:00.000,Alexandria,Female,2356,147,38
526,2020-11-12T00:00:00.000,Alexandria,Male,2209,189,38
527,2020-11-12T00:00:00.000,Alexandria,Not Reported,13,0,0
528,2020-11-12T00:00:00.000,Alleghany,Female,1999,73,31
529,2020-11-12T00:00:00.000,Alleghany,Male,1639,61,21
530,2020-11-12T00:00:00.000,Alleghany,Not Reported,20,0,1
531,2020-11-12T00:00:00.000,Arlington,Female,2556,243,71
532,2020-11-12T00:00:00.000,Arlington,Male,2598,309,84
533,2020-11-12T00:00:00.000,Arlington,Not Reported,4,0,0
534,2020-11-12T00:00:00.000,Central Shenandoah,Female,4044,162,40
535,2020-11-12T00:00:00.000,Central Shenandoah,Male,3509,161,49
536,2020-11-12T00:00:00.000,Central Shenandoah,Not Reported,20,0,0
537,2020-11-12T00:00:00.000,Central Virginia,Female,2926,100,28
538,2020-11-12T00:00:00.000,Central Virginia,Male,2548,115,38
539,2020-11-12T00:00:00.000,Central Virginia,Not Reported,165,2,1
540,2020-11-12T00:00:00.000,Chesapeake,Female,2939,258,37
541,2020-11-12T00:00:00.000,Chesapeake,Male,2481,243,43
542,2020-11-12T00:00:00.000,Chesapeake,Not Reported,6,0,0
543,2020-11-12T00:00:00.000,Chesterfield,Female,4431,247,70
544,2020-11-12T00:00:00.000,Chesterfield,Male,4048,250,79
545,2020-11-12T00:00:00.000,Chesterfield,Not Reported,143,0,3
546,2020-11-12T00:00:00.000,Chickahominy,Female,1377,99,32
547,2020-11-12T00:00:00.000,Chickahominy,Male,1334,113,30
548,2020-11-12T00:00:00.000,Chickahominy,Not Reported,28,0,0
549,2020-11-12T00:00:00.000,Crater,Female,2257,168,64
550,2020-11-12T00:00:00.000,Crater,Male,3126,147,54
551,2020-11-12T00:00:00.000,Crater,Not Reported,62,5,0
552,2020-11-12T00:00:00.000,Cumberland Plateau,Female,1012,59,10
553,2020-11-12T00:00:00.000,Cumberland Plateau,Male,837,57,7
554,2020-11-12T00:00:00.000,Cumberland Plateau,Not Reported,19,0,0
555,2020-11-12T00:00:00.000,Eastern Shore,Female,793,76,26
556,2020-11-12T00:00:00.000,Eastern Shore,Male,771,75,26
557,2020-11-12T00:00:00.000,Eastern Shore,Not Reported,9,0,0
558,2020-11-12T00:00:00.000,Fairfax,Female,13402,1034,294
559,2020-11-12T00:00:00.000,Fairfax,Male,12694,1374,324
560,2020-11-12T00:00:00.000,Fairfax,Not Reported,169,1,6
561,2020-11-12T00:00:00.000,Hampton,Female,1257,41,14
562,2020-11-12T00:00:00.000,Hampton,Male,1064,63,20
563,2020-11-12T00:00:00.000,Hampton,Not Reported,7,0,0
564,2020-11-12T00:00:00.000,Henrico,Female,3730,269,131
565,2020-11-12T00:00:00.000,Henrico,Male,3304,268,111
566,2020-11-12T00:00:00.000,Henrico,Not Reported,60,1,0
567,2020-11-12T00:00:00.000,Lenowisco,Female,1177,55,10
568,2020-11-12T00:00:00.000,Lenowisco,Male,1096,74,22
569,2020-11-12T00:00:00.000,Lenowisco,Not Reported,21,0,0
570,2020-11-12T00:00:00.000,Lord Fairfax,Female,2420,181,64
571,2020-11-12T00:00:00.000,Lord Fairfax,Male,2162,197,73
572,2020-11-12T00:00:00.000,Lord Fairfax,Not Reported,25,0,0
573,2020-11-12T00:00:00.000,Loudoun,Female,4314,235,81
574,2020-11-12T00:00:00.000,Loudoun,Male,4239,276,53
575,2020-11-12T00:00:00.000,Loudoun,Not Reported,69,0,0
576,2020-11-12T00:00:00.000,Mount Rogers,Female,2618,167,79
577,2020-11-12T00:00:00.000,Mount Rogers,Male,2069,198,73
578,2020-11-12T00:00:00.000,Mount Rogers,Not Reported,31,0,1
579,2020-11-12T00:00:00.000,New River,Female,2657,49,14
580,2020-11-12T00:00:00.000,New River,Male,2502,59,18
581,2020-11-12T00:00:00.000,New River,Not Reported,49,0,0
582,2020-11-12T00:00:00.000,Norfolk,Female,2963,216,40
583,2020-11-12T00:00:00.000,Norfolk,Male,2849,207,46
584,2020-11-12T00:00:00.000,Norfolk,Not Reported,4,0,0
585,2020-11-12T00:00:00.000,Peninsula,Female,2887,109,51
586,2020-11-12T00:00:00.000,Peninsula,Male,2653,126,41
587,2020-11-12T00:00:00.000,Peninsula,Not Reported,22,0,0
588,2020-11-12T00:00:00.000,Piedmont,Female,1063,82,18
589,2020-11-12T00:00:00.000,Piedmont,Male,1691,104,42
590,2020-11-12T00:00:00.000,Piedmont,Not Reported,7,0,0
591,2020-11-12T00:00:00.000,Pittsylvania-Danville,Female,1590,134,39
592,2020-11-12T00:00:00.000,Pittsylvania-Danville,Male,1258,89,25
593,2020-11-12T00:00:00.000,Pittsylvania-Danville,Not Reported,13,2,0
594,2020-11-12T00:00:00.000,Portsmouth,Female,1559,186,38
595,2020-11-12T00:00:00.000,Portsmouth,Male,1403,152,32
596,2020-11-12T00:00:00.000,Portsmouth,Not Reported,3,0,0
597,2020-11-12T00:00:00.000,Prince William,Female,9275,535,110
598,2020-11-12T00:00:00.000,Prince William,Male,8925,691,154
599,2020-11-12T00:00:00.000,Prince William,Not Reported,141,2,0
600,2020-11-12T00:00:00.000,Rappahannock,Female,3600,224,42
601,2020-11-12T00:00:00.000,Rappahannock,Male,3159,237,52
602,2020-11-12T00:00:00.000,Rappahannock,Not Reported,29,0,0
603,2020-11-12T00:00:00.000,Rappahannock Rapidan,Female,1669,85,27
604,2020-11-12T00:00:00.000,Rappahannock Rapidan,Male,1835,123,28
605,2020-11-12T00:00:00.000,Rappahannock Rapidan,Not Reported,72,0,0
606,2020-11-12T00:00:00.000,Richmond,Female,2985,237,27
607,2020-11-12T00:00:00.000,Richmond,Male,2816,234,49
608,2020-11-12T00:00:00.000,Richmond,Not Reported,70,1,2
609,2020-11-12T00:00:00.000,Roanoke,Female,1904,61,29
610,2020-11-12T00:00:00.000,Roanoke,Male,1458,57,23
611,2020-11-12T00:00:00.000,Roanoke,Not Reported,18,0,0
612,2020-11-12T00:00:00.000,Southside,Female,1023,44,24
613,2020-11-12T00:00:00.000,Southside,Male,1008,51,27
614,2020-11-12T00:00:00.000,Southside,Not Reported,12,0,0
615,2020-11-12T00:00:00.000,Thomas Jefferson,Female,2502,128,41
616,2020-11-12T00:00:00.000,Thomas Jefferson,Male,2256,126,38
617,2020-11-12T00:00:00.000,Thomas Jefferson,Not Reported,3,0,0
618,2020-11-12T00:00:00.000,Three Rivers,Female,1116,67,18
619,2020-11-12T00:00:00.000,Three Rivers,Male,1267,78,23
620,2020-11-12T00:00:00.000,Three Rivers,Not Reported,24,0,0
621,2020-11-12T00:00:00.000,Virginia Beach,Female,4781,245,55
622,2020-11-12T00:00:00.000,Virginia Beach,Male,4154,224,56
623,2020-11-12T00:00:00.000,Virginia Beach,Not Reported,29,0,0
624,2020-11-12T00:00:00.000,Western Tidewater,Female,2327,124,71
625,2020-11-12T00:00:00.000,Western Tidewater,Male,2524,126,85
626,2020-11-12T00:00:00.000,Western Tidewater,Not Reported,5,0,2
627,2020-11-12T00:00:00.000,West Piedmont,Female,2051,171,47
628,2020-11-12T00:00:00.000,West Piedmont,Male,1593,159,47
629,2020-11-12T00:00:00.000,West Piedmont,Not Reported,16,1,0
630,2020-11-11T00:00:00.000,Alexandria,Female,2346,147,38
631,2020-11-11T00:00:00.000,Alexandria,Male,2200,187,38
632,2020-11-11T00:00:00.000,Alexandria,Not Reported,13,0,0
633,2020-11-11T00:00:00.000,Alleghany,Female,1974,73,27
634,2020-11-11T00:00:00.000,Alleghany,Male,1623,61,20
635,2020-11-11T00:00:00.000,Alleghany,Not Reported,19,0,1
636,2020-11-11T00:00:00.000,Arlington,Female,2546,242,71
637,2020-11-11T00:00:00.000,Arlington,Male,2580,305,84
638,2020-11-11T00:00:00.000,Arlington,Not Reported,4,0,0
639,2020-11-11T00:00:00.000,Central Shenandoah,Female,4035,162,40
640,2020-11-11T00:00:00.000,Central Shenandoah,Male,3505,160,49
641,2020-11-11T00:00:00.000,Central Shenandoah,Not Reported,20,0,0
642,2020-11-11T00:00:00.000,Central Virginia,Female,2892,101,28
643,2020-11-11T00:00:00.000,Central Virginia,Male,2524,115,38
644,2020-11-11T00:00:00.000,Central Virginia,Not Reported,156,2,1
645,2020-11-11T00:00:00.000,Chesapeake,Female,2909,257,37
646,2020-11-11T00:00:00.000,Chesapeake,Male,2456,243,43
647,2020-11-11T00:00:00.000,Chesapeake,Not Reported,6,0,0
648,2020-11-11T00:00:00.000,Chesterfield,Female,4390,244,69
649,2020-11-11T00:00:00.000,Chesterfield,Male,4004,250,79
650,2020-11-11T00:00:00.000,Chesterfield,Not Reported,143,0,3
651,2020-11-11T00:00:00.000,Chickahominy,Female,1360,99,32
652,2020-11-11T00:00:00.000,Chickahominy,Male,1327,112,30
653,2020-11-11T00:00:00.000,Chickahominy,Not Reported,31,0,0
654,2020-11-11T00:00:00.000,Crater,Female,2247,167,64
655,2020-11-11T00:00:00.000,Crater,Male,3119,147,54
656,2020-11-11T00:00:00.000,Crater,Not Reported,62,5,0
657,2020-11-11T00:00:00.000,Cumberland Plateau,Female,994,58,10
658,2020-11-11T00:00:00.000,Cumberland Plateau,Male,828,57,7
659,2020-11-11T00:00:00.000,Cumberland Plateau,Not Reported,14,0,0
660,2020-11-11T00:00:00.000,Eastern Shore,Female,790,76,26
661,2020-11-11T00:00:00.000,Eastern Shore,Male,770,75,26
662,2020-11-11T00:00:00.000,Eastern Shore,Not Reported,9,0,0
663,2020-11-11T00:00:00.000,Fairfax,Female,13292,1026,294
664,2020-11-11T00:00:00.000,Fairfax,Male,12589,1363,324
665,2020-11-11T00:00:00.000,Fairfax,Not Reported,170,1,6
666,2020-11-11T00:00:00.000,Hampton,Female,1250,41,14
667,2020-11-11T00:00:00.000,Hampton,Male,1056,63,20
668,2020-11-11T00:00:00.000,Hampton,Not Reported,7,0,0
669,2020-11-11T00:00:00.000,Henrico,Female,3706,265,131
670,2020-11-11T00:00:00.000,Henrico,Male,3279,268,112
671,2020-11-11T00:00:00.000,Henrico,Not Reported,58,1,0
672,2020-11-11T00:00:00.000,Lenowisco,Female,1142,55,10
673,2020-11-11T00:00:00.000,Lenowisco,Male,1065,74,22
674,2020-11-11T00:00:00.000,Lenowisco,Not Reported,19,0,0
675,2020-11-11T00:00:00.000,Lord Fairfax,Female,2401,178,63
676,2020-11-11T00:00:00.000,Lord Fairfax,Male,2144,196,73
677,2020-11-11T00:00:00.000,Lord Fairfax,Not Reported,25,0,0
678,2020-11-11T00:00:00.000,Loudoun,Female,4282,235,81
679,2020-11-11T00:00:00.000,Loudoun,Male,4212,276,53
680,2020-11-11T00:00:00.000,Loudoun,Not Reported,66,0,0
681,2020-11-11T00:00:00.000,Mount Rogers,Female,2594,166,79
682,2020-11-11T00:00:00.000,Mount Rogers,Male,2038,196,73
683,2020-11-11T00:00:00.000,Mount Rogers,Not Reported,29,0,1
684,2020-11-11T00:00:00.000,New River,Female,2622,48,14
685,2020-11-11T00:00:00.000,New River,Male,2484,59,17
686,2020-11-11T00:00:00.000,New River,Not Reported,49,0,0
687,2020-11-11T00:00:00.000,Norfolk,Female,2958,216,40
688,2020-11-11T00:00:00.000,Norfolk,Male,2843,207,46
689,2020-11-11T00:00:00.000,Norfolk,Not Reported,4,0,0
690,2020-11-11T00:00:00.000,Peninsula,Female,2871,109,51
691,2020-11-11T00:00:00.000,Peninsula,Male,2646,125,41
692,2020-11-11T00:00:00.000,Peninsula,Not Reported,23,0,0
693,2020-11-11T00:00:00.000,Piedmont,Female,1056,82,17
694,2020-11-11T00:00:00.000,Piedmont,Male,1673,104,40
695,2020-11-11T00:00:00.000,Piedmont,Not Reported,7,0,0
696,2020-11-11T00:00:00.000,Pittsylvania-Danville,Female,1578,134,39
697,2020-11-11T00:00:00.000,Pittsylvania-Danville,Male,1246,87,25
698,2020-11-11T00:00:00.000,Pittsylvania-Danville,Not Reported,14,1,0
699,2020-11-11T00:00:00.000,Portsmouth,Female,1553,186,38
700,2020-11-11T00:00:00.000,Portsmouth,Male,1396,153,32
701,2020-11-11T00:00:00.000,Portsmouth,Not Reported,3,0,0
702,2020-11-11T00:00:00.000,Prince William,Female,9235,535,110
703,2020-11-11T00:00:00.000,Prince William,Male,8876,689,153
704,2020-11-11T00:00:00.000,Prince William,Not Reported,143,2,0
705,2020-11-11T00:00:00.000,Rappahannock,Female,3575,223,42
706,2020-11-11T00:00:00.000,Rappahannock,Male,3130,237,52
707,2020-11-11T00:00:00.000,Rappahannock,Not Reported,29,0,0
708,2020-11-11T00:00:00.000,Rappahannock Rapidan,Female,1655,85,27
709,2020-11-11T00:00:00.000,Rappahannock Rapidan,Male,1820,120,28
710,2020-11-11T00:00:00.000,Rappahannock Rapidan,Not Reported,77,0,0
711,2020-11-11T00:00:00.000,Richmond,Female,2969,236,27
712,2020-11-11T00:00:00.000,Richmond,Male,2803,234,49
713,2020-11-11T00:00:00.000,Richmond,Not Reported,68,1,2
714,2020-11-11T00:00:00.000,Roanoke,Female,1882,60,28
715,2020-11-11T00:00:00.000,Roanoke,Male,1442,55,22
716,2020-11-11T00:00:00.000,Roanoke,Not Reported,19,0,0
717,2020-11-11T00:00:00.000,Southside,Female,1009,43,24
718,2020-11-11T00:00:00.000,Southside,Male,1003,50,26
719,2020-11-11T00:00:00.000,Southside,Not Reported,12,0,0
720,2020-11-11T00:00:00.000,Thomas Jefferson,Female,2489,128,41
721,2020-11-11T00:00:00.000,Thomas Jefferson,Male,2240,126,37
722,2020-11-11T00:00:00.000,Thomas Jefferson,Not Reported,4,0,0
723,2020-11-11T00:00:00.000,Three Rivers,Female,1111,67,18
724,2020-11-11T00:00:00.000,Three Rivers,Male,1252,78,23
725,2020-11-11T00:00:00.000,Three Rivers,Not Reported,24,0,0
726,2020-11-11T00:00:00.000,Virginia Beach,Female,4725,245,55
727,2020-11-11T00:00:00.000,Virginia Beach,Male,4112,224,56
728,2020-11-11T00:00:00.000,Virginia Beach,Not Reported,27,0,0
729,2020-11-11T00:00:00.000,Western Tidewater,Female,2303,123,69
730,2020-11-11T00:00:00.000,Western Tidewater,Male,2504,126,85
731,2020-11-11T00:00:00.000,Western Tidewater,Not Reported,5,0,2
732,2020-11-11T00:00:00.000,West Piedmont,Female,2027,168,47
733,2020-11-11T00:00:00.000,West Piedmont,Male,1574,157,47
734,2020-11-11T00:00:00.000,West Piedmont,Not Reported,16,1,0
735,2020-11-10T00:00:00.000,Alexandria,Female,2341,147,38
736,2020-11-10T00:00:00.000,Alexandria,Male,2179,187,38
737,2020-11-10T00:00:00.000,Alexandria,Not Reported,13,0,0
738,2020-11-10T00:00:00.000,Alleghany,Female,1944,70,27
739,2020-11-10T00:00:00.000,Alleghany,Male,1598,60,20
740,2020-11-10T00:00:00.000,Alleghany,Not Reported,19,0,1
741,2020-11-10T00:00:00.000,Arlington,Female,2527,242,71
742,2020-11-10T00:00:00.000,Arlington,Male,2563,304,84
743,2020-11-10T00:00:00.000,Arlington,Not Reported,3,0,0
744,2020-11-10T00:00:00.000,Central Shenandoah,Female,3986,161,39
745,2020-11-10T00:00:00.000,Central Shenandoah,Male,3472,158,48
746,2020-11-10T00:00:00.000,Central Shenandoah,Not Reported,20,0,0
747,2020-11-10T00:00:00.000,Central Virginia,Female,2866,97,28
748,2020-11-10T00:00:00.000,Central Virginia,Male,2491,113,37
749,2020-11-10T00:00:00.000,Central Virginia,Not Reported,167,2,1
750,2020-11-10T00:00:00.000,Chesapeake,Female,2882,257,37
751,2020-11-10T00:00:00.000,Chesapeake,Male,2442,242,43
752,2020-11-10T00:00:00.000,Chesapeake,Not Reported,6,0,0
753,2020-11-10T00:00:00.000,Chesterfield,Female,4346,243,69
754,2020-11-10T00:00:00.000,Chesterfield,Male,3955,250,79
755,2020-11-10T00:00:00.000,Chesterfield,Not Reported,142,0,3
756,2020-11-10T00:00:00.000,Chickahominy,Female,1343,98,31
757,2020-11-10T00:00:00.000,Chickahominy,Male,1318,112,30
758,2020-11-10T00:00:00.000,Chickahominy,Not Reported,31,0,0
759,2020-11-10T00:00:00.000,Crater,Female,2238,167,64
760,2020-11-10T00:00:00.000,Crater,Male,3108,146,54
761,2020-11-10T00:00:00.000,Crater,Not Reported,62,5,0
762,2020-11-10T00:00:00.000,Cumberland Plateau,Female,974,56,9
763,2020-11-10T00:00:00.000,Cumberland Plateau,Male,809,54,6
764,2020-11-10T00:00:00.000,Cumberland Plateau,Not Reported,13,0,0
765,2020-11-10T00:00:00.000,Eastern Shore,Female,789,75,26
766,2020-11-10T00:00:00.000,Eastern Shore,Male,770,75,24
767,2020-11-10T00:00:00.000,Eastern Shore,Not Reported,9,0,0
768,2020-11-10T00:00:00.000,Fairfax,Female,13180,1019,292
769,2020-11-10T00:00:00.000,Fairfax,Male,12496,1363,324
770,2020-11-10T00:00:00.000,Fairfax,Not Reported,170,1,6
771,2020-11-10T00:00:00.000,Hampton,Female,1241,39,14
772,2020-11-10T00:00:00.000,Hampton,Male,1041,62,20
773,2020-11-10T00:00:00.000,Hampton,Not Reported,7,0,0
774,2020-11-10T00:00:00.000,Henrico,Female,3676,264,131
775,2020-11-10T00:00:00.000,Henrico,Male,3250,261,112
776,2020-11-10T00:00:00.000,Henrico,Not Reported,58,1,0
777,2020-11-10T00:00:00.000,Lenowisco,Female,1110,53,9
778,2020-11-10T00:00:00.000,Lenowisco,Male,1041,74,22
779,2020-11-10T00:00:00.000,Lenowisco,Not Reported,18,0,0
780,2020-11-10T00:00:00.000,Lord Fairfax,Female,2359,176,62
781,2020-11-10T00:00:00.000,Lord Fairfax,Male,2120,194,73
782,2020-11-10T00:00:00.000,Lord Fairfax,Not Reported,25,0,0
783,2020-11-10T00:00:00.000,Loudoun,Female,4246,236,82
784,2020-11-10T00:00:00.000,Loudoun,Male,4176,272,52
785,2020-11-10T00:00:00.000,Loudoun,Not Reported,64,0,0
786,2020-11-10T00:00:00.000,Mount Rogers,Female,2550,166,79
787,2020-11-10T00:00:00.000,Mount Rogers,Male,1994,190,73
788,2020-11-10T00:00:00.000,Mount Rogers,Not Reported,28,0,1
789,2020-11-10T00:00:00.000,New River,Female,2598,46,14
790,2020-11-10T00:00:00.000,New River,Male,2469,58,16
791,2020-11-10T00:00:00.000,New River,Not Reported,49,0,0
792,2020-11-10T00:00:00.000,Norfolk,Female,2945,215,40
793,2020-11-10T00:00:00.000,Norfolk,Male,2828,207,46
794,2020-11-10T00:00:00.000,Norfolk,Not Reported,4,0,0
795,2020-11-10T00:00:00.000,Peninsula,Female,2859,109,51
796,2020-11-10T00:00:00.000,Peninsula,Male,2633,125,41
797,2020-11-10T00:00:00.000,Peninsula,Not Reported,22,0,0
798,2020-11-10T00:00:00.000,Piedmont,Female,1054,81,17
799,2020-11-10T00:00:00.000,Piedmont,Male,1670,104,40
800,2020-11-10T00:00:00.000,Piedmont,Not Reported,7,0,0
801,2020-11-10T00:00:00.000,Pittsylvania-Danville,Female,1568,134,39
802,2020-11-10T00:00:00.000,Pittsylvania-Danville,Male,1232,87,25
803,2020-11-10T00:00:00.000,Pittsylvania-Danville,Not Reported,12,1,0
804,2020-11-10T00:00:00.000,Portsmouth,Female,1548,186,38
805,2020-11-10T00:00:00.000,Portsmouth,Male,1392,153,32
806,2020-11-10T00:00:00.000,Portsmouth,Not Reported,3,0,0
807,2020-11-10T00:00:00.000,Prince William,Female,9188,535,109
808,2020-11-10T00:00:00.000,Prince William,Male,8818,686,153
809,2020-11-10T00:00:00.000,Prince William,Not Reported,148,2,0
810,2020-11-10T00:00:00.000,Rappahannock,Female,3547,211,42
811,2020-11-10T00:00:00.000,Rappahannock,Male,3101,236,52
812,2020-11-10T00:00:00.000,Rappahannock,Not Reported,29,0,0
813,2020-11-10T00:00:00.000,Rappahannock Rapidan,Female,1642,84,27
814,2020-11-10T00:00:00.000,Rappahannock Rapidan,Male,1803,119,28
815,2020-11-10T00:00:00.000,Rappahannock Rapidan,Not Reported,73,0,0
816,2020-11-10T00:00:00.000,Richmond,Female,2946,236,27
817,2020-11-10T00:00:00.000,Richmond,Male,2787,234,49
818,2020-11-10T00:00:00.000,Richmond,Not Reported,66,1,2
819,2020-11-10T00:00:00.000,Roanoke,Female,1867,59,28
820,2020-11-10T00:00:00.000,Roanoke,Male,1427,54,22
821,2020-11-10T00:00:00.000,Roanoke,Not Reported,19,0,0
822,2020-11-10T00:00:00.000,Southside,Female,1003,43,24
823,2020-11-10T00:00:00.000,Southside,Male,997,49,25
824,2020-11-10T00:00:00.000,Southside,Not Reported,12,0,0
825,2020-11-10T00:00:00.000,Thomas Jefferson,Female,2477,127,41
826,2020-11-10T00:00:00.000,Thomas Jefferson,Male,2234,125,37
827,2020-11-10T00:00:00.000,Thomas Jefferson,Not Reported,4,0,0
828,2020-11-10T00:00:00.000,Three Rivers,Female,1111,67,18
829,2020-11-10T00:00:00.000,Three Rivers,Male,1254,78,23
830,2020-11-10T00:00:00.000,Three Rivers,Not Reported,24,0,0
831,2020-11-10T00:00:00.000,Virginia Beach,Female,4699,245,56
832,2020-11-10T00:00:00.000,Virginia Beach,Male,4084,224,56
833,2020-11-10T00:00:00.000,Virginia Beach,Not Reported,27,0,0
834,2020-11-10T00:00:00.000,Western Tidewater,Female,2293,122,69
835,2020-11-10T00:00:00.000,Western Tidewater,Male,2499,125,85
836,2020-11-10T00:00:00.000,Western Tidewater,Not Reported,5,0,2
837,2020-11-10T00:00:00.000,West Piedmont,Female,1992,166,46
838,2020-11-10T00:00:00.000,West Piedmont,Male,1550,156,47
839,2020-11-10T00:00:00.000,West Piedmont,Not Reported,17,1,0
840,2020-11-09T00:00:00.000,Alexandria,Female,2331,147,38
841,2020-11-09T00:00:00.000,Alexandria,Male,2173,187,38
842,2020-11-09T00:00:00.000,Alexandria,Not Reported,13,0,0
843,2020-11-09T00:00:00.000,Alleghany,Female,1921,67,24
844,2020-11-09T00:00:00.000,Alleghany,Male,1556,60,20
845,2020-11-09T00:00:00.000,Alleghany,Not Reported,20,0,1
846,2020-11-09T00:00:00.000,Arlington,Female,2511,242,71
847,2020-11-09T00:00:00.000,Arlington,Male,2546,304,84
848,2020-11-09T00:00:00.000,Arlington,Not Reported,3,0,0
849,2020-11-09T00:00:00.000,Central Shenandoah,Female,3968,160,38
850,2020-11-09T00:00:00.000,Central Shenandoah,Male,3461,157,48
851,2020-11-09T00:00:00.000,Central Shenandoah,Not Reported,21,0,0
852,2020-11-09T00:00:00.000,Central Virginia,Female,2844,96,28
853,2020-11-09T00:00:00.000,Central Virginia,Male,2469,112,37
854,2020-11-09T00:00:00.000,Central Virginia,Not Reported,171,2,1
855,2020-11-09T00:00:00.000,Chesapeake,Female,2871,257,37
856,2020-11-09T00:00:00.000,Chesapeake,Male,2424,242,43
857,2020-11-09T00:00:00.000,Chesapeake,Not Reported,6,0,0
858,2020-11-09T00:00:00.000,Chesterfield,Female,4309,242,69
859,2020-11-09T00:00:00.000,Chesterfield,Male,3939,250,79
860,2020-11-09T00:00:00.000,Chesterfield,Not Reported,140,0,3
861,2020-11-09T00:00:00.000,Chickahominy,Female,1324,98,31
862,2020-11-09T00:00:00.000,Chickahominy,Male,1300,112,30
863,2020-11-09T00:00:00.000,Chickahominy,Not Reported,29,0,0
864,2020-11-09T00:00:00.000,Crater,Female,2232,167,64
865,2020-11-09T00:00:00.000,Crater,Male,3100,146,54
866,2020-11-09T00:00:00.000,Crater,Not Reported,61,5,0
867,2020-11-09T00:00:00.000,Cumberland Plateau,Female,952,54,9
868,2020-11-09T00:00:00.000,Cumberland Plateau,Male,788,55,6
869,2020-11-09T00:00:00.000,Cumberland Plateau,Not Reported,12,0,0
870,2020-11-09T00:00:00.000,Eastern Shore,Female,789,75,26
871,2020-11-09T00:00:00.000,Eastern Shore,Male,770,75,24
872,2020-11-09T00:00:00.000,Eastern Shore,Not Reported,9,0,0
873,2020-11-09T00:00:00.000,Fairfax,Female,13115,1015,292
874,2020-11-09T00:00:00.000,Fairfax,Male,12428,1361,323
875,2020-11-09T00:00:00.000,Fairfax,Not Reported,172,1,6
876,2020-11-09T00:00:00.000,Hampton,Female,1231,39,14
877,2020-11-09T00:00:00.000,Hampton,Male,1040,61,20
878,2020-11-09T00:00:00.000,Hampton,Not Reported,7,0,0
879,2020-11-09T00:00:00.000,Henrico,Female,3643,262,130
880,2020-11-09T00:00:00.000,Henrico,Male,3230,258,111
881,2020-11-09T00:00:00.000,Henrico,Not Reported,64,1,0
882,2020-11-09T00:00:00.000,Lenowisco,Female,1091,53,9
883,2020-11-09T00:00:00.000,Lenowisco,Male,1030,74,22
884,2020-11-09T00:00:00.000,Lenowisco,Not Reported,17,0,0
885,2020-11-09T00:00:00.000,Lord Fairfax,Female,2336,174,62
886,2020-11-09T00:00:00.000,Lord Fairfax,Male,2097,193,73
887,2020-11-09T00:00:00.000,Lord Fairfax,Not Reported,26,0,0
888,2020-11-09T00:00:00.000,Loudoun,Female,4212,235,82
889,2020-11-09T00:00:00.000,Loudoun,Male,4139,270,52
890,2020-11-09T00:00:00.000,Loudoun,Not Reported,62,0,0
891,2020-11-09T00:00:00.000,Mount Rogers,Female,2509,163,79
892,2020-11-09T00:00:00.000,Mount Rogers,Male,1966,188,73
893,2020-11-09T00:00:00.000,Mount Rogers,Not Reported,28,0,1
894,2020-11-09T00:00:00.000,New River,Female,2561,44,14
895,2020-11-09T00:00:00.000,New River,Male,2443,56,16
896,2020-11-09T00:00:00.000,New River,Not Reported,49,0,0
897,2020-11-09T00:00:00.000,Norfolk,Female,2919,214,40
898,2020-11-09T00:00:00.000,Norfolk,Male,2805,205,45
899,2020-11-09T00:00:00.000,Norfolk,Not Reported,4,0,0
900,2020-11-09T00:00:00.000,Peninsula,Female,2835,108,51
901,2020-11-09T00:00:00.000,Peninsula,Male,2625,125,41
902,2020-11-09T00:00:00.000,Peninsula,Not Reported,22,0,0
903,2020-11-09T00:00:00.000,Piedmont,Female,1044,81,17
904,2020-11-09T00:00:00.000,Piedmont,Male,1650,100,40
905,2020-11-09T00:00:00.000,Piedmont,Not Reported,7,0,0
906,2020-11-09T00:00:00.000,Pittsylvania-Danville,Female,1550,133,39
907,2020-11-09T00:00:00.000,Pittsylvania-Danville,Male,1223,87,25
908,2020-11-09T00:00:00.000,Pittsylvania-Danville,Not Reported,12,1,0
909,2020-11-09T00:00:00.000,Portsmouth,Female,1540,186,38
910,2020-11-09T00:00:00.000,Portsmouth,Male,1387,151,32
911,2020-11-09T00:00:00.000,Portsmouth,Not Reported,3,0,0
912,2020-11-09T00:00:00.000,Prince William,Female,9145,533,107
913,2020-11-09T00:00:00.000,Prince William,Male,8777,681,152
914,2020-11-09T00:00:00.000,Prince William,Not Reported,145,2,0
915,2020-11-09T00:00:00.000,Rappahannock,Female,3530,211,42
916,2020-11-09T00:00:00.000,Rappahannock,Male,3086,235,52
917,2020-11-09T00:00:00.000,Rappahannock,Not Reported,27,0,0
918,2020-11-09T00:00:00.000,Rappahannock Rapidan,Female,1630,83,27
919,2020-11-09T00:00:00.000,Rappahannock Rapidan,Male,1750,119,28
920,2020-11-09T00:00:00.000,Rappahannock Rapidan,Not Reported,71,0,0
921,2020-11-09T00:00:00.000,Richmond,Female,2930,237,27
922,2020-11-09T00:00:00.000,Richmond,Male,2776,234,49
923,2020-11-09T00:00:00.000,Richmond,Not Reported,66,1,2
924,2020-11-09T00:00:00.000,Roanoke,Female,1830,59,27
925,2020-11-09T00:00:00.000,Roanoke,Male,1406,54,21
926,2020-11-09T00:00:00.000,Roanoke,Not Reported,19,0,0
927,2020-11-09T00:00:00.000,Southside,Female,998,43,24
928,2020-11-09T00:00:00.000,Southside,Male,997,49,25
929,2020-11-09T00:00:00.000,Southside,Not Reported,12,0,0
930,2020-11-09T00:00:00.000,Thomas Jefferson,Female,2462,126,41
931,2020-11-09T00:00:00.000,Thomas Jefferson,Male,2219,125,37
932,2020-11-09T00:00:00.000,Thomas Jefferson,Not Reported,3,0,0
933,2020-11-09T00:00:00.000,Three Rivers,Female,1102,67,18
934,2020-11-09T00:00:00.000,Three Rivers,Male,1244,78,23
935,2020-11-09T00:00:00.000,Three Rivers,Not Reported,25,0,0
936,2020-11-09T00:00:00.000,Virginia Beach,Female,4666,242,56
937,2020-11-09T00:00:00.000,Virginia Beach,Male,4045,222,56
938,2020-11-09T00:00:00.000,Virginia Beach,Not Reported,26,0,0
939,2020-11-09T00:00:00.000,Western Tidewater,Female,2288,121,69
940,2020-11-09T00:00:00.000,Western Tidewater,Male,2495,125,85
941,2020-11-09T00:00:00.000,Western Tidewater,Not Reported,5,0,2
942,2020-11-09T00:00:00.000,West Piedmont,Female,1965,164,46
943,2020-11-09T00:00:00.000,West Piedmont,Male,1535,153,47
944,2020-11-09T00:00:00.000,West Piedmont,Not Reported,17,1,0
945,2020-11-08T00:00:00.000,Alexandria,Female,2322,146,38
946,2020-11-08T00:00:00.000,Alexandria,Male,2164,187,38
947,2020-11-08T00:00:00.000,Alexandria,Not Reported,13,0,0
948,2020-11-08T00:00:00.000,Alleghany,Female,1902,67,24
949,2020-11-08T00:00:00.000,Alleghany,Male,1552,60,20
950,2020-11-08T00:00:00.000,Alleghany,Not Reported,19,0,1
951,2020-11-08T00:00:00.000,Arlington,Female,2500,241,71
952,2020-11-08T00:00:00.000,Arlington,Male,2533,304,84
953,2020-11-08T00:00:00.000,Arlington,Not Reported,3,0,0
954,2020-11-08T00:00:00.000,Central Shenandoah,Female,3934,160,38
955,2020-11-08T00:00:00.000,Central Shenandoah,Male,3436,156,47
956,2020-11-08T00:00:00.000,Central Shenandoah,Not Reported,21,0,0
957,2020-11-08T00:00:00.000,Central Virginia,Female,2832,96,28
958,2020-11-08T00:00:00.000,Central Virginia,Male,2454,112,37
959,2020-11-08T00:00:00.000,Central Virginia,Not Reported,160,2,1
960,2020-11-08T00:00:00.000,Chesapeake,Female,2846,257,37
961,2020-11-08T00:00:00.000,Chesapeake,Male,2412,241,43
962,2020-11-08T00:00:00.000,Chesapeake,Not Reported,6,0,0
963,2020-11-08T00:00:00.000,Chesterfield,Female,4265,240,69
964,2020-11-08T00:00:00.000,Chesterfield,Male,3891,250,79
965,2020-11-08T00:00:00.000,Chesterfield,Not Reported,140,0,3
966,2020-11-08T00:00:00.000,Chickahominy,Female,1319,98,31
967,2020-11-08T00:00:00.000,Chickahominy,Male,1296,110,30
968,2020-11-08T00:00:00.000,Chickahominy,Not Reported,29,0,0
969,2020-11-08T00:00:00.000,Crater,Female,2221,167,64
970,2020-11-08T00:00:00.000,Crater,Male,3091,146,54
971,2020-11-08T00:00:00.000,Crater,Not Reported,62,5,0
972,2020-11-08T00:00:00.000,Cumberland Plateau,Female,944,52,9
973,2020-11-08T00:00:00.000,Cumberland Plateau,Male,781,55,6
974,2020-11-08T00:00:00.000,Cumberland Plateau,Not Reported,16,0,0
975,2020-11-08T00:00:00.000,Eastern Shore,Female,788,75,26
976,2020-11-08T00:00:00.000,Eastern Shore,Male,769,75,24
977,2020-11-08T00:00:00.000,Eastern Shore,Not Reported,9,0,0
978,2020-11-08T00:00:00.000,Fairfax,Female,13036,1012,292
979,2020-11-08T00:00:00.000,Fairfax,Male,12349,1353,323
980,2020-11-08T00:00:00.000,Fairfax,Not Reported,170,1,6
981,2020-11-08T00:00:00.000,Hampton,Female,1225,39,14
982,2020-11-08T00:00:00.000,Hampton,Male,1038,61,20
983,2020-11-08T00:00:00.000,Hampton,Not Reported,7,0,0
984,2020-11-08T00:00:00.000,Henrico,Female,3628,262,130
985,2020-11-08T00:00:00.000,Henrico,Male,3214,257,111
986,2020-11-08T00:00:00.000,Henrico,Not Reported,62,1,0
987,2020-11-08T00:00:00.000,Lenowisco,Female,1084,53,9
988,2020-11-08T00:00:00.000,Lenowisco,Male,1024,72,22
989,2020-11-08T00:00:00.000,Lenowisco,Not Reported,17,0,0
990,2020-11-08T00:00:00.000,Lord Fairfax,Female,2308,174,62
991,2020-11-08T00:00:00.000,Lord Fairfax,Male,2072,190,73
992,2020-11-08T00:00:00.000,Lord Fairfax,Not Reported,25,0,0
993,2020-11-08T00:00:00.000,Loudoun,Female,4182,235,82
994,2020-11-08T00:00:00.000,Loudoun,Male,4093,270,52
995,2020-11-08T00:00:00.000,Loudoun,Not Reported,61,0,0
996,2020-11-08T00:00:00.000,Mount Rogers,Female,2460,161,79
997,2020-11-08T00:00:00.000,Mount Rogers,Male,1914,185,73
998,2020-11-08T00:00:00.000,Mount Rogers,Not Reported,28,0,1
999,2020-11-08T00:00:00.000,New River,Female,2536,43,14
