County Name,Scrape Time,Total Cases,Total Deaths,Total People Tested,Total Tests
Carson City,2020-07-15 22:03:45.308007,229,6,"9,170","10,274"
Churchill,2020-07-15 22:03:45.308007,31,1,"2,874","3,314"
Clark,2020-07-15 22:03:45.308007,"25,611",502,"271,166","348,025"
Douglas,2020-07-15 22:03:45.308007,94,0,"2,589","2,844"
Elko,2020-07-15 22:03:45.308007,274,1,"5,434","5,951"
Esmeralda,2020-07-15 22:03:45.308007,0,0,53,70
Eureka,2020-07-15 22:03:45.308007,1,0,41,74
Humboldt,2020-07-15 22:03:45.308007,91,4,"1,647","1,932"
Lander,2020-07-15 22:03:45.308007,45,0,786,924
Lincoln,2020-07-15 22:03:45.308007,2,0,244,274
Lyon,2020-07-15 22:03:45.308007,149,2,"2,704","3,185"
Mineral,2020-07-15 22:03:45.308007,8,0,743,"1,051"
Nye,2020-07-15 22:03:45.308007,193,3,"2,362","3,161"
Pershing,2020-07-15 22:03:45.308007,13,0,"2,583","2,906"
Storey,2020-07-15 22:03:45.308007,2,0,74,80
Washoe,2020-07-15 22:03:45.308007,"3,716",98,"55,372","66,197"
White Pine,2020-07-15 22:03:45.308007,9,1,"2,203","3,076"
Carson City,2020-07-16 20:18:17.067484,230,6,9299,"10,435"
Churchill,2020-07-16 20:18:17.067484,31,1,2886,"3,328"
Clark,2020-07-16 20:18:17.067484,"26,926",507,276002,"354,783"
Douglas,2020-07-16 20:18:17.067484,97,0,2641,"2,898"
Elko,2020-07-16 20:18:17.067484,285,1,5662,"6,206"
Esmeralda,2020-07-16 20:18:17.067484,0,0,54,72
Eureka,2020-07-16 20:18:17.067484,1,0,41,74
Humboldt,2020-07-16 20:18:17.067484,91,4,1649,"1,936"
Lander,2020-07-16 20:18:17.067484,47,0,838,978
Lincoln,2020-07-16 20:18:17.067484,3,0,245,275
Lyon,2020-07-16 20:18:17.067484,150,2,2755,"3,242"
Mineral,2020-07-16 20:18:17.067484,8,0,748,"1,060"
Nye,2020-07-16 20:18:17.067484,212,3,2387,"3,205"
Pershing,2020-07-16 20:18:17.067484,13,0,2588,"2,911"
Storey,2020-07-16 20:18:17.067484,2,0,77,83
Washoe,2020-07-16 20:18:17.067484,"3,810",101,55912,"66,907"
White Pine,2020-07-16 20:18:17.067484,9,1,2205,"3,078"
Carson City,2020-07-17 20:15:39.524028,240,6,"9,327","10,475"
Churchill,2020-07-17 20:15:39.524028,32,1,"3,006","3,483"
Clark,2020-07-17 20:15:39.524028,"28,189",518,"279,789","360,019"
Douglas,2020-07-17 20:15:39.524028,97,0,"2,656","2,917"
Elko,2020-07-17 20:15:39.524028,295,1,"5,702","6,249"
Esmeralda,2020-07-17 20:15:39.524028,0,0,55,73
Eureka,2020-07-17 20:15:39.524028,1,0,41,74
Humboldt,2020-07-17 20:15:39.524028,91,4,"1,651","1,939"
Lander,2020-07-17 20:15:39.524028,47,0,853,994
Lincoln,2020-07-17 20:15:39.524028,3,0,245,276
Lyon,2020-07-17 20:15:39.524028,155,2,"2,768","3,259"
Mineral,2020-07-17 20:15:39.524028,10,0,757,"1,073"
Nye,2020-07-17 20:15:39.524028,215,3,"2,413","3,240"
Pershing,2020-07-17 20:15:39.524028,13,0,"2,592","2,919"
Storey,2020-07-17 20:15:39.524028,2,0,78,84
Washoe,2020-07-17 20:15:39.524028,"3,895",101,"57,095","68,488"
White Pine,2020-07-17 20:15:39.524028,10,1,"2,262","3,141"
Carson City,2020-07-18 20:45:11.594473,248,6,"9,409","10,655"
Churchill,2020-07-18 20:45:11.594473,34,1,"3,029","3,509"
Clark,2020-07-18 20:45:11.594473,"29,304",527,"283,834","365,566"
Douglas,2020-07-18 20:45:11.594473,97,0,"2,691","2,965"
Elko,2020-07-18 20:45:11.594473,297,1,"5,855","6,410"
Esmeralda,2020-07-18 20:45:11.594473,0,0,56,74
Eureka,2020-07-18 20:45:11.594473,1,0,44,84
Humboldt,2020-07-18 20:45:11.594473,90,4,"1,691","1,989"
Lander,2020-07-18 20:45:11.594473,46,0,854,995
Lincoln,2020-07-18 20:45:11.594473,3,0,245,277
Lyon,2020-07-18 20:45:11.594473,156,2,"2,797","3,296"
Mineral,2020-07-18 20:45:11.594473,10,0,763,"1,082"
Nye,2020-07-18 20:45:11.594473,215,3,"2,445","3,291"
Pershing,2020-07-18 20:45:11.594473,13,0,"2,591","2,923"
Storey,2020-07-18 20:45:11.594473,2,0,78,84
Washoe,2020-07-18 20:45:11.594473,"3,951",101,"57,939","69,705"
White Pine,2020-07-18 20:45:11.594473,10,1,"2,291","3,210"
Carson City,2020-07-19 20:12:08.377854,251,6,"9,513","10,811"
Churchill,2020-07-19 20:12:08.377854,33,1,"3,134","3,630"
Clark,2020-07-19 20:12:08.377854,"30,432",527,"289,782","374,111"
Douglas,2020-07-19 20:12:08.377854,101,0,"2,778","3,077"
Elko,2020-07-19 20:12:08.377854,325,1,"6,001","6,572"
Esmeralda,2020-07-19 20:12:08.377854,0,0,57,75
Eureka,2020-07-19 20:12:08.377854,2,0,46,87
Humboldt,2020-07-19 20:12:08.377854,91,4,"1,702","2,000"
Lander,2020-07-19 20:12:08.377854,47,0,870,"1,014"
Lincoln,2020-07-19 20:12:08.377854,3,0,249,281
Lyon,2020-07-19 20:12:08.377854,154,2,"2,837","3,347"
Mineral,2020-07-19 20:12:08.377854,10,0,767,"1,093"
Nye,2020-07-19 20:12:08.377854,236,4,"2,473","3,330"
Pershing,2020-07-19 20:12:08.377854,13,0,"2,597","2,932"
Storey,2020-07-19 20:12:08.377854,3,0,80,86
Washoe,2020-07-19 20:12:08.377854,"4,054",101,"58,576","70,563"
White Pine,2020-07-19 20:12:08.377854,10,1,"2,317","3,249"
Carson City,2020-07-20 20:15:38.380239,252,6,"9,643","10,950"
Churchill,2020-07-20 20:15:38.380239,33,1,"3,192","3,696"
Clark,2020-07-20 20:15:38.380239,"31,312",527,"293,299","379,247"
Douglas,2020-07-20 20:15:38.380239,103,0,"2,843","3,161"
Elko,2020-07-20 20:15:38.380239,332,1,"6,032","6,615"
Esmeralda,2020-07-20 20:15:38.380239,0,0,57,75
Eureka,2020-07-20 20:15:38.380239,2,0,46,88
Humboldt,2020-07-20 20:15:38.380239,92,4,"1,706","2,006"
Lander,2020-07-20 20:15:38.380239,47,0,871,"1,016"
Lincoln,2020-07-20 20:15:38.380239,3,0,250,284
Lyon,2020-07-20 20:15:38.380239,156,2,"2,861","3,374"
Mineral,2020-07-20 20:15:38.380239,10,0,772,"1,104"
Nye,2020-07-20 20:15:38.380239,237,4,"2,493","3,364"
Pershing,2020-07-20 20:15:38.380239,13,0,"2,597","2,934"
Storey,2020-07-20 20:15:38.380239,2,0,80,86
Washoe,2020-07-20 20:15:38.380239,"4,108",102,"59,228","71,367"
White Pine,2020-07-20 20:15:38.380239,11,1,"2,319","3,276"
Carson City,2020-07-21 21:59:51.102511,258,6,"9,794","11,111"
Churchill,2020-07-21 21:59:51.102511,35,1,"3,208","3,701"
Clark,2020-07-21 21:59:51.102511,"32,025",553,"295,173","382,192"
Douglas,2020-07-21 21:59:51.102511,106,0,"2,883","3,188"
Elko,2020-07-21 21:59:51.102511,341,2,"6,132","6,709"
Esmeralda,2020-07-21 21:59:51.102511,0,0,58,71
Eureka,2020-07-21 21:59:51.102511,2,0,43,88
Humboldt,2020-07-21 21:59:51.102511,92,4,"1,717","2,021"
Lander,2020-07-21 21:59:51.102511,47,0,882,"1,032"
Lincoln,2020-07-21 21:59:51.102511,3,0,250,285
Lyon,2020-07-21 21:59:51.102511,159,2,"2,865","3,391"
Mineral,2020-07-21 21:59:51.102511,10,0,781,"1,108"
Nye,2020-07-21 21:59:51.102511,251,5,"2,505","3,403"
Pershing,2020-07-21 21:59:51.102511,13,0,"2,627","2,954"
Storey,2020-07-21 21:59:51.102511,2,0,78,85
Washoe,2020-07-21 21:59:51.102511,"4,173",102,"60,076","72,638"
White Pine,2020-07-21 21:59:51.102511,11,1,"2,300","3,289"
Carson City,2020-07-22 21:54:08.294152,260,7,"9,825","11,148"
Churchill,2020-07-22 21:54:08.294152,36,1,"3,230","3,732"
Clark,2020-07-22 21:54:08.294152,"33,057",577,"299,776","388,744"
Douglas,2020-07-22 21:54:08.294152,109,0,"2,901","3,212"
Elko,2020-07-22 21:54:08.294152,343,2,"6,138","6,720"
Esmeralda,2020-07-22 21:54:08.294152,0,0,59,72
Eureka,2020-07-22 21:54:08.294152,2,0,43,88
Humboldt,2020-07-22 21:54:08.294152,91,4,"1,719","2,023"
Lander,2020-07-22 21:54:08.294152,47,0,882,"1,032"
Lincoln,2020-07-22 21:54:08.294152,3,0,250,285
Lyon,2020-07-22 21:54:08.294152,161,2,"2,889","3,420"
Mineral,2020-07-22 21:54:08.294152,10,0,787,"1,120"
Nye,2020-07-22 21:54:08.294152,270,5,"2,519","3,415"
Pershing,2020-07-22 21:54:08.294152,13,0,"2,627","2,955"
Storey,2020-07-22 21:54:08.294152,2,0,78,85
Washoe,2020-07-22 21:54:08.294152,"4,242",105,"60,501","73,174"
White Pine,2020-07-22 21:54:08.294152,11,1,"2,321","3,315"
Carson City,2020-07-23 19:56:08.573098,267,7,"9,842","11,191"
Churchill,2020-07-23 19:56:08.573098,37,1,"3,238","3,741"
Clark,2020-07-23 19:56:08.573098,"34,209",580,"308,606","401,633"
Douglas,2020-07-23 19:56:08.573098,112,0,"2,920","3,239"
Elko,2020-07-23 19:56:08.573098,350,2,"6,207","6,805"
Esmeralda,2020-07-23 19:56:08.573098,0,0,59,74
Eureka,2020-07-23 19:56:08.573098,2,0,43,88
Humboldt,2020-07-23 19:56:08.573098,91,4,"1,741","2,046"
Lander,2020-07-23 19:56:08.573098,47,0,883,"1,033"
Lincoln,2020-07-23 19:56:08.573098,3,0,253,288
Lyon,2020-07-23 19:56:08.573098,162,2,"2,914","3,450"
Mineral,2020-07-23 19:56:08.573098,11,0,788,"1,122"
Nye,2020-07-23 19:56:08.573098,270,7,"2,563","3,478"
Pershing,2020-07-23 19:56:08.573098,13,0,"2,627","2,956"
Storey,2020-07-23 19:56:08.573098,2,0,79,86
Washoe,2020-07-23 19:56:08.573098,"4,332",105,"61,533","74,583"
White Pine,2020-07-23 19:56:08.573098,11,1,"2,350","3,477"
Carson City,2020-07-24 20:16:35.682655,267,7,"9,964","11,366"
Churchill,2020-07-24 20:16:35.682655,38,1,"3,274","3,787"
Clark,2020-07-24 20:16:35.682655,"35,000",592,"314,409","410,351"
Douglas,2020-07-24 20:16:35.682655,121,0,"2,959","3,286"
Elko,2020-07-24 20:16:35.682655,372,2,"6,348","6,984"
Esmeralda,2020-07-24 20:16:35.682655,0,0,59,74
Eureka,2020-07-24 20:16:35.682655,2,0,43,88
Humboldt,2020-07-24 20:16:35.682655,91,4,"1,751","2,058"
Lander,2020-07-24 20:16:35.682655,47,1,927,"1,095"
Lincoln,2020-07-24 20:16:35.682655,3,0,253,290
Lyon,2020-07-24 20:16:35.682655,164,2,"2,984","3,539"
Mineral,2020-07-24 20:16:35.682655,11,0,791,"1,128"
Nye,2020-07-24 20:16:35.682655,286,7,"2,584","3,505"
Pershing,2020-07-24 20:16:35.682655,13,0,"2,640","2,975"
Storey,2020-07-24 20:16:35.682655,3,0,81,88
Washoe,2020-07-24 20:16:35.682655,"4,456",105,"63,330","76,894"
White Pine,2020-07-24 20:16:35.682655,11,1,"2,356","3,491"
Carson City,2020-07-25 20:12:40.491030,269,7,"10,013","11,428"
Churchill,2020-07-25 20:12:40.491030,44,1,"3,403","3,952"
Clark,2020-07-25 20:12:40.491030,"35,786",601,"322,049","422,514"
Douglas,2020-07-25 20:12:40.491030,126,0,"2,974","3,302"
Elko,2020-07-25 20:12:40.491030,386,2,"6,452","7,102"
Esmeralda,2020-07-25 20:12:40.491030,0,0,59,76
Eureka,2020-07-25 20:12:40.491030,2,0,55,112
Humboldt,2020-07-25 20:12:40.491030,93,4,"1,791","2,108"
Lander,2020-07-25 20:12:40.491030,47,1,927,"1,095"
Lincoln,2020-07-25 20:12:40.491030,3,0,255,292
Lyon,2020-07-25 20:12:40.491030,169,3,"3,009","3,580"
Mineral,2020-07-25 20:12:40.491030,11,0,795,"1,136"
Nye,2020-07-25 20:12:40.491030,288,7,"2,653","3,658"
Pershing,2020-07-25 20:12:40.491030,13,0,"2,644","2,983"
Storey,2020-07-25 20:12:40.491030,3,0,82,89
Washoe,2020-07-25 20:12:40.491030,"4,565",105,"64,291","78,233"
White Pine,2020-07-25 20:12:40.491030,11,1,"2,399","3,590"
Carson City,2020-07-26 20:14:11.693745,275,7,"10,138","11,608"
Churchill,2020-07-26 20:14:11.693745,43,1,"3,436","4,003"
Clark,2020-07-26 20:14:11.693745,"36,593",601,"328,175","432,680"
Douglas,2020-07-26 20:14:11.693745,134,0,"3,043","3,386"
Elko,2020-07-26 20:14:11.693745,411,2,"6,636","7,333"
Esmeralda,2020-07-26 20:14:11.693745,0,0,59,76
Eureka,2020-07-26 20:14:11.693745,2,0,55,112
Humboldt,2020-07-26 20:14:11.693745,95,4,"1,823","2,161"
Lander,2020-07-26 20:14:11.693745,51,1,947,"1,121"
Lincoln,2020-07-26 20:14:11.693745,3,0,257,295
Lyon,2020-07-26 20:14:11.693745,176,3,"3,131","3,730"
Mineral,2020-07-26 20:14:11.693745,11,0,803,"1,152"
Nye,2020-07-26 20:14:11.693745,298,7,"2,737","3,807"
Pershing,2020-07-26 20:14:11.693745,13,0,"2,661","3,018"
Storey,2020-07-26 20:14:11.693745,3,0,82,89
Washoe,2020-07-26 20:14:11.693745,"4,724",107,"65,851","80,426"
White Pine,2020-07-26 20:14:11.693745,11,1,"2,408","3,616"
Carson City,2020-07-27 20:06:56.797838,280,7,"10,349","11,877"
Churchill,2020-07-27 20:06:56.797838,44,1,"3,440","4,011"
Clark,2020-07-27 20:06:56.797838,"37,492",606,"333,129","440,575"
Douglas,2020-07-27 20:06:56.797838,140,0,"3,139","3,512"
Elko,2020-07-27 20:06:56.797838,416,2,"6,637","7,334"
Esmeralda,2020-07-27 20:06:56.797838,0,0,62,79
Eureka,2020-07-27 20:06:56.797838,2,0,56,113
Humboldt,2020-07-27 20:06:56.797838,95,4,"1,823","2,162"
Lander,2020-07-27 20:06:56.797838,51,1,947,"1,121"
Lincoln,2020-07-27 20:06:56.797838,3,0,257,296
Lyon,2020-07-27 20:06:56.797838,177,3,"3,192","3,819"
Mineral,2020-07-27 20:06:56.797838,11,0,803,"1,152"
Nye,2020-07-27 20:06:56.797838,305,7,"2,766","3,855"
Pershing,2020-07-27 20:06:56.797838,13,0,"2,662","3,020"
Storey,2020-07-27 20:06:56.797838,3,0,83,90
Washoe,2020-07-27 20:06:56.797838,"4,788",107,"66,299","81,025"
White Pine,2020-07-27 20:06:56.797838,11,1,"2,412","3,622"
Carson City,2020-07-28 20:13:24.087253,288,7,"10,376","11,916"
Churchill,2020-07-28 20:13:24.087253,43,1,"3,455","4,028"
Clark,2020-07-28 20:13:24.087253,"38,534",626,"338,445","449,771"
Douglas,2020-07-28 20:13:24.087253,144,0,"3,162","3,544"
Elko,2020-07-28 20:13:24.087253,426,2,"6,694","7,409"
Esmeralda,2020-07-28 20:13:24.087253,0,0,62,79
Eureka,2020-07-28 20:13:24.087253,2,0,93,154
Humboldt,2020-07-28 20:13:24.087253,95,4,"1,822","2,163"
Lander,2020-07-28 20:13:24.087253,50,1,949,"1,124"
Lincoln,2020-07-28 20:13:24.087253,3,0,261,301
Lyon,2020-07-28 20:13:24.087253,180,3,"3,217","3,850"
Mineral,2020-07-28 20:13:24.087253,11,0,806,"1,156"
Nye,2020-07-28 20:13:24.087253,310,7,"2,802","3,905"
Pershing,2020-07-28 20:13:24.087253,13,0,"2,662","3,020"
Storey,2020-07-28 20:13:24.087253,3,0,84,91
Washoe,2020-07-28 20:13:24.087253,"4,823",107,"66,816","81,760"
White Pine,2020-07-28 20:13:24.087253,11,1,"2,425","3,660"
Carson City,2020-07-29 20:22:17.257764,300,7,"10,443","11,999"
Churchill,2020-07-29 20:22:17.257764,43,1,"3,489","4,102"
Clark,2020-07-29 20:22:17.257764,"39,345",645,"343,945","458,837"
Douglas,2020-07-29 20:22:17.257764,149,0,"3,201","3,593"
Elko,2020-07-29 20:22:17.257764,426,2,"6,736","7,457"
Esmeralda,2020-07-29 20:22:17.257764,0,0,65,82
Eureka,2020-07-29 20:22:17.257764,2,0,93,154
Humboldt,2020-07-29 20:22:17.257764,95,4,"1,835","2,180"
Lander,2020-07-29 20:22:17.257764,49,1,954,"1,129"
Lincoln,2020-07-29 20:22:17.257764,3,0,265,306
Lyon,2020-07-29 20:22:17.257764,183,3,"3,253","3,896"
Mineral,2020-07-29 20:22:17.257764,11,0,808,"1,160"
Nye,2020-07-29 20:22:17.257764,311,7,"3,322","4,587"
Pershing,2020-07-29 20:22:17.257764,13,0,"2,665","3,024"
Storey,2020-07-29 20:22:17.257764,4,0,88,95
Washoe,2020-07-29 20:22:17.257764,"4,861",109,"67,737","83,062"
White Pine,2020-07-29 20:22:17.257764,11,1,"2,425","3,661"
Carson City,2020-07-30 20:41:03.881798,302,7,"10,519","12,098"
Churchill,2020-07-30 20:41:03.881798,44,1,"3,517","4,137"
Clark,2020-07-30 20:41:03.881798,"40,193",664,"348,531","466,803"
Douglas,2020-07-30 20:41:03.881798,158,0,"3,231","3,627"
Elko,2020-07-30 20:41:03.881798,443,2,"6,832","7,587"
Esmeralda,2020-07-30 20:41:03.881798,0,0,65,82
Eureka,2020-07-30 20:41:03.881798,2,0,93,154
Humboldt,2020-07-30 20:41:03.881798,95,4,"1,886","2,236"
Lander,2020-07-30 20:41:03.881798,49,1,964,"1,140"
Lincoln,2020-07-30 20:41:03.881798,3,0,264,307
Lyon,2020-07-30 20:41:03.881798,188,3,"3,282","3,945"
Mineral,2020-07-30 20:41:03.881798,11,0,811,"1,166"
Nye,2020-07-30 20:41:03.881798,343,7,"3,387","4,708"
Pershing,2020-07-30 20:41:03.881798,13,0,"2,665","3,027"
Storey,2020-07-30 20:41:03.881798,4,0,88,95
Washoe,2020-07-30 20:41:03.881798,"4,965",111,"69,027","84,994"
White Pine,2020-07-30 20:41:03.881798,11,1,"2,462","3,729"
Carson City,2020-07-31 20:08:37.988336,305,7,"10,552","12,140"
Churchill,2020-07-31 20:08:37.988336,44,1,"3,538","4,161"
Clark,2020-07-31 20:08:37.988336,"41,245",687,"353,717","474,978"
Douglas,2020-07-31 20:08:37.988336,162,0,"3,254","3,658"
Elko,2020-07-31 20:08:37.988336,461,2,"6,847","7,604"
Esmeralda,2020-07-31 20:08:37.988336,0,0,66,83
Eureka,2020-07-31 20:08:37.988336,2,0,93,154
Humboldt,2020-07-31 20:08:37.988336,96,4,"1,891","2,242"
Lander,2020-07-31 20:08:37.988336,49,1,964,"1,140"
Lincoln,2020-07-31 20:08:37.988336,3,0,265,308
Lyon,2020-07-31 20:08:37.988336,194,5,"3,308","3,983"
Mineral,2020-07-31 20:08:37.988336,11,0,812,"1,167"
Nye,2020-07-31 20:08:37.988336,342,9,"3,417","4,755"
Pershing,2020-07-31 20:08:37.988336,13,0,"2,665","3,027"
Storey,2020-07-31 20:08:37.988336,4,0,88,95
Washoe,2020-07-31 20:08:37.988336,"5,144",113,"69,626","85,831"
White Pine,2020-07-31 20:08:37.988336,13,1,"2,464","3,744"
Carson City,2020-08-01 20:15:56.580251,308,7,"10,609","12,264"
Churchill,2020-08-01 20:15:56.580251,44,1,"3,548","4,186"
Clark,2020-08-01 20:15:56.580251,"42,167",688,"356,889","481,330"
Douglas,2020-08-01 20:15:56.580251,169,0,"3,261","3,662"
Elko,2020-08-01 20:15:56.580251,467,2,"6,855","7,602"
Esmeralda,2020-08-01 20:15:56.580251,0,0,68,87
Eureka,2020-08-01 20:15:56.580251,2,0,94,155
Humboldt,2020-08-01 20:15:56.580251,96,4,"1,937","2,290"
Lander,2020-08-01 20:15:56.580251,50,1,966,"1,142"
Lincoln,2020-08-01 20:15:56.580251,3,0,266,308
Lyon,2020-08-01 20:15:56.580251,201,5,"3,306","3,987"
Mineral,2020-08-01 20:15:56.580251,11,0,853,"1,216"
Nye,2020-08-01 20:15:56.580251,340,9,"3,420","4,762"
Pershing,2020-08-01 20:15:56.580251,13,0,"2,666","3,028"
Storey,2020-08-01 20:15:56.580251,4,0,91,99
Washoe,2020-08-01 20:15:56.580251,"5,186",114,"70,021","86,450"
White Pine,2020-08-01 20:15:56.580251,13,1,"2,613","3,919"
Carson City,2020-08-02 20:39:38.509996,313,7,"10,653","12,330"
Churchill,2020-08-02 20:39:38.509996,47,1,"3,659","4,324"
Clark,2020-08-02 20:39:38.509996,"43,147",688,"363,684","491,883"
Douglas,2020-08-02 20:39:38.509996,174,0,"3,335","3,763"
Elko,2020-08-02 20:39:38.509996,482,2,"6,974","7,754"
Esmeralda,2020-08-02 20:39:38.509996,0,0,67,87
Eureka,2020-08-02 20:39:38.509996,2,0,94,156
Humboldt,2020-08-02 20:39:38.509996,96,4,"1,959","2,325"
Lander,2020-08-02 20:39:38.509996,50,1,977,"1,159"
Lincoln,2020-08-02 20:39:38.509996,4,0,267,311
Lyon,2020-08-02 20:39:38.509996,204,5,"3,360","4,059"
Mineral,2020-08-02 20:39:38.509996,11,0,859,"1,222"
Nye,2020-08-02 20:39:38.509996,351,9,"3,459","4,822"
Pershing,2020-08-02 20:39:38.509996,13,0,"2,667","3,034"
Storey,2020-08-02 20:39:38.509996,4,0,91,99
Washoe,2020-08-02 20:39:38.509996,"5,293",114,"71,134","87,977"
White Pine,2020-08-02 20:39:38.509996,14,1,"2,655","3,999"
Carson City,2020-08-03 20:17:54.374716,318,7,"10,708","12,400"
Churchill,2020-08-03 20:17:54.374716,48,1,"3,680","4,355"
Clark,2020-08-03 20:17:54.374716,"44,066",702,"365,049","494,834"
Douglas,2020-08-03 20:17:54.374716,180,0,"3,436","3,883"
Elko,2020-08-03 20:17:54.374716,488,2,"6,995","7,782"
Esmeralda,2020-08-03 20:17:54.374716,0,0,67,87
Eureka,2020-08-03 20:17:54.374716,2,0,94,156
Humboldt,2020-08-03 20:17:54.374716,96,4,"1,965","2,332"
Lander,2020-08-03 20:17:54.374716,50,1,977,"1,159"
Lincoln,2020-08-03 20:17:54.374716,4,0,267,311
Lyon,2020-08-03 20:17:54.374716,206,5,"3,389","4,096"
Mineral,2020-08-03 20:17:54.374716,11,0,860,"1,240"
Nye,2020-08-03 20:17:54.374716,356,9,"3,461","4,828"
Pershing,2020-08-03 20:17:54.374716,13,0,"2,668","3,043"
Storey,2020-08-03 20:17:54.374716,4,0,92,100
Washoe,2020-08-03 20:17:54.374716,"5,343",115,"71,697","88,980"
White Pine,2020-08-03 20:17:54.374716,14,1,"2,655","3,999"
Carson City,2020-08-04 20:03:35.576770,323,8,"10,714","12,409"
Churchill,2020-08-04 20:03:35.576770,49,1,"3,682","4,361"
Clark,2020-08-04 20:03:35.576770,"44,997",716,"368,616","500,057"
Douglas,2020-08-04 20:03:35.576770,183,0,"3,457","3,911"
Elko,2020-08-04 20:03:35.576770,493,2,"6,996","7,784"
Esmeralda,2020-08-04 20:03:35.576770,0,0,69,89
Eureka,2020-08-04 20:03:35.576770,2,0,94,156
Humboldt,2020-08-04 20:03:35.576770,96,4,"1,965","2,334"
Lander,2020-08-04 20:03:35.576770,50,1,977,"1,160"
Lincoln,2020-08-04 20:03:35.576770,4,0,269,313
Lyon,2020-08-04 20:03:35.576770,209,5,"3,405","4,117"
Mineral,2020-08-04 20:03:35.576770,11,0,860,"1,240"
Nye,2020-08-04 20:03:35.576770,362,9,"3,473","4,842"
Pershing,2020-08-04 20:03:35.576770,13,0,"2,670","3,043"
Storey,2020-08-04 20:03:35.576770,4,0,94,102
Washoe,2020-08-04 20:03:35.576770,"5,369",115,"72,058","89,468"
White Pine,2020-08-04 20:03:35.576770,14,1,"2,656","4,000"
Carson City,2020-08-05 20:09:40.350274,325,8,"10,855","12,632"
Churchill,2020-08-05 20:09:40.350274,49,1,"3,688","4,369"
Clark,2020-08-05 20:09:40.350274,"45,563",744,"369,534","501,941"
Douglas,2020-08-05 20:09:40.350274,189,0,"3,583","4,061"
Elko,2020-08-05 20:09:40.350274,505,2,"7,008","7,798"
Esmeralda,2020-08-05 20:09:40.350274,0,0,69,89
Eureka,2020-08-05 20:09:40.350274,2,0,95,157
Humboldt,2020-08-05 20:09:40.350274,96,4,"1,967","2,336"
Lander,2020-08-05 20:09:40.350274,50,1,977,"1,160"
Lincoln,2020-08-05 20:09:40.350274,4,0,269,313
Lyon,2020-08-05 20:09:40.350274,215,5,"3,408","4,120"
Mineral,2020-08-05 20:09:40.350274,11,0,860,"1,240"
Nye,2020-08-05 20:09:40.350274,362,9,"3,794","5,245"
Pershing,2020-08-05 20:09:40.350274,13,0,"2,670","3,043"
Storey,2020-08-05 20:09:40.350274,4,0,94,102
Washoe,2020-08-05 20:09:40.350274,"5,426",115,"72,175","89,671"
White Pine,2020-08-05 20:09:40.350274,14,1,"2,675","4,027"
Carson City,2020-08-06 20:04:27.630087,328,8,"11,090","13,055"
Churchill,2020-08-06 20:04:27.630087,50,1,"3,767","4,476"
Clark,2020-08-06 20:04:27.630087,"46,184",752,"377,156","514,228"
Douglas,2020-08-06 20:04:27.630087,191,0,"3,667","4,165"
Elko,2020-08-06 20:04:27.630087,512,2,"7,179","8,016"
Esmeralda,2020-08-06 20:04:27.630087,0,0,69,91
Eureka,2020-08-06 20:04:27.630087,2,0,97,161
Humboldt,2020-08-06 20:04:27.630087,99,4,"2,006","2,381"
Lander,2020-08-06 20:04:27.630087,50,1,998,"1,183"
Lincoln,2020-08-06 20:04:27.630087,4,0,272,319
Lyon,2020-08-06 20:04:27.630087,217,5,"3,451","4,182"
Mineral,2020-08-06 20:04:27.630087,11,0,886,"1,280"
Nye,2020-08-06 20:04:27.630087,374,9,"3,923","5,436"
Pershing,2020-08-06 20:04:27.630087,13,0,"2,680","3,092"
Storey,2020-08-06 20:04:27.630087,4,0,97,105
Washoe,2020-08-06 20:04:27.630087,"5,504",117,"73,845","92,021"
White Pine,2020-08-06 20:04:27.630087,14,1,"2,693","4,096"
Carson City,2020-08-07 20:06:36.227673,330,8,"11,440","13,594"
Churchill,2020-08-07 20:06:36.227673,50,1,"3,896","4,638"
Clark,2020-08-07 20:06:36.227673,"46,990",770,"382,628","524,090"
Douglas,2020-08-07 20:06:36.227673,194,0,"3,771","4,302"
Elko,2020-08-07 20:06:36.227673,525,2,"7,271","8,132"
Esmeralda,2020-08-07 20:06:36.227673,0,0,70,92
Eureka,2020-08-07 20:06:36.227673,2,0,99,169
Humboldt,2020-08-07 20:06:36.227673,100,4,"2,019","2,399"
Lander,2020-08-07 20:06:36.227673,51,1,"1,005","1,190"
Lincoln,2020-08-07 20:06:36.227673,4,0,276,324
Lyon,2020-08-07 20:06:36.227673,218,6,"3,507","4,268"
Mineral,2020-08-07 20:06:36.227673,11,0,890,"1,286"
Nye,2020-08-07 20:06:36.227673,400,9,"3,963","5,511"
Pershing,2020-08-07 20:06:36.227673,13,0,"2,683","3,103"
Storey,2020-08-07 20:06:36.227673,4,0,98,107
Washoe,2020-08-07 20:06:36.227673,"5,627",118,"74,637","93,365"
White Pine,2020-08-07 20:06:36.227673,14,1,"2,697","4,121"
Carson City,2020-08-08 20:04:05.687789,339,8,"11,482","13,675"
Churchill,2020-08-08 20:04:05.687789,62,1,"3,912","4,662"
Clark,2020-08-08 20:04:05.687789,"47,739",799,"387,917","534,643"
Douglas,2020-08-08 20:04:05.687789,199,0,"3,822","4,372"
Elko,2020-08-08 20:04:05.687789,535,2,"7,400","8,300"
Esmeralda,2020-08-08 20:04:05.687789,0,0,71,96
Eureka,2020-08-08 20:04:05.687789,2,0,100,173
Humboldt,2020-08-08 20:04:05.687789,102,4,"2,030","2,413"
Lander,2020-08-08 20:04:05.687789,51,1,"1,008","1,193"
Lincoln,2020-08-08 20:04:05.687789,5,0,279,327
Lyon,2020-08-08 20:04:05.687789,222,6,"3,528","4,298"
Mineral,2020-08-08 20:04:05.687789,11,0,895,"1,294"
Nye,2020-08-08 20:04:05.687789,405,9,"3,991","5,571"
Pershing,2020-08-08 20:04:05.687789,13,0,"2,684","3,104"
Storey,2020-08-08 20:04:05.687789,4,0,98,107
Washoe,2020-08-08 20:04:05.687789,"5,715",118,"75,312","94,408"
White Pine,2020-08-08 20:04:05.687789,15,1,"2,703","4,153"
Carson City,2020-08-09 20:21:49.179402,352,8,"11,533","13,814"
Churchill,2020-08-09 20:21:49.179402,69,1,"3,919","4,670"
Clark,2020-08-09 20:21:49.179402,"48,466",807,"392,002","542,175"
Douglas,2020-08-09 20:21:49.179402,203,0,"3,859","4,426"
Elko,2020-08-09 20:21:49.179402,544,2,"7,436","8,342"
Esmeralda,2020-08-09 20:21:49.179402,0,0,72,98
Eureka,2020-08-09 20:21:49.179402,3,0,102,177
Humboldt,2020-08-09 20:21:49.179402,104,4,"2,031","2,414"
Lander,2020-08-09 20:21:49.179402,51,1,"1,009","1,194"
Lincoln,2020-08-09 20:21:49.179402,5,0,281,329
Lyon,2020-08-09 20:21:49.179402,224,6,"3,545","4,321"
Mineral,2020-08-09 20:21:49.179402,11,0,895,"1,296"
Nye,2020-08-09 20:21:49.179402,408,9,"4,010","5,606"
Pershing,2020-08-09 20:21:49.179402,14,0,"2,684","3,104"
Storey,2020-08-09 20:21:49.179402,4,0,98,107
Washoe,2020-08-09 20:21:49.179402,"5,756",118,"75,675","94,916"
White Pine,2020-08-09 20:21:49.179402,16,1,"2,776","4,380"
Carson City,2020-08-10 20:06:00.212295,355,8,"11,564","13,886"
Churchill,2020-08-10 20:06:00.212295,69,1,"3,942","4,702"
Clark,2020-08-10 20:06:00.212295,"49,151",811,"395,891","549,007"
Douglas,2020-08-10 20:06:00.212295,205,0,"3,911","4,506"
Elko,2020-08-10 20:06:00.212295,553,2,"7,474","8,397"
Esmeralda,2020-08-10 20:06:00.212295,0,0,72,98
Eureka,2020-08-10 20:06:00.212295,3,0,102,177
Humboldt,2020-08-10 20:06:00.212295,105,4,"2,043","2,429"
Lander,2020-08-10 20:06:00.212295,51,1,"1,012","1,198"
Lincoln,2020-08-10 20:06:00.212295,5,0,283,332
Lyon,2020-08-10 20:06:00.212295,230,6,"3,583","4,390"
Mineral,2020-08-10 20:06:00.212295,11,0,895,"1,297"
Nye,2020-08-10 20:06:00.212295,408,9,"4,019","5,624"
Pershing,2020-08-10 20:06:00.212295,14,0,"2,689","3,120"
Storey,2020-08-10 20:06:00.212295,5,0,98,107
Washoe,2020-08-10 20:06:00.212295,"5,792",120,"76,185","95,757"
White Pine,2020-08-10 20:06:00.212295,15,1,"2,788","4,397"
Carson City,2020-08-11 20:06:20.295991,357,8,"11,593","13,932"
Churchill,2020-08-11 20:06:20.295991,69,1,"3,969","4,735"
Clark,2020-08-11 20:06:20.295991,"49,646",828,"397,735","552,324"
Douglas,2020-08-11 20:06:20.295991,206,1,"3,936","4,536"
Elko,2020-08-11 20:06:20.295991,555,2,"7,523","8,461"
Esmeralda,2020-08-11 20:06:20.295991,0,0,73,99
Eureka,2020-08-11 20:06:20.295991,4,0,102,177
Humboldt,2020-08-11 20:06:20.295991,104,4,"2,045","2,431"
Lander,2020-08-11 20:06:20.295991,51,1,"1,017","1,206"
Lincoln,2020-08-11 20:06:20.295991,5,0,283,332
Lyon,2020-08-11 20:06:20.295991,235,6,"3,599","4,415"
Mineral,2020-08-11 20:06:20.295991,11,0,898,"1,303"
Nye,2020-08-11 20:06:20.295991,408,9,"4,030","5,640"
Pershing,2020-08-11 20:06:20.295991,14,0,"2,689","3,120"
Storey,2020-08-11 20:06:20.295991,5,0,98,107
Washoe,2020-08-11 20:06:20.295991,"5,835",120,"76,575","96,264"
White Pine,2020-08-11 20:06:20.295991,15,1,"2,789","4,419"
Carson City,2020-08-12 20:30:45.983202,364,8,"11,726","14,079"
Churchill,2020-08-12 20:30:45.983202,69,1,"4,030","4,815"
Clark,2020-08-12 20:30:45.983202,"50,081",842,"399,809","556,151"
Douglas,2020-08-12 20:30:45.983202,208,1,"3,948","4,549"
Elko,2020-08-12 20:30:45.983202,562,2,"7,601","8,609"
Esmeralda,2020-08-12 20:30:45.983202,0,0,73,99
Eureka,2020-08-12 20:30:45.983202,4,0,103,178
Humboldt,2020-08-12 20:30:45.983202,104,4,"2,045","2,433"
Lander,2020-08-12 20:30:45.983202,51,1,"1,023","1,215"
Lincoln,2020-08-12 20:30:45.983202,5,0,287,337
Lyon,2020-08-12 20:30:45.983202,239,6,"3,603","4,428"
Mineral,2020-08-12 20:30:45.983202,11,0,906,"1,311"
Nye,2020-08-12 20:30:45.983202,408,9,"4,043","5,659"
Pershing,2020-08-12 20:30:45.983202,14,0,"2,689","3,120"
Storey,2020-08-12 20:30:45.983202,6,0,98,107
Washoe,2020-08-12 20:30:45.983202,"5,907",121,"76,837","96,637"
White Pine,2020-08-12 20:30:45.983202,15,1,"2,789","4,419"
Carson City,2020-08-13 20:29:39.171112,371,8,"11,799","14,196"
Churchill,2020-08-13 20:29:39.171112,82,1,"4,061","4,870"
Clark,2020-08-13 20:29:39.171112,"50,569",869,"402,811","561,479"
Douglas,2020-08-13 20:29:39.171112,209,1,"3,990","4,605"
Elko,2020-08-13 20:29:39.171112,579,3,"7,672","8,714"
Esmeralda,2020-08-13 20:29:39.171112,0,0,73,99
Eureka,2020-08-13 20:29:39.171112,4,0,104,181
Humboldt,2020-08-13 20:29:39.171112,104,4,"2,069","2,461"
Lander,2020-08-13 20:29:39.171112,52,1,"1,027","1,223"
Lincoln,2020-08-13 20:29:39.171112,5,0,289,343
Lyon,2020-08-13 20:29:39.171112,250,6,"3,636","4,498"
Mineral,2020-08-13 20:29:39.171112,11,0,909,"1,315"
Nye,2020-08-13 20:29:39.171112,416,12,"4,074","5,722"
Pershing,2020-08-13 20:29:39.171112,14,0,"2,693","3,127"
Storey,2020-08-13 20:29:39.171112,6,0,98,107
Washoe,2020-08-13 20:29:39.171112,"5,962",124,"77,973","98,337"
White Pine,2020-08-13 20:29:39.171112,16,1,"2,793","4,433"
Carson City,2020-08-14 20:07:36.313247,374,8,"11,895","14,355"
Churchill,2020-08-14 20:07:36.313247,81,1,"4,189","5,032"
Clark,2020-08-14 20:07:36.313247,"51,457",884,"406,973","568,635"
Douglas,2020-08-14 20:07:36.313247,215,1,"4,029","4,655"
Elko,2020-08-14 20:07:36.313247,613,3,"7,750","8,806"
Esmeralda,2020-08-14 20:07:36.313247,0,0,73,99
Eureka,2020-08-14 20:07:36.313247,4,0,107,184
Humboldt,2020-08-14 20:07:36.313247,104,4,"2,088","2,487"
Lander,2020-08-14 20:07:36.313247,52,1,"1,031","1,228"
Lincoln,2020-08-14 20:07:36.313247,5,0,303,372
Lyon,2020-08-14 20:07:36.313247,259,6,"3,701","4,592"
Mineral,2020-08-14 20:07:36.313247,11,0,910,"1,316"
Nye,2020-08-14 20:07:36.313247,421,12,"4,083","5,751"
Pershing,2020-08-14 20:07:36.313247,14,0,"2,695","3,129"
Storey,2020-08-14 20:07:36.313247,6,0,102,112
Washoe,2020-08-14 20:07:36.313247,"6,117",124,"78,258","98,860"
White Pine,2020-08-14 20:07:36.313247,16,1,"2,796","4,437"
Carson City,2020-08-15 20:08:20.991511,382,8,"11,921","14,390"
Churchill,2020-08-15 20:08:20.991511,82,1,"4,203","5,056"
Clark,2020-08-15 20:08:20.991511,"52,239",908,"411,202","575,729"
Douglas,2020-08-15 20:08:20.991511,215,1,"4,069","4,705"
Elko,2020-08-15 20:08:20.991511,623,3,"7,773","8,834"
Esmeralda,2020-08-15 20:08:20.991511,0,0,74,100
Eureka,2020-08-15 20:08:20.991511,4,0,111,194
Humboldt,2020-08-15 20:08:20.991511,104,4,"2,090","2,491"
Lander,2020-08-15 20:08:20.991511,52,1,"1,034","1,233"
Lincoln,2020-08-15 20:08:20.991511,5,0,308,380
Lyon,2020-08-15 20:08:20.991511,266,6,"3,716","4,617"
Mineral,2020-08-15 20:08:20.991511,11,0,910,"1,316"
Nye,2020-08-15 20:08:20.991511,428,12,"4,110","5,805"
Pershing,2020-08-15 20:08:20.991511,14,0,"2,696","3,164"
Storey,2020-08-15 20:08:20.991511,6,0,102,112
Washoe,2020-08-15 20:08:20.991511,"6,161",124,"78,563","99,299"
White Pine,2020-08-15 20:08:20.991511,16,1,"2,815","4,481"
Carson City,2020-08-16 20:16:59.666824,388,8,"11,940","14,420"
Churchill,2020-08-16 20:16:59.666824,82,1,"4,207","5,064"
Clark,2020-08-16 20:16:59.666824,"52,867",910,"415,344","582,957"
Douglas,2020-08-16 20:16:59.666824,216,1,"4,082","4,720"
Elko,2020-08-16 20:16:59.666824,640,3,"7,790","8,856"
Esmeralda,2020-08-16 20:16:59.666824,0,0,75,102
Eureka,2020-08-16 20:16:59.666824,5,0,112,195
Humboldt,2020-08-16 20:16:59.666824,104,4,"2,091","2,492"
Lander,2020-08-16 20:16:59.666824,52,1,"1,034","1,233"
Lincoln,2020-08-16 20:16:59.666824,5,0,312,384
Lyon,2020-08-16 20:16:59.666824,269,6,"3,729","4,639"
Mineral,2020-08-16 20:16:59.666824,11,0,914,"1,323"
Nye,2020-08-16 20:16:59.666824,439,12,"4,134","5,850"
Pershing,2020-08-16 20:16:59.666824,14,0,"2,698","3,166"
Storey,2020-08-16 20:16:59.666824,6,0,102,112
Washoe,2020-08-16 20:16:59.666824,"6,191",125,"79,123","100,052"
White Pine,2020-08-16 20:16:59.666824,16,1,"2,824","4,520"
Carson City,2020-08-17 19:51:58.404798,388,8,"11,949","14,440"
Churchill,2020-08-17 19:51:58.404798,82,1,"4,211","5,071"
Clark,2020-08-17 19:51:58.404798,"53,458",913,"418,905","589,155"
Douglas,2020-08-17 19:51:58.404798,216,1,"4,092","4,733"
Elko,2020-08-17 19:51:58.404798,640,3,"7,792","8,861"
Esmeralda,2020-08-17 19:51:58.404798,0,0,76,103
Eureka,2020-08-17 19:51:58.404798,5,0,113,198
Humboldt,2020-08-17 19:51:58.404798,104,4,"2,093","2,494"
Lander,2020-08-17 19:51:58.404798,52,1,"1,034","1,233"
Lincoln,2020-08-17 19:51:58.404798,5,0,314,386
Lyon,2020-08-17 19:51:58.404798,271,6,"3,739","4,655"
Mineral,2020-08-17 19:51:58.404798,11,0,915,"1,324"
Nye,2020-08-17 19:51:58.404798,441,12,"4,150","5,890"
Pershing,2020-08-17 19:51:58.404798,14,0,"2,698","3,167"
Storey,2020-08-17 19:51:58.404798,6,0,102,112
Washoe,2020-08-17 19:51:58.404798,"6,258",127,"79,350","100,517"
White Pine,2020-08-17 19:51:58.404798,16,1,"2,832","4,550"
Carson City,2020-08-18 19:59:07.988716,391,8,"12,003","14,502"
Churchill,2020-08-18 19:59:07.988716,87,1,"4,226","5,089"
Clark,2020-08-18 19:59:07.988716,"54,076",937,"420,276","591,309"
Douglas,2020-08-18 19:59:07.988716,216,1,"4,104","4,757"
Elko,2020-08-18 19:59:07.988716,643,3,"7,793","8,862"
Esmeralda,2020-08-18 19:59:07.988716,0,0,76,103
Eureka,2020-08-18 19:59:07.988716,5,0,113,198
Humboldt,2020-08-18 19:59:07.988716,104,4,"2,093","2,495"
Lander,2020-08-18 19:59:07.988716,52,1,"1,035","1,234"
Lincoln,2020-08-18 19:59:07.988716,5,0,315,388
Lyon,2020-08-18 19:59:07.988716,273,6,"3,752","4,674"
Mineral,2020-08-18 19:59:07.988716,11,0,915,"1,324"
Nye,2020-08-18 19:59:07.988716,441,13,"4,160","5,911"
Pershing,2020-08-18 19:59:07.988716,15,0,"2,728","3,289"
Storey,2020-08-18 19:59:07.988716,6,0,102,112
Washoe,2020-08-18 19:59:07.988716,"6,297",127,"79,885","101,356"
White Pine,2020-08-18 19:59:07.988716,17,1,"2,852","4,608"
Carson City,2020-08-19 20:14:06.889902,396,8,"12,074","14,794"
Churchill,2020-08-19 20:14:06.889902,81,1,"4,240","5,111"
Clark,2020-08-19 20:14:06.889902,"54,353",969,"422,213","596,108"
Douglas,2020-08-19 20:14:06.889902,216,1,"4,124","4,795"
Elko,2020-08-19 20:14:06.889902,643,3,"7,827","8,904"
Esmeralda,2020-08-19 20:14:06.889902,0,0,76,104
Eureka,2020-08-19 20:14:06.889902,5,0,113,198
Humboldt,2020-08-19 20:14:06.889902,105,4,"2,099","2,504"
Lander,2020-08-19 20:14:06.889902,52,1,"1,037","1,236"
Lincoln,2020-08-19 20:14:06.889902,5,0,317,390
Lyon,2020-08-19 20:14:06.889902,276,6,"3,771","4,742"
Mineral,2020-08-19 20:14:06.889902,12,0,920,"1,330"
Nye,2020-08-19 20:14:06.889902,442,13,"4,172","5,931"
Pershing,2020-08-19 20:14:06.889902,17,0,"2,748","3,423"
Storey,2020-08-19 20:14:06.889902,6,0,102,112
Washoe,2020-08-19 20:14:06.889902,"6,402",127,"80,239","102,140"
White Pine,2020-08-19 20:14:06.889902,17,1,"2,884","4,878"
Carson City,2020-08-20 20:15:23.415212,396,8,"12,155","14,954"
Churchill,2020-08-20 20:15:23.415212,81,1,"4,265","5,160"
Clark,2020-08-20 20:15:23.415212,"54,795","1,006","425,665","611,299"
Douglas,2020-08-20 20:15:23.415212,223,1,"4,224","4,908"
Elko,2020-08-20 20:15:23.415212,669,3,"7,921","9,025"
Esmeralda,2020-08-20 20:15:23.415212,0,0,76,105
Eureka,2020-08-20 20:15:23.415212,5,0,113,198
Humboldt,2020-08-20 20:15:23.415212,105,4,"2,106","2,511"
Lander,2020-08-20 20:15:23.415212,54,1,"1,046","1,253"
Lincoln,2020-08-20 20:15:23.415212,5,0,318,394
Lyon,2020-08-20 20:15:23.415212,281,6,"3,794","4,783"
Mineral,2020-08-20 20:15:23.415212,12,0,922,"1,344"
Nye,2020-08-20 20:15:23.415212,442,13,"4,194","6,000"
Pershing,2020-08-20 20:15:23.415212,17,0,"2,759","3,480"
Storey,2020-08-20 20:15:23.415212,6,0,102,112
Washoe,2020-08-20 20:15:23.415212,"6,473",128,"80,838","103,082"
White Pine,2020-08-20 20:15:23.415212,20,1,"2,914","4,939"
Carson City,2020-08-21 22:02:52.326750,397,8,"12,245","15,156"
Churchill,2020-08-21 22:02:52.326750,82,1,"4,275","5,177"
Clark,2020-08-21 22:02:52.326750,"55,521","1,015","429,939","618,565"
Douglas,2020-08-21 22:02:52.326750,225,1,"4,323","5,043"
Elko,2020-08-21 22:02:52.326750,701,3,"8,030","9,180"
Esmeralda,2020-08-21 22:02:52.326750,0,0,76,105
Eureka,2020-08-21 22:02:52.326750,5,0,113,198
Humboldt,2020-08-21 22:02:52.326750,106,4,"2,108","2,513"
Lander,2020-08-21 22:02:52.326750,54,1,"1,052","1,259"
Lincoln,2020-08-21 22:02:52.326750,5,0,318,395
Lyon,2020-08-21 22:02:52.326750,284,6,"3,817","4,815"
Mineral,2020-08-21 22:02:52.326750,12,0,934,"1,391"
Nye,2020-08-21 22:02:52.326750,453,14,"4,211","6,023"
Pershing,2020-08-21 22:02:52.326750,17,0,"2,761","3,506"
Storey,2020-08-21 22:02:52.326750,6,0,103,113
Washoe,2020-08-21 22:02:52.326750,"6,545",131,"81,507","104,180"
White Pine,2020-08-21 22:02:52.326750,20,1,"2,916","4,949"
Carson City,2020-08-22 19:14:44.110453,401,8,"12,410","15,517"
Churchill,2020-08-22 19:14:44.110453,82,1,"4,281","5,189"
Clark,2020-08-22 19:14:44.110453,"56,010","1,027","432,917","624,085"
Douglas,2020-08-22 19:14:44.110453,226,1,"4,359","5,097"
Elko,2020-08-22 19:14:44.110453,719,3,"8,063","9,227"
Esmeralda,2020-08-22 19:14:44.110453,0,0,78,107
Eureka,2020-08-22 19:14:44.110453,5,0,113,198
Humboldt,2020-08-22 19:14:44.110453,106,4,"2,132","2,544"
Lander,2020-08-22 19:14:44.110453,54,1,"1,054","1,261"
Lincoln,2020-08-22 19:14:44.110453,7,0,324,404
Lyon,2020-08-22 19:14:44.110453,293,6,"3,849","4,859"
Mineral,2020-08-22 19:14:44.110453,12,0,938,"1,401"
Nye,2020-08-22 19:14:44.110453,455,14,"4,236","6,063"
Pershing,2020-08-22 19:14:44.110453,17,0,"2,763","3,515"
Storey,2020-08-22 19:14:44.110453,6,0,103,113
Washoe,2020-08-22 19:14:44.110453,"6,652",131,"81,889","104,740"
White Pine,2020-08-22 19:14:44.110453,24,1,"2,929","4,983"
Carson City,2020-08-23 20:10:16.477895,405,8,"12,479","15,705"
Churchill,2020-08-23 20:10:16.477895,82,1,"4,303","5,219"
Clark,2020-08-23 20:10:16.477895,"56,464","1,027","436,377","630,581"
Douglas,2020-08-23 20:10:16.477895,226,1,"4,398","5,155"
Elko,2020-08-23 20:10:16.477895,728,3,"8,108","9,283"
Esmeralda,2020-08-23 20:10:16.477895,0,0,79,108
Eureka,2020-08-23 20:10:16.477895,5,0,113,198
Humboldt,2020-08-23 20:10:16.477895,106,4,"2,145","2,562"
Lander,2020-08-23 20:10:16.477895,54,1,"1,060","1,270"
Lincoln,2020-08-23 20:10:16.477895,7,0,327,407
Lyon,2020-08-23 20:10:16.477895,296,6,"3,875","4,901"
Mineral,2020-08-23 20:10:16.477895,12,0,972,"1,449"
Nye,2020-08-23 20:10:16.477895,457,14,"4,268","6,111"
Pershing,2020-08-23 20:10:16.477895,17,0,"2,766","3,528"
Storey,2020-08-23 20:10:16.477895,6,0,103,113
Washoe,2020-08-23 20:10:16.477895,"6,712",131,"82,237","105,248"
White Pine,2020-08-23 20:10:16.477895,24,1,"2,941","5,016"
Carson City,2020-08-24 19:15:02.698642,408,8,"12,491","15,728"
Churchill,2020-08-24 19:15:02.698642,84,1,"4,303","5,223"
Clark,2020-08-24 19:15:02.698642,"56,796","1,028","438,419","634,656"
Douglas,2020-08-24 19:15:02.698642,229,1,"4,415","5,179"
Elko,2020-08-24 19:15:02.698642,731,3,"8,110","9,286"
Esmeralda,2020-08-24 19:15:02.698642,0,0,79,108
Eureka,2020-08-24 19:15:02.698642,5,0,114,200
Humboldt,2020-08-24 19:15:02.698642,109,4,"2,145","2,563"
Lander,2020-08-24 19:15:02.698642,56,1,"1,060","1,270"
Lincoln,2020-08-24 19:15:02.698642,7,0,329,411
Lyon,2020-08-24 19:15:02.698642,300,6,"3,881","4,913"
Mineral,2020-08-24 19:15:02.698642,12,0,972,"1,451"
Nye,2020-08-24 19:15:02.698642,458,14,"4,300","6,167"
Pershing,2020-08-24 19:15:02.698642,17,0,"2,771","3,559"
Storey,2020-08-24 19:15:02.698642,6,0,103,114
Washoe,2020-08-24 19:15:02.698642,"6,767",133,"82,612","105,951"
White Pine,2020-08-24 19:15:02.698642,25,1,"2,948","5,038"
Carson City,2020-08-25 20:12:26.977886,412,8,"12,849","16,291"
Churchill,2020-08-25 20:12:26.977886,84,1,"4,397","5,372"
Clark,2020-08-25 20:12:26.977886,"57,131","1,058","440,004","637,925"
Douglas,2020-08-25 20:12:26.977886,231,1,"4,462","5,240"
Elko,2020-08-25 20:12:26.977886,735,3,"8,146","9,332"
Esmeralda,2020-08-25 20:12:26.977886,0,0,79,108
Eureka,2020-08-25 20:12:26.977886,5,0,114,200
Humboldt,2020-08-25 20:12:26.977886,109,4,"2,153","2,571"
Lander,2020-08-25 20:12:26.977886,57,1,"1,064","1,275"
Lincoln,2020-08-25 20:12:26.977886,6,0,329,411
Lyon,2020-08-25 20:12:26.977886,303,6,"3,905","4,963"
Mineral,2020-08-25 20:12:26.977886,12,0,982,"1,476"
Nye,2020-08-25 20:12:26.977886,463,14,"4,323","6,217"
Pershing,2020-08-25 20:12:26.977886,19,0,"2,776","3,579"
Storey,2020-08-25 20:12:26.977886,6,0,103,114
Washoe,2020-08-25 20:12:26.977886,"6,816",133,"82,921","106,441"
White Pine,2020-08-25 20:12:26.977886,24,1,"2,974","5,135"
Carson City,2020-08-26 20:34:24.619584,416,8,"13,026","16,526"
Churchill,2020-08-26 20:34:24.619584,84,1,"4,415","5,412"
Clark,2020-08-26 20:34:24.619584,"57,283","1,078","440,993","639,695"
Douglas,2020-08-26 20:34:24.619584,233,1,"4,480","5,261"
Elko,2020-08-26 20:34:24.619584,735,3,"8,215","9,434"
Esmeralda,2020-08-26 20:34:24.619584,0,0,79,108
Eureka,2020-08-26 20:34:24.619584,5,0,123,209
Humboldt,2020-08-26 20:34:24.619584,109,4,"2,165","2,585"
Lander,2020-08-26 20:34:24.619584,58,1,"1,074","1,289"
Lincoln,2020-08-26 20:34:24.619584,6,0,329,412
Lyon,2020-08-26 20:34:24.619584,308,6,"3,961","5,037"
Mineral,2020-08-26 20:34:24.619584,12,0,987,"1,482"
Nye,2020-08-26 20:34:24.619584,464,14,"4,337","6,231"
Pershing,2020-08-26 20:34:24.619584,19,0,"2,776","3,581"
Storey,2020-08-26 20:34:24.619584,6,0,103,114
Washoe,2020-08-26 20:34:24.619584,"6,904",133,"83,345","107,284"
White Pine,2020-08-26 20:34:24.619584,24,1,"2,980","5,155"
Carson City,2020-08-27 20:06:40.876527,417,8,"13,057","16,568"
Churchill,2020-08-27 20:06:40.876527,84,1,"4,431","5,429"
Clark,2020-08-27 20:06:40.876527,"57,756","1,099","443,526","644,575"
Douglas,2020-08-27 20:06:40.876527,235,1,"4,490","5,276"
Elko,2020-08-27 20:06:40.876527,761,3,"8,261","9,526"
Esmeralda,2020-08-27 20:06:40.876527,0,0,79,108
Eureka,2020-08-27 20:06:40.876527,5,0,123,209
Humboldt,2020-08-27 20:06:40.876527,109,4,"2,165","2,586"
Lander,2020-08-27 20:06:40.876527,59,1,"1,081","1,300"
Lincoln,2020-08-27 20:06:40.876527,6,0,329,412
Lyon,2020-08-27 20:06:40.876527,310,6,"3,970","5,052"
Mineral,2020-08-27 20:06:40.876527,12,0,"1,017","1,517"
Nye,2020-08-27 20:06:40.876527,466,14,"4,362","6,273"
Pershing,2020-08-27 20:06:40.876527,18,0,"2,776","3,581"
Storey,2020-08-27 20:06:40.876527,6,0,104,115
Washoe,2020-08-27 20:06:40.876527,"6,951",133,"83,599","107,725"
White Pine,2020-08-27 20:06:40.876527,25,1,"2,987","5,172"
Carson City,2020-08-28 19:58:32.159639,419,8,"13,101","16,653"
Churchill,2020-08-28 19:58:32.159639,84,1,"4,443","5,457"
Clark,2020-08-28 19:58:32.159639,"58,292","1,111","446,911","650,950"
Douglas,2020-08-28 19:58:32.159639,235,1,"4,511","5,313"
Elko,2020-08-28 19:58:32.159639,777,4,"8,310","9,585"
Esmeralda,2020-08-28 19:58:32.159639,0,0,79,108
Eureka,2020-08-28 19:58:32.159639,5,0,123,211
Humboldt,2020-08-28 19:58:32.159639,111,4,"2,191","2,631"
Lander,2020-08-28 19:58:32.159639,59,1,"1,085","1,308"
Lincoln,2020-08-28 19:58:32.159639,6,0,331,415
Lyon,2020-08-28 19:58:32.159639,311,6,"4,002","5,100"
Mineral,2020-08-28 19:58:32.159639,12,0,"1,030","1,538"
Nye,2020-08-28 19:58:32.159639,467,14,"4,385","6,322"
Pershing,2020-08-28 19:58:32.159639,19,0,"2,782","3,590"
Storey,2020-08-28 19:58:32.159639,6,0,105,116
Washoe,2020-08-28 19:58:32.159639,"7,024",136,"84,224","108,774"
White Pine,2020-08-28 19:58:32.159639,25,1,"3,006","5,412"
Carson City,2020-08-29 20:00:54.553427,424,8,"13,147","16,722"
Churchill,2020-08-29 20:00:54.553427,84,1,"4,462","5,483"
Clark,2020-08-29 20:00:54.553427,"58,789","1,126","449,768","656,901"
Douglas,2020-08-29 20:00:54.553427,242,1,"4,588","5,413"
Elko,2020-08-29 20:00:54.553427,792,4,"8,367","9,663"
Esmeralda,2020-08-29 20:00:54.553427,0,0,80,110
Eureka,2020-08-29 20:00:54.553427,5,0,123,212
Humboldt,2020-08-29 20:00:54.553427,111,4,"2,201","2,645"
Lander,2020-08-29 20:00:54.553427,59,1,"1,089","1,313"
Lincoln,2020-08-29 20:00:54.553427,6,0,331,415
Lyon,2020-08-29 20:00:54.553427,318,6,"4,065","5,177"
Mineral,2020-08-29 20:00:54.553427,12,0,"1,055","1,564"
Nye,2020-08-29 20:00:54.553427,467,14,"4,390","6,348"
Pershing,2020-08-29 20:00:54.553427,19,0,"2,783","3,599"
Storey,2020-08-29 20:00:54.553427,6,0,105,117
Washoe,2020-08-29 20:00:54.553427,"7,102",136,"84,867","109,677"
White Pine,2020-08-29 20:00:54.553427,25,1,"3,018","5,452"
Carson City,2020-08-30 19:52:42.618233,425,8,"13,157","16,736"
Churchill,2020-08-30 19:52:42.618233,84,1,"4,466","5,489"
Clark,2020-08-30 19:52:42.618233,"59,153","1,125","452,308","662,182"
Douglas,2020-08-30 19:52:42.618233,244,1,"4,611","5,444"
Elko,2020-08-30 19:52:42.618233,792,4,"8,368","9,664"
Esmeralda,2020-08-30 19:52:42.618233,0,0,80,110
Eureka,2020-08-30 19:52:42.618233,5,0,123,212
Humboldt,2020-08-30 19:52:42.618233,111,4,"2,205","2,653"
Lander,2020-08-30 19:52:42.618233,59,1,"1,090","1,316"
Lincoln,2020-08-30 19:52:42.618233,6,0,350,439
Lyon,2020-08-30 19:52:42.618233,324,6,"4,089","5,208"
Mineral,2020-08-30 19:52:42.618233,12,0,"1,055","1,566"
Nye,2020-08-30 19:52:42.618233,467,14,"4,409","6,383"
Pershing,2020-08-30 19:52:42.618233,21,0,"2,784","3,622"
Storey,2020-08-30 19:52:42.618233,6,0,105,117
Washoe,2020-08-30 19:52:42.618233,"7,174",137,"85,236","110,179"
White Pine,2020-08-30 19:52:42.618233,25,1,"3,022","5,466"
Carson City,2020-08-31 21:37:34.896505,427,8,"13,159","16,739"
Churchill,2020-08-31 21:37:34.896505,84,1,"4,471","5,494"
Clark,2020-08-31 21:37:34.896505,"59,420","1,126","454,205","665,871"
Douglas,2020-08-31 21:37:34.896505,247,1,"4,620","5,460"
Elko,2020-08-31 21:37:34.896505,803,4,"8,369","9,666"
Esmeralda,2020-08-31 21:37:34.896505,0,0,80,110
Eureka,2020-08-31 21:37:34.896505,6,0,125,214
Humboldt,2020-08-31 21:37:34.896505,111,4,"2,206","2,656"
Lander,2020-08-31 21:37:34.896505,59,1,"1,091","1,318"
Lincoln,2020-08-31 21:37:34.896505,6,0,352,441
Lyon,2020-08-31 21:37:34.896505,326,6,"4,103","5,228"
Mineral,2020-08-31 21:37:34.896505,12,0,"1,056","1,568"
Nye,2020-08-31 21:37:34.896505,469,14,"4,425","6,405"
Pershing,2020-08-31 21:37:34.896505,22,0,"2,784","3,623"
Storey,2020-08-31 21:37:34.896505,7,0,105,117
Washoe,2020-08-31 21:37:34.896505,"7,204",139,"85,490","110,507"
White Pine,2020-08-31 21:37:34.896505,25,1,"3,024","5,472"
Carson City,2020-09-01 20:03:52.599121,430,8,"13,201","16,791"
Churchill,2020-09-01 20:03:52.599121,113,1,"4,492","5,522"
Clark,2020-09-01 20:03:52.599121,"59,716","1,134","455,853","669,021"
Douglas,2020-09-01 20:03:52.599121,252,1,"4,675","5,530"
Elko,2020-09-01 20:03:52.599121,813,4,"8,415","9,748"
Esmeralda,2020-09-01 20:03:52.599121,0,0,80,110
Eureka,2020-09-01 20:03:52.599121,6,0,125,214
Humboldt,2020-09-01 20:03:52.599121,111,4,"2,220","2,683"
Lander,2020-09-01 20:03:52.599121,61,1,"1,147","1,449"
Lincoln,2020-09-01 20:03:52.599121,6,0,352,442
Lyon,2020-09-01 20:03:52.599121,332,6,"4,117","5,246"
Mineral,2020-09-01 20:03:52.599121,12,0,"1,077","1,599"
Nye,2020-09-01 20:03:52.599121,469,14,"4,439","6,424"
Pershing,2020-09-01 20:03:52.599121,21,0,"2,796","3,695"
Storey,2020-09-01 20:03:52.599121,7,0,105,117
Washoe,2020-09-01 20:03:52.599121,"7,259",139,"85,811","110,944"
White Pine,2020-09-01 20:03:52.599121,25,1,"3,038","5,487"
Carson City,2020-09-02 20:07:35.099064,434,8,"13,258","16,943"
Churchill,2020-09-02 20:07:35.099064,113,1,"4,510","5,545"
Clark,2020-09-02 20:07:35.099064,"59,857","1,157","457,080","670,997"
Douglas,2020-09-02 20:07:35.099064,255,1,"4,694","5,558"
Elko,2020-09-02 20:07:35.099064,824,4,"8,425","9,758"
Esmeralda,2020-09-02 20:07:35.099064,0,0,80,110
Eureka,2020-09-02 20:07:35.099064,7,0,125,214
Humboldt,2020-09-02 20:07:35.099064,111,4,"2,232","2,697"
Lander,2020-09-02 20:07:35.099064,63,1,"1,148","1,450"
Lincoln,2020-09-02 20:07:35.099064,6,0,354,445
Lyon,2020-09-02 20:07:35.099064,336,6,"4,155","5,296"
Mineral,2020-09-02 20:07:35.099064,12,0,"1,078","1,600"
Nye,2020-09-02 20:07:35.099064,472,14,"4,447","6,440"
Pershing,2020-09-02 20:07:35.099064,21,0,"2,798","3,724"
Storey,2020-09-02 20:07:35.099064,7,0,105,117
Washoe,2020-09-02 20:07:35.099064,"7,326",139,"86,331","111,641"
White Pine,2020-09-02 20:07:35.099064,28,1,"3,044","5,498"
Carson City,2020-09-03 20:59:05.269683,438,8,"13,320","17,181"
Churchill,2020-09-03 20:59:05.269683,113,1,"4,519","5,561"
Clark,2020-09-03 20:59:05.269683,"60,144","1,181","459,248","675,369"
Douglas,2020-09-03 20:59:05.269683,256,1,"4,710","5,583"
Elko,2020-09-03 20:59:05.269683,824,6,"8,447","9,820"
Esmeralda,2020-09-03 20:59:05.269683,0,0,84,114
Eureka,2020-09-03 20:59:05.269683,7,0,153,257
Humboldt,2020-09-03 20:59:05.269683,111,4,"2,251","2,721"
Lander,2020-09-03 20:59:05.269683,63,1,"1,159","1,474"
Lincoln,2020-09-03 20:59:05.269683,6,0,355,446
Lyon,2020-09-03 20:59:05.269683,345,6,"4,177","5,325"
Mineral,2020-09-03 20:59:05.269683,12,0,"1,085","1,613"
Nye,2020-09-03 20:59:05.269683,477,14,"4,465","6,466"
Pershing,2020-09-03 20:59:05.269683,21,0,"2,800","3,732"
Storey,2020-09-03 20:59:05.269683,7,0,105,117
Washoe,2020-09-03 20:59:05.269683,"7,371",140,"86,887","112,497"
White Pine,2020-09-03 20:59:05.269683,28,1,"3,059","5,531"
Carson City,2020-09-04 20:54:50.966089,446,8,"13,407","17,489"
Churchill,2020-09-04 20:54:50.966089,113,1,"4,591","5,656"
Clark,2020-09-04 20:54:50.966089,"60,514","1,190","461,735","680,716"
Douglas,2020-09-04 20:54:50.966089,257,1,"4,729","5,612"
Elko,2020-09-04 20:54:50.966089,853,6,"8,576","10,022"
Esmeralda,2020-09-04 20:54:50.966089,0,0,87,118
Eureka,2020-09-04 20:54:50.966089,8,0,159,306
Humboldt,2020-09-04 20:54:50.966089,111,4,"2,264","2,736"
Lander,2020-09-04 20:54:50.966089,65,1,"1,167","1,489"
Lincoln,2020-09-04 20:54:50.966089,6,0,359,452
Lyon,2020-09-04 20:54:50.966089,347,6,"4,196","5,364"
Mineral,2020-09-04 20:54:50.966089,12,0,"1,121","1,666"
Nye,2020-09-04 20:54:50.966089,478,15,"4,472","6,481"
Pershing,2020-09-04 20:54:50.966089,20,0,"2,800","3,747"
Storey,2020-09-04 20:54:50.966089,7,0,105,118
Washoe,2020-09-04 20:54:50.966089,"7,446",142,"87,456","113,401"
White Pine,2020-09-04 20:54:50.966089,29,1,"3,082","5,608"
Carson City,2020-09-05 20:13:01.592768,449,8,"13,580","18,097"
Churchill,2020-09-05 20:13:01.592768,113,1,"4,650","5,737"
Clark,2020-09-05 20:13:01.592768,"60,819","1,203","464,597","688,150"
Douglas,2020-09-05 20:13:01.592768,259,1,"4,772","5,678"
Elko,2020-09-05 20:13:01.592768,860,6,"8,633","10,097"
Esmeralda,2020-09-05 20:13:01.592768,0,0,90,121
Eureka,2020-09-05 20:13:01.592768,8,0,165,317
Humboldt,2020-09-05 20:13:01.592768,113,4,"2,280","2,756"
Lander,2020-09-05 20:13:01.592768,65,1,"1,170","1,493"
Lincoln,2020-09-05 20:13:01.592768,6,0,361,454
Lyon,2020-09-05 20:13:01.592768,351,6,"4,245","5,436"
Mineral,2020-09-05 20:13:01.592768,12,0,"1,135","1,684"
Nye,2020-09-05 20:13:01.592768,480,15,"4,493","6,567"
Pershing,2020-09-05 20:13:01.592768,20,0,"2,807","3,797"
Storey,2020-09-05 20:13:01.592768,8,0,106,119
Washoe,2020-09-05 20:13:01.592768,"7,507",142,"88,329","114,826"
White Pine,2020-09-05 20:13:01.592768,32,1,"3,126","5,746"
Carson City,2020-09-06 20:12:25.657792,451,8,"13,658","18,319"
Churchill,2020-09-06 20:12:25.657792,113,1,"4,690","5,823"
Clark,2020-09-06 20:12:25.657792,"61,237","1,205","470,097","697,248"
Douglas,2020-09-06 20:12:25.657792,260,1,"4,809","5,730"
Elko,2020-09-06 20:12:25.657792,860,5,"8,640","10,104"
Esmeralda,2020-09-06 20:12:25.657792,0,0,90,122
Eureka,2020-09-06 20:12:25.657792,9,0,167,319
Humboldt,2020-09-06 20:12:25.657792,115,4,"2,291","2,771"
Lander,2020-09-06 20:12:25.657792,65,1,"1,172","1,495"
Lincoln,2020-09-06 20:12:25.657792,6,0,362,455
Lyon,2020-09-06 20:12:25.657792,360,6,"4,272","5,472"
Mineral,2020-09-06 20:12:25.657792,12,0,"1,136","1,689"
Nye,2020-09-06 20:12:25.657792,481,14,"4,515","6,600"
Pershing,2020-09-06 20:12:25.657792,20,0,"2,812","3,810"
Storey,2020-09-06 20:12:25.657792,8,0,110,125
Washoe,2020-09-06 20:12:25.657792,"7,581",143,"88,988","116,063"
White Pine,2020-09-06 20:12:25.657792,32,1,"3,146","5,799"
Carson City,2020-09-07 20:31:41.457256,460,8,"13,710","18,400"
Churchill,2020-09-07 20:31:41.457256,113,1,"4,707","5,852"
Clark,2020-09-07 20:31:41.457256,"61,476","1,206","472,189","701,747"
Douglas,2020-09-07 20:31:41.457256,261,1,"4,822","5,754"
Elko,2020-09-07 20:31:41.457256,863,5,"8,698","10,417"
Esmeralda,2020-09-07 20:31:41.457256,0,0,91,123
Eureka,2020-09-07 20:31:41.457256,10,0,171,328
Humboldt,2020-09-07 20:31:41.457256,116,4,"2,291","2,774"
Lander,2020-09-07 20:31:41.457256,65,1,"1,172","1,496"
Lincoln,2020-09-07 20:31:41.457256,6,0,361,455
Lyon,2020-09-07 20:31:41.457256,361,6,"4,286","5,497"
Mineral,2020-09-07 20:31:41.457256,12,0,"1,139","1,692"
Nye,2020-09-07 20:31:41.457256,482,14,"4,524","6,624"
Pershing,2020-09-07 20:31:41.457256,20,0,"2,812","3,816"
Storey,2020-09-07 20:31:41.457256,9,0,111,126
Washoe,2020-09-07 20:31:41.457256,"7,675",146,"89,844","117,428"
White Pine,2020-09-07 20:31:41.457256,38,1,"3,170","5,896"
Carson City,2020-09-08 20:07:31.358444,460,8,"13,798","18,514"
Churchill,2020-09-08 20:07:31.358444,113,1,"4,732","5,885"
Clark,2020-09-08 20:07:31.358444,"61,543","1,206","472,984","703,546"
Douglas,2020-09-08 20:07:31.358444,261,1,"4,850","5,795"
Elko,2020-09-08 20:07:31.358444,862,5,"8,706","10,431"
Esmeralda,2020-09-08 20:07:31.358444,0,0,91,123
Eureka,2020-09-08 20:07:31.358444,10,0,171,328
Humboldt,2020-09-08 20:07:31.358444,116,4,"2,293","2,776"
Lander,2020-09-08 20:07:31.358444,65,1,"1,175","1,504"
Lincoln,2020-09-08 20:07:31.358444,6,0,361,455
Lyon,2020-09-08 20:07:31.358444,361,6,"4,323","5,543"
Mineral,2020-09-08 20:07:31.358444,12,0,"1,142","1,695"
Nye,2020-09-08 20:07:31.358444,482,14,"4,535","6,645"
Pershing,2020-09-08 20:07:31.358444,21,0,"2,814","3,824"
Storey,2020-09-08 20:07:31.358444,9,0,111,126
Washoe,2020-09-08 20:07:31.358444,"7,745",146,"90,247","118,060"
White Pine,2020-09-08 20:07:31.358444,38,1,"3,172","5,899"
Carson City,2020-09-09 20:08:33.471044,466,8,"13,854","18,596"
Churchill,2020-09-09 20:08:33.471044,113,1,"4,732","5,886"
Clark,2020-09-09 20:08:33.471044,"61,642","1,223","473,429","704,877"
Douglas,2020-09-09 20:08:33.471044,261,1,"4,855","5,803"
Elko,2020-09-09 20:08:33.471044,864,6,"8,737","10,478"
Esmeralda,2020-09-09 20:08:33.471044,0,0,91,123
Eureka,2020-09-09 20:08:33.471044,10,0,171,328
Humboldt,2020-09-09 20:08:33.471044,116,4,"2,298","2,782"
Lander,2020-09-09 20:08:33.471044,66,1,"1,176","1,505"
Lincoln,2020-09-09 20:08:33.471044,6,0,361,456
Lyon,2020-09-09 20:08:33.471044,364,6,"4,332","5,559"
Mineral,2020-09-09 20:08:33.471044,12,0,"1,143","1,700"
Nye,2020-09-09 20:08:33.471044,483,14,"4,537","6,644"
Pershing,2020-09-09 20:08:33.471044,21,0,"2,817","3,825"
Storey,2020-09-09 20:08:33.471044,9,0,113,128
Washoe,2020-09-09 20:08:33.471044,"7,787",147,"90,445","118,362"
White Pine,2020-09-09 20:08:33.471044,38,1,"3,172","5,895"
Carson City,2020-09-10 20:34:00.409038,469,8,"13,922","18,685"
Churchill,2020-09-10 20:34:00.409038,113,1,"4,769","5,950"
Clark,2020-09-10 20:34:00.409038,"61,871","1,240","475,032","708,163"
Douglas,2020-09-10 20:34:00.409038,263,1,"4,866","5,819"
Elko,2020-09-10 20:34:00.409038,866,6,"8,753","10,502"
Esmeralda,2020-09-10 20:34:00.409038,0,0,94,126
Eureka,2020-09-10 20:34:00.409038,10,0,171,328
Humboldt,2020-09-10 20:34:00.409038,117,4,"2,313","2,800"
Lander,2020-09-10 20:34:00.409038,67,1,"1,178","1,507"
Lincoln,2020-09-10 20:34:00.409038,6,0,362,457
Lyon,2020-09-10 20:34:00.409038,365,6,"4,359","5,599"
Mineral,2020-09-10 20:34:00.409038,13,0,"1,165","1,731"
Nye,2020-09-10 20:34:00.409038,485,14,"4,555","6,706"
Pershing,2020-09-10 20:34:00.409038,21,0,"2,820","3,830"
Storey,2020-09-10 20:34:00.409038,9,0,115,132
Washoe,2020-09-10 20:34:00.409038,"7,827",147,"91,033","119,436"
White Pine,2020-09-10 20:34:00.409038,44,1,"3,195","5,969"
Carson City,2020-09-11 20:31:23.144341,475,8,"13,973","18,889"
Churchill,2020-09-11 20:31:23.144341,113,1,"4,843","6,099"
Clark,2020-09-11 20:31:23.144341,"62,057","1,249","480,326","716,674"
Douglas,2020-09-11 20:31:23.144341,265,1,"4,881","5,838"
Elko,2020-09-11 20:31:23.144341,875,7,"8,798","10,633"
Esmeralda,2020-09-11 20:31:23.144341,0,0,94,127
Eureka,2020-09-11 20:31:23.144341,10,0,171,331
Humboldt,2020-09-11 20:31:23.144341,117,4,"2,324","2,811"
Lander,2020-09-11 20:31:23.144341,67,1,"1,183","1,513"
Lincoln,2020-09-11 20:31:23.144341,6,0,362,457
Lyon,2020-09-11 20:31:23.144341,372,6,"4,396","5,644"
Mineral,2020-09-11 20:31:23.144341,13,0,"1,165","1,731"
Nye,2020-09-11 20:31:23.144341,488,14,"4,572","6,734"
Pershing,2020-09-11 20:31:23.144341,21,0,"2,821","3,833"
Storey,2020-09-11 20:31:23.144341,9,0,116,133
Washoe,2020-09-11 20:31:23.144341,"7,872",147,"91,546","120,242"
White Pine,2020-09-11 20:31:23.144341,46,1,"3,214","6,003"
Carson City,2020-09-12 20:13:39.137651,484,8,"14,066","19,156"
Churchill,2020-09-12 20:13:39.137651,113,1,"4,924","6,214"
Clark,2020-09-12 20:13:39.137651,"62,402","1,259","483,990","724,132"
Douglas,2020-09-12 20:13:39.137651,267,1,"4,914","5,888"
Elko,2020-09-12 20:13:39.137651,876,7,"8,813","10,741"
Esmeralda,2020-09-12 20:13:39.137651,0,0,94,126
Eureka,2020-09-12 20:13:39.137651,10,0,175,340
Humboldt,2020-09-12 20:13:39.137651,117,4,"2,326","2,813"
Lander,2020-09-12 20:13:39.137651,67,1,"1,183","1,513"
Lincoln,2020-09-12 20:13:39.137651,6,0,362,457
Lyon,2020-09-12 20:13:39.137651,371,6,"4,440","5,723"
Mineral,2020-09-12 20:13:39.137651,13,0,"1,168","1,735"
Nye,2020-09-12 20:13:39.137651,488,14,"4,587","6,764"
Pershing,2020-09-12 20:13:39.137651,21,0,"2,823","4,020"
Storey,2020-09-12 20:13:39.137651,9,0,116,133
Washoe,2020-09-12 20:13:39.137651,"7,930",147,"92,238","121,406"
White Pine,2020-09-12 20:13:39.137651,46,1,"3,224","6,040"
Carson City,2020-09-13 20:12:34.104082,487,8,"14,123","19,227"
Churchill,2020-09-13 20:12:34.104082,113,1,"4,986","6,352"
Clark,2020-09-13 20:12:34.104082,"62,650","1,260","487,028","730,076"
Douglas,2020-09-13 20:12:34.104082,269,1,"4,939","5,921"
Elko,2020-09-13 20:12:34.104082,883,7,"8,864","10,854"
Esmeralda,2020-09-13 20:12:34.104082,0,0,95,127
Eureka,2020-09-13 20:12:34.104082,10,0,175,347
Humboldt,2020-09-13 20:12:34.104082,117,4,"2,348","2,842"
Lander,2020-09-13 20:12:34.104082,67,1,"1,195","1,540"
Lincoln,2020-09-13 20:12:34.104082,6,0,369,480
Lyon,2020-09-13 20:12:34.104082,374,6,"4,481","5,776"
Mineral,2020-09-13 20:12:34.104082,13,0,"1,178","1,802"
Nye,2020-09-13 20:12:34.104082,490,14,"4,611","6,807"
Pershing,2020-09-13 20:12:34.104082,21,0,"2,834","4,092"
Storey,2020-09-13 20:12:34.104082,9,0,117,134
Washoe,2020-09-13 20:12:34.104082,"7,981",149,"92,853","122,331"
White Pine,2020-09-13 20:12:34.104082,47,1,"3,250","6,112"
Carson City,2020-09-14 20:11:34.614255,490,8,"14,185","19,361"
Churchill,2020-09-14 20:11:34.614255,130,3,"5,006","6,396"
Clark,2020-09-14 20:11:34.614255,"62,812","1,262","488,694","733,745"
Douglas,2020-09-14 20:11:34.614255,271,1,"4,964","5,958"
Elko,2020-09-14 20:11:34.614255,879,7,"8,908","11,058"
Esmeralda,2020-09-14 20:11:34.614255,0,0,97,131
Eureka,2020-09-14 20:11:34.614255,10,0,176,351
Humboldt,2020-09-14 20:11:34.614255,117,4,"2,356","2,852"
Lander,2020-09-14 20:11:34.614255,69,1,"1,217","1,567"
Lincoln,2020-09-14 20:11:34.614255,6,0,375,498
Lyon,2020-09-14 20:11:34.614255,374,6,"4,591","5,898"
Mineral,2020-09-14 20:11:34.614255,13,0,"1,188","1,857"
Nye,2020-09-14 20:11:34.614255,490,14,"4,629","6,833"
Pershing,2020-09-14 20:11:34.614255,21,0,"2,841","4,134"
Storey,2020-09-14 20:11:34.614255,9,0,117,134
Washoe,2020-09-14 20:11:34.614255,"8,077",149,"93,640","123,618"
White Pine,2020-09-14 20:11:34.614255,46,1,"3,273","6,209"
Carson City,2020-09-16 09:16:51.715501,494,8,"14,297","19,530"
Churchill,2020-09-16 09:16:51.715501,130,3,"5,039","6,526"
Clark,2020-09-16 09:16:51.715501,"62,952","1,287","490,181","736,339"
Douglas,2020-09-16 09:16:51.715501,274,1,"5,049","6,097"
Elko,2020-09-16 09:16:51.715501,887,7,"8,915","11,061"
Esmeralda,2020-09-16 09:16:51.715501,0,0,97,131
Eureka,2020-09-16 09:16:51.715501,10,0,176,351
Humboldt,2020-09-16 09:16:51.715501,118,4,"2,356","2,848"
Lander,2020-09-16 09:16:51.715501,69,1,"1,219","1,569"
Lincoln,2020-09-16 09:16:51.715501,6,0,377,500
Lyon,2020-09-16 09:16:51.715501,377,6,"4,625","5,948"
Mineral,2020-09-16 09:16:51.715501,13,0,"1,190","1,859"
Nye,2020-09-16 09:16:51.715501,490,15,"4,639","6,847"
Pershing,2020-09-16 09:16:51.715501,21,0,"2,842","4,135"
Storey,2020-09-16 09:16:51.715501,9,0,117,135
Washoe,2020-09-16 09:16:51.715501,"8,142",149,"93,949","124,102"
White Pine,2020-09-16 09:16:51.715501,48,1,"3,280","6,226"
Carson City,2020-09-16 20:17:38.211740,509,8,"14,346","19,593"
Churchill,2020-09-16 20:17:38.211740,131,3,"5,086","6,605"
Clark,2020-09-16 20:17:38.211740,"63,077","1,298","492,540","740,310"
Douglas,2020-09-16 20:17:38.211740,275,1,"5,088","6,149"
Elko,2020-09-16 20:17:38.211740,894,7,"8,965","11,099"
Esmeralda,2020-09-16 20:17:38.211740,0,0,97,131
Eureka,2020-09-16 20:17:38.211740,10,0,177,352
Humboldt,2020-09-16 20:17:38.211740,118,4,"2,362","2,855"
Lander,2020-09-16 20:17:38.211740,70,1,"1,226","1,576"
Lincoln,2020-09-16 20:17:38.211740,7,0,379,504
Lyon,2020-09-16 20:17:38.211740,392,6,"4,652","5,989"
Mineral,2020-09-16 20:17:38.211740,13,0,"1,193","1,871"
Nye,2020-09-16 20:17:38.211740,490,15,"4,652","6,864"
Pershing,2020-09-16 20:17:38.211740,21,0,"2,844","4,138"
Storey,2020-09-16 20:17:38.211740,9,0,118,136
Washoe,2020-09-16 20:17:38.211740,"8,184",150,"94,354","124,771"
White Pine,2020-09-16 20:17:38.211740,48,1,"3,282","6,230"
Carson City,2020-09-17 20:23:32.371643,513,8,"14,444","19,911"
Churchill,2020-09-17 20:23:32.371643,131,3,"5,113","6,647"
Clark,2020-09-17 20:23:32.371643,"63,301","1,309","494,257","744,355"
Douglas,2020-09-17 20:23:32.371643,277,1,"5,115","6,186"
Elko,2020-09-17 20:23:32.371643,896,7,"8,991","11,144"
Esmeralda,2020-09-17 20:23:32.371643,0,0,97,131
Eureka,2020-09-17 20:23:32.371643,10,0,177,352
Humboldt,2020-09-17 20:23:32.371643,117,4,"2,366","2,869"
Lander,2020-09-17 20:23:32.371643,70,1,"1,232","1,584"
Lincoln,2020-09-17 20:23:32.371643,7,0,380,506
Lyon,2020-09-17 20:23:32.371643,395,6,"4,689","6,043"
Mineral,2020-09-17 20:23:32.371643,13,0,"1,194","1,877"
Nye,2020-09-17 20:23:32.371643,491,15,"4,662","6,917"
Pershing,2020-09-17 20:23:32.371643,21,0,"2,847","4,146"
Storey,2020-09-17 20:23:32.371643,9,0,118,136
Washoe,2020-09-17 20:23:32.371643,"8,295",151,"95,204","126,463"
White Pine,2020-09-17 20:23:32.371643,49,1,"3,296","6,285"
Carson City,2020-09-18 20:11:33.799806,522,8,"14,473","19,947"
Churchill,2020-09-18 20:11:33.799806,136,3,"5,159","6,726"
Clark,2020-09-18 20:11:33.799806,"63,603","1,325","497,286","750,614"
Douglas,2020-09-18 20:11:33.799806,283,1,"5,128","6,206"
Elko,2020-09-18 20:11:33.799806,900,7,"9,012","11,260"
Esmeralda,2020-09-18 20:11:33.799806,0,0,98,133
Eureka,2020-09-18 20:11:33.799806,10,0,177,352
Humboldt,2020-09-18 20:11:33.799806,117,4,"2,396","2,910"
Lander,2020-09-18 20:11:33.799806,70,1,"1,230","1,578"
Lincoln,2020-09-18 20:11:33.799806,7,0,382,512
Lyon,2020-09-18 20:11:33.799806,403,6,"4,724","6,087"
Mineral,2020-09-18 20:11:33.799806,13,0,"1,195","1,878"
Nye,2020-09-18 20:11:33.799806,492,15,"4,684","6,949"
Pershing,2020-09-18 20:11:33.799806,21,0,"2,849","4,151"
Storey,2020-09-18 20:11:33.799806,9,0,118,136
Washoe,2020-09-18 20:11:33.799806,"8,461",153,"95,923","127,785"
White Pine,2020-09-18 20:11:33.799806,49,1,"3,309","6,322"
Carson City,2020-09-19 21:03:31.899615,523,8,"14,546","20,217"
Churchill,2020-09-19 21:03:31.899615,137,3,"5,295","7,013"
Clark,2020-09-19 21:03:31.899615,"63,877","1,327","500,315","756,640"
Douglas,2020-09-19 21:03:31.899615,286,1,"5,150","6,243"
Elko,2020-09-19 21:03:31.899615,904,8,"9,052","11,306"
Esmeralda,2020-09-19 21:03:31.899615,0,0,98,133
Eureka,2020-09-19 21:03:31.899615,10,0,178,353
Humboldt,2020-09-19 21:03:31.899615,118,4,"2,411","2,927"
Lander,2020-09-19 21:03:31.899615,70,1,"1,248","1,603"
Lincoln,2020-09-19 21:03:31.899615,7,0,386,523
Lyon,2020-09-19 21:03:31.899615,407,7,"4,797","6,182"
Mineral,2020-09-19 21:03:31.899615,13,0,"1,197","1,881"
Nye,2020-09-19 21:03:31.899615,492,15,"4,694","6,962"
Pershing,2020-09-19 21:03:31.899615,21,0,"2,853","4,156"
Storey,2020-09-19 21:03:31.899615,9,0,120,138
Washoe,2020-09-19 21:03:31.899615,"8,493",153,"96,541","128,827"
White Pine,2020-09-19 21:03:31.899615,52,1,"3,336","6,393"
Carson City,2020-09-20 19:38:19.196306,524,8,"14,647","20,451"
Churchill,2020-09-20 19:38:19.196306,137,3,"5,320","7,049"
Clark,2020-09-20 19:38:19.196306,"64,160","1,329","503,655","763,403"
Douglas,2020-09-20 19:38:19.196306,292,1,"5,198","6,306"
Elko,2020-09-20 19:38:19.196306,904,9,"9,063","11,404"
Esmeralda,2020-09-20 19:38:19.196306,0,0,99,134
Eureka,2020-09-20 19:38:19.196306,10,0,179,355
Humboldt,2020-09-20 19:38:19.196306,118,4,"2,415","2,932"
Lander,2020-09-20 19:38:19.196306,70,1,"1,248","1,604"
Lincoln,2020-09-20 19:38:19.196306,7,0,387,524
Lyon,2020-09-20 19:38:19.196306,407,7,"4,838","6,242"
Mineral,2020-09-20 19:38:19.196306,13,0,"1,198","1,882"
Nye,2020-09-20 19:38:19.196306,495,15,"4,708","6,990"
Pershing,2020-09-20 19:38:19.196306,21,0,"2,855","4,159"
Storey,2020-09-20 19:38:19.196306,9,0,121,139
Washoe,2020-09-20 19:38:19.196306,"8,585",153,"97,126","129,852"
White Pine,2020-09-20 19:38:19.196306,52,1,"3,365","6,474"
Carson City,2020-09-21 20:49:30.796820,525,8,"14,768","20,863"
Churchill,2020-09-21 20:49:30.796820,138,3,"5,323","7,060"
Clark,2020-09-21 20:49:30.796820,"64,288","1,328","504,411","765,132"
Douglas,2020-09-21 20:49:30.796820,294,1,"5,211","6,328"
Elko,2020-09-21 20:49:30.796820,905,9,"9,087","11,432"
Esmeralda,2020-09-21 20:49:30.796820,0,0,99,134
Eureka,2020-09-21 20:49:30.796820,10,0,180,357
Humboldt,2020-09-21 20:49:30.796820,120,4,"2,418","2,938"
Lander,2020-09-21 20:49:30.796820,70,1,"1,255","1,611"
Lincoln,2020-09-21 20:49:30.796820,7,0,389,526
Lyon,2020-09-21 20:49:30.796820,412,7,"4,855","6,277"
Mineral,2020-09-21 20:49:30.796820,13,0,"1,200","1,886"
Nye,2020-09-21 20:49:30.796820,495,15,"4,714","6,996"
Pershing,2020-09-21 20:49:30.796820,21,0,"2,857","4,167"
Storey,2020-09-21 20:49:30.796820,9,0,121,139
Washoe,2020-09-21 20:49:30.796820,"8,677",154,"97,682","130,735"
White Pine,2020-09-21 20:49:30.796820,52,1,"3,426","6,653"
