# Cases Age [0-9],# Cases Age [10-19],# Cases Age [20-29],# Cases Age [30-39],# Cases Age [40-49],# Cases Age [50-59],# Cases Age [60-69],# Cases Age [70-79],# Cases Age [80 and older],# Confirmed Cases Age [0-9],# Confirmed Cases Age [10-19],# Confirmed Cases Age [20-29],# Confirmed Cases Age [30-39],# Confirmed Cases Age [40-49],# Confirmed Cases Age [50-59],# Confirmed Cases Age [60-69],# Confirmed Cases Age [70-79],# Confirmed Cases Age [80 and older],# Confirmed Deaths Age [0-9],# Confirmed Deaths Age [10-19],# Confirmed Deaths Age [20-29],# Confirmed Deaths Age [30-39],# Confirmed Deaths Age [40-49],# Confirmed Deaths Age [50-59],# Confirmed Deaths Age [60-69],# Confirmed Deaths Age [70-79],# Confirmed Deaths Age [80 and older],# Deaths Age [0-9],# Deaths Age [10-19],# Deaths Age [20-29],# Deaths Age [30-39],# Deaths Age [40-49],# Deaths Age [50-59],# Deaths Age [60-69],# Deaths Age [70-79],# Deaths Age [80 and older],# Probable Cases Age [0-9],# Probable Cases Age [10-19],# Probable Cases Age [20-29],# Probable Cases Age [30-39],# Probable Cases Age [40-49],# Probable Cases Age [50-59],# Probable Cases Age [60-69],# Probable Cases Age [70-79],# Probable Cases Age [80 and older],# Probable Deaths Age [0-9],# Probable Deaths Age [10-19],# Probable Deaths Age [20-29],# Probable Deaths Age [30-39],# Probable Deaths Age [40-49],# Probable Deaths Age [50-59],# Probable Deaths Age [60-69],# Probable Deaths Age [70-79],# Probable Deaths Age [80 and older],Reported Date
689,1458,5863,6741,6680,7989,6607,4441,6986,666,1401,5658,6573,6493,7752,6396,4207,6328,1,1,4,21,44,146,459,783,2033,1,1,4,21,56,176,542,951,2619,23,57,205,168,187,237,211,234,658,0,0,0,0,12,30,83,168,586,2020-07-12 00:00:00
682,1430,5807,6707,6655,7956,6589,4434,6971,659,1374,5603,6540,6468,7721,6378,4196,6320,1,1,4,21,44,146,455,779,2025,1,1,4,21,56,176,537,947,2605,23,56,204,167,187,235,211,238,651,0,0,0,0,12,30,82,168,580,2020-07-09 00:00:00
678,1422,5792,6701,6645,7945,6579,4430,6961,655,1366,5588,6532,6457,7709,6366,4192,6310,1,1,4,21,44,146,455,779,2025,1,1,4,21,56,176,537,947,2605,23,56,204,169,188,236,213,238,651,0,0,0,0,12,30,82,168,580,2020-07-08 00:00:00
674,1412,5761,6685,6633,7935,6574,4424,6955,651,1357,5558,6516,6448,7701,6360,4186,6304,1,1,4,21,44,146,453,778,2023,1,1,4,21,56,176,535,946,2603,23,55,203,169,185,234,214,238,651,0,0,0,0,12,30,82,168,580,2020-07-07 00:00:00
670,1403,5750,6670,6622,7926,6565,4417,6952,647,1349,5547,6502,6438,7692,6352,4179,6300,1,1,4,21,44,146,452,777,2020,1,1,4,21,56,176,533,945,2601,23,54,203,168,184,234,213,238,652,0,0,0,0,12,30,81,168,581,2020-07-06 00:00:00
668,1400,5734,6662,6614,7921,6551,4416,6952,645,1346,5530,6494,6430,7687,6337,4178,6300,1,1,4,21,44,146,452,777,2020,1,1,4,21,56,176,533,945,2601,23,54,204,168,184,234,214,238,652,0,0,0,0,12,30,81,168,581,2020-07-05 00:00:00
663,1374,5657,6631,6587,7880,6529,4400,6938,640,1320,5455,6464,6403,7645,6316,4162,6286,1,1,4,21,44,146,452,777,2017,1,1,4,21,56,176,533,945,2598,23,54,202,167,184,235,213,238,652,0,0,0,0,12,30,81,168,581,2020-07-02 00:00:00
660,1369,5637,6620,6579,7873,6526,4398,6926,637,1314,5436,6452,6395,7636,6313,4160,6279,1,1,4,21,44,146,451,775,2016,1,1,4,21,56,176,532,943,2592,23,55,201,168,184,237,213,238,647,0,0,0,0,12,30,81,168,576,2020-07-01 00:00:00
658,1366,5625,6610,6570,7863,6517,4395,6909,634,1311,5424,6442,6385,7625,6303,4157,6261,1,1,4,21,44,146,451,775,2014,1,1,4,21,56,176,532,943,2590,24,55,201,168,185,238,214,238,648,0,0,0,0,12,30,81,168,576,2020-06-30 00:00:00
655,1362,5610,6598,6561,7857,6509,4393,6910,631,1307,5411,6430,6376,7618,6296,4155,6259,1,1,4,21,44,146,451,774,2011,1,1,4,21,56,176,531,942,2590,24,55,199,168,185,239,213,238,651,0,0,0,0,12,30,80,168,579,2020-06-29 00:00:00
647,1345,5575,6579,6544,7833,6494,4382,6904,623,1292,5377,6410,6358,7594,6283,4143,6253,1,1,4,21,44,146,451,773,2010,1,1,4,21,56,176,531,941,2589,24,53,198,169,186,239,211,239,651,0,0,0,0,12,30,80,168,579,2020-06-28 00:00:00
645,1334,5556,6562,6526,7819,6482,4372,6899,621,1281,5358,6392,6341,7582,6273,4133,6248,1,1,4,21,44,145,449,773,2010,1,1,4,21,56,174,528,941,2588,24,53,198,170,185,237,209,239,651,0,0,0,0,12,29,79,168,578,2020-06-27 00:00:00
645,1320,5530,6549,6510,7807,6474,4367,6895,621,1266,5332,6379,6325,7569,6265,4128,6244,1,1,4,21,44,144,447,773,2008,1,1,4,21,56,173,526,941,2586,24,54,198,170,185,238,209,239,651,0,0,0,0,12,29,79,168,578,2020-06-26 00:00:00
639,1315,5502,6536,6493,7785,6458,4355,6866,616,1262,5305,6368,6307,7548,6248,4118,6217,1,1,4,21,44,143,447,773,2006,1,1,4,21,56,172,526,940,2584,23,53,197,168,186,237,210,237,649,0,0,0,0,12,29,79,167,578,2020-06-25 00:00:00
637,1310,5489,6526,6488,7778,6451,4347,6858,614,1257,5290,6358,6301,7540,6241,4110,6209,1,1,4,21,44,142,447,772,2002,1,1,4,21,56,171,525,939,2579,23,53,199,168,187,238,210,237,649,0,0,0,0,12,29,78,167,577,2020-06-24 00:00:00
635,1304,5466,6512,6474,7772,6445,4345,6851,612,1251,5272,6348,6291,7536,6234,4111,6202,1,1,4,21,44,142,445,769,1996,1,1,4,21,56,171,523,935,2574,23,53,194,164,183,236,211,234,649,0,0,0,0,12,29,78,166,578,2020-06-23 00:00:00
634,1303,5463,6509,6472,7771,6445,4343,6850,611,1250,5269,6345,6289,7535,6234,4109,6202,1,1,4,21,44,141,444,769,1989,1,1,4,21,56,170,522,935,2566,23,53,194,164,183,236,211,234,648,0,0,0,0,12,29,78,166,577,2020-06-22 00:00:00
634,1300,5439,6490,6466,7760,6425,4331,6828,610,1247,5245,6326,6283,7522,6210,4094,6186,1,1,5,21,44,140,442,766,1983,1,1,5,21,56,169,521,935,2553,24,53,194,164,183,238,215,237,642,0,0,0,0,12,29,79,169,570,2020-06-21 00:00:00
634,1299,5431,6490,6462,7754,6421,4329,6826,610,1246,5239,6326,6282,7517,6207,4093,6185,1,1,5,21,44,140,442,765,1982,1,1,5,21,56,169,521,933,2552,24,53,192,164,180,237,214,236,641,0,0,0,0,12,29,79,168,570,2020-06-20 00:00:00
628,1297,5426,6484,6455,7750,6417,4327,6822,604,1244,5233,6320,6275,7513,6204,4091,6182,1,1,5,21,44,140,442,761,1979,1,1,5,21,56,169,520,929,2548,24,53,193,164,180,237,213,236,640,0,0,0,0,12,29,78,168,569,2020-06-19 00:00:00
622,1293,5393,6463,6433,7728,6399,4313,6806,598,1240,5204,6299,6252,7490,6186,4081,6165,1,1,5,21,43,139,443,758,1974,1,1,5,21,55,168,521,922,2543,24,53,189,164,181,238,213,232,641,0,0,0,0,12,29,78,164,569,2020-06-18 00:00:00
619,1286,5366,6452,6422,7713,6387,4301,6787,595,1232,5178,6287,6241,7474,6174,4069,6148,1,1,5,20,43,138,443,757,1970,1,1,5,20,55,167,521,920,2535,24,54,188,165,181,239,213,232,639,0,0,0,0,12,29,78,163,565,2020-06-17 00:00:00
620,1282,5351,6440,6407,7699,6379,4291,6782,596,1229,5163,6276,6227,7461,6166,4060,6144,1,1,5,20,43,138,441,756,1968,1,1,5,20,55,167,519,918,2532,24,53,188,164,180,238,213,231,638,0,0,0,0,12,29,78,162,564,2020-06-16 00:00:00
615,1278,5342,6430,6400,7682,6367,4286,6771,591,1227,5155,6266,6222,7447,6157,4055,6130,1,1,5,20,43,138,441,753,1960,1,1,5,20,55,167,519,915,2526,24,51,187,164,178,235,210,231,641,0,0,0,0,12,29,78,162,566,2020-06-15 00:00:00
605,1238,5257,6414,6351,7656,6419,4284,6833,581,1188,5075,6244,6176,7421,6211,4057,6185,1,1,4,20,41,137,440,740,1972,1,1,4,20,52,166,516,902,2541,24,50,182,170,175,235,208,227,648,0,0,0,0,11,29,76,162,569,2020-06-14 00:00:00
602,1231,5239,6402,6338,7642,6411,4280,6825,580,1182,5059,6235,6167,7410,6203,4053,6178,1,1,4,20,41,137,440,740,1971,1,1,4,20,51,166,516,902,2539,22,49,180,167,171,232,208,227,647,0,0,0,0,10,29,76,162,568,2020-06-13 00:00:00
600,1229,5219,6367,6317,7626,6399,4275,6816,578,1180,5039,6200,6144,7394,6192,4047,6171,1,1,4,20,41,137,440,737,1961,1,1,4,20,51,166,515,899,2528,22,49,180,167,173,232,207,228,645,0,0,0,0,10,29,75,162,567,2020-06-12 00:00:00
589,1213,5166,6306,6279,7597,6375,4252,6764,567,1166,4986,6141,6110,7366,6169,4026,6122,1,1,4,20,41,137,438,733,1946,1,1,4,20,51,166,512,893,2510,22,47,180,165,169,231,206,226,642,0,0,0,0,10,29,74,160,564,2020-06-11 00:00:00
579,1207,5119,6238,6244,7565,6362,4246,6754,557,1160,4939,6072,6074,7333,6156,4019,6112,1,1,4,20,41,137,437,731,1936,1,1,4,20,51,166,511,891,2500,22,47,180,166,170,232,206,227,642,0,0,0,0,10,29,74,160,564,2020-06-10 00:00:00
575,1203,5098,6224,6235,7553,6350,4230,6732,553,1156,4923,6061,6066,7322,6141,4004,6087,1,1,4,20,42,136,435,730,1914,1,1,4,20,52,165,510,888,2478,22,47,175,163,169,231,209,226,645,0,0,0,0,10,29,75,158,564,2020-06-09 00:00:00
570,1190,5077,6191,6207,7536,6331,4220,6711,548,1141,4894,6013,6027,7272,6108,3983,6063,1,1,4,20,42,134,433,723,1908,1,1,4,20,52,162,507,882,2467,22,49,183,178,180,264,223,237,648,0,0,0,0,10,28,74,159,559,2020-06-08 00:00:00
566,1186,5065,6175,6200,7529,6317,4214,6694,543,1135,4879,5991,6015,7256,6079,3966,6020,1,1,4,19,42,133,432,719,1888,1,1,4,19,52,161,506,879,2460,23,51,186,184,185,273,238,248,674,0,0,0,0,10,28,74,160,572,2020-06-07 00:00:00
564,1179,5038,6150,6186,7515,6310,4202,6679,541,1128,4853,5965,6001,7242,6071,3955,6007,1,1,4,18,42,133,430,718,1882,1,1,4,18,52,161,504,877,2452,23,51,185,185,185,273,239,247,672,0,0,0,0,10,28,74,159,570,2020-06-06 00:00:00
558,1172,5012,6125,6164,7493,6298,4195,6664,535,1121,4828,5940,5979,7218,6058,3948,5992,1,1,4,18,42,133,430,715,1874,1,1,4,18,52,161,503,873,2441,23,51,184,185,185,275,240,247,672,0,0,0,0,10,28,73,158,567,2020-06-05 00:00:00
540,1151,4950,6058,6110,7437,6269,4171,6640,517,1101,4765,5875,5925,7166,6028,3928,5961,1,1,4,18,42,133,425,712,1860,1,1,4,18,52,161,499,868,2433,23,50,185,183,185,271,241,243,679,0,0,0,0,10,28,74,156,573,2020-06-04 00:00:00
538,1136,4903,6021,6072,7405,6249,4165,6608,514,1088,4718,5840,5889,7136,6007,3919,5931,1,1,4,18,41,131,420,705,1850,1,1,4,18,51,159,495,859,2418,24,48,185,181,183,269,242,246,677,0,0,0,0,10,28,75,154,568,2020-06-03 00:00:00
530,1126,4886,5991,6059,7387,6226,4154,6581,508,1078,4704,5812,5877,7126,5990,3910,5908,1,1,4,18,42,129,419,702,1840,1,1,4,18,52,157,493,856,2406,22,48,182,179,182,261,236,244,673,0,0,0,0,10,28,74,154,566,2020-06-02 00:00:00
523,1117,4863,5980,6049,7386,6214,4152,6568,502,1073,4681,5798,5867,7123,5977,3908,5898,1,1,4,19,42,128,419,699,1826,1,1,4,19,52,157,493,853,2391,21,44,182,182,182,263,237,244,670,0,0,0,0,10,29,74,154,565,2020-06-01 00:00:00
515,1102,4829,5948,6015,7349,6198,4133,6527,494,1058,4648,5760,5835,7083,5954,3887,5837,1,1,4,19,42,125,419,688,1812,1,1,4,19,52,156,499,844,2393,21,44,181,188,180,266,244,246,690,0,0,0,0,10,31,80,156,581,2020-05-31 00:00:00
688,1464,5871,6743,6679,7991,6608,4443,6986,665,1406,5666,6575,6492,7754,6398,4209,6332,1,1,4,21,45,148,458,784,2035,1,1,4,21,57,178,540,952,2618,23,58,205,168,187,237,210,234,654,0,0,0,0,12,30,82,168,583,2020-07-13 00:00:00
693,1473,5892,6762,6691,8003,6621,4449,6992,670,1415,5687,6594,6504,7766,6411,4215,6338,1,1,4,21,45,148,458,788,2039,1,1,4,21,57,178,540,956,2622,23,58,205,168,187,237,210,234,654,0,0,0,0,12,30,82,168,583,2020-07-14 00:00:00
693,1486,5925,6779,6704,8021,6641,4448,6995,671,1429,5721,6610,6517,7784,6431,4216,6341,1,1,4,21,45,148,460,789,2046,1,1,4,21,57,178,542,956,2629,22,57,204,169,187,237,210,232,654,0,0,0,0,12,30,82,167,583,2020-07-15 00:00:00
697,1500,5950,6799,6721,8042,6658,4458,7011,675,1443,5745,6630,6534,7804,6448,4225,6356,1,1,4,21,44,150,460,789,2049,1,1,4,21,56,181,542,957,2633,22,57,205,169,187,238,210,233,655,0,0,0,0,12,31,82,168,584,2020-07-16 00:00:00
703,1522,5994,6821,6745,8062,6662,4466,7024,681,1465,5790,6652,6559,7824,6452,4234,6365,1,1,4,21,44,150,460,790,2054,1,1,4,21,56,181,542,958,2642,22,57,204,169,186,238,210,232,659,0,0,0,0,12,31,82,168,588,2020-07-19 00:00:00
705,1535,6004,6829,6751,8067,6662,4463,7024,683,1478,5800,6660,6565,7832,6452,4232,6365,1,1,4,21,44,150,460,791,2055,1,1,4,21,56,180,542,958,2643,22,57,204,169,186,235,210,231,659,0,0,0,0,12,30,82,167,588,2020-07-20 00:00:00
713,1555,6031,6842,6758,8091,6674,4471,7033,691,1490,5819,6668,6570,7848,6457,4238,6374,1,1,4,21,44,150,460,790,2056,1,1,4,21,56,180,542,957,2644,22,65,212,174,188,243,217,233,659,0,0,0,0,12,30,82,167,588,2020-07-21 00:00:00
714,1563,6050,6856,6766,8096,6674,4464,6994,692,1498,5838,6683,6578,7854,6456,4231,6335,1,1,4,21,44,150,460,793,2056,1,1,4,21,56,180,543,960,2644,22,65,212,173,188,242,218,233,659,0,0,0,0,12,30,83,167,588,2020-07-22 00:00:00
730,1645,6170,6938,6844,8165,6724,4483,7022,709,1585,5975,6774,6663,7930,6508,4252,6362,1,1,4,21,44,150,460,793,2057,1,1,4,21,56,180,543,960,2647,21,60,195,164,181,235,216,231,660,0,0,0,0,12,30,83,167,590,2020-07-23 00:00:00
744,1690,6225,6979,6857,8190,6730,4491,7022,723,1620,6026,6815,6673,7953,6513,4260,6363,1,1,4,21,44,150,459,794,2062,1,1,4,21,56,180,542,961,2652,21,70,199,164,184,237,217,231,659,0,0,0,0,12,30,83,167,590,2020-07-26 00:00:00
749,1709,6244,6991,6870,8202,6736,4496,7025,728,1640,6045,6827,6686,7965,6519,4266,6365,1,1,4,21,45,151,459,796,2063,1,1,4,21,57,181,542,962,2654,21,69,199,164,184,237,217,230,660,0,0,0,0,12,30,83,166,591,2020-07-27 00:00:00
757,1740,6330,7099,6948,8282,6775,4508,7046,736,1676,6141,6936,6766,8050,6564,4278,6386,1,1,4,21,45,152,460,796,2064,1,1,4,21,57,182,542,962,2655,21,64,189,163,182,232,211,230,660,0,0,0,0,12,30,82,166,591,2020-07-28 00:00:00
763,1775,6357,7122,6953,8299,6784,4514,7048,742,1711,6168,6962,6771,8069,6574,4284,6388,1,1,4,21,45,152,460,798,2068,1,1,4,21,57,182,542,964,2659,21,64,189,160,182,230,210,230,660,0,0,0,0,12,30,82,166,591,2020-07-29 00:00:00
775,1797,6395,7149,6974,8315,6789,4513,7048,753,1732,6206,6987,6793,8084,6579,4284,6388,1,1,4,21,45,152,461,798,2068,1,1,4,21,57,182,543,964,2659,22,65,189,162,181,231,210,229,660,0,0,0,0,12,30,82,166,591,2020-07-30 00:00:00
788,1841,6450,7199,7012,8344,6804,4519,7051,766,1775,6256,7035,6829,8111,6594,4289,6391,1,1,4,21,45,152,462,799,2070,1,1,4,21,57,182,544,966,2661,22,66,194,164,183,233,210,230,660,0,0,0,0,12,30,82,167,591,2020-08-02 00:00:00
786,1848,6463,7208,7022,8347,6808,4522,7052,764,1782,6269,7045,6838,8115,6598,4292,6392,1,1,4,21,45,152,462,799,2070,1,1,4,21,57,182,544,966,2661,22,66,194,163,184,232,210,230,660,0,0,0,0,12,30,82,167,591,2020-08-03 00:00:00
793,1869,6481,7231,7042,8358,6816,4527,7054,771,1802,6287,7068,6859,8127,6606,4297,6394,1,1,4,21,45,152,462,799,2070,1,1,4,21,57,182,544,966,2661,22,67,194,163,183,231,210,230,660,0,0,0,0,12,30,82,167,591,2020-08-04 00:00:00
792,1871,6484,7233,7046,8363,6817,4529,7054,770,1804,6289,7069,6863,8129,6607,4299,6394,1,1,4,21,45,152,462,800,2069,1,1,4,21,57,182,544,967,2660,22,67,195,164,183,234,210,230,660,0,0,0,0,12,30,82,167,591,2020-08-05 00:00:00
795,1880,6499,7239,7056,8380,6826,4531,7056,772,1813,6304,7076,6872,8146,6615,4301,6395,1,1,4,21,45,152,462,800,2072,1,1,4,21,57,182,544,967,2664,23,67,195,163,184,234,211,230,661,0,0,0,0,12,30,82,167,592,2020-08-06 00:00:00
810,1915,6547,7281,7101,8414,6844,4538,7059,787,1847,6348,7115,6912,8180,6633,4307,6397,1,1,4,21,45,152,462,800,2074,1,1,4,21,57,182,544,967,2667,23,68,199,166,189,234,211,231,662,0,0,0,0,12,30,82,167,593,2020-08-09 00:00:00
817,1927,6572,7297,7118,8430,6853,4547,7063,794,1858,6370,7132,6929,8194,6642,4316,6402,1,1,4,21,45,152,462,800,2075,1,1,4,21,57,182,544,967,2667,23,69,202,165,189,236,211,231,661,0,0,0,0,12,30,82,167,592,2020-08-10 00:00:00
817,1932,6573,7299,7121,8435,6856,4549,7064,794,1862,6371,7134,6931,8197,6645,4316,6402,1,1,4,21,45,152,463,801,2078,1,1,4,21,57,182,546,968,2670,23,70,202,165,190,238,211,233,662,0,0,0,0,12,30,83,167,592,2020-08-11 00:00:00
820,1947,6591,7314,7132,8440,6867,4550,7067,797,1877,6386,7146,6941,8202,6656,4317,6405,1,1,4,21,45,152,463,801,2078,1,1,4,21,57,182,546,968,2670,23,70,205,168,191,238,211,233,662,0,0,0,0,12,30,83,167,592,2020-08-12 00:00:00
826,1955,6620,7331,7151,8455,6879,4556,7071,804,1886,6415,7164,6959,8216,6667,4321,6409,1,1,4,21,45,152,463,801,2081,1,1,4,21,57,182,546,968,2673,22,69,205,167,192,239,212,235,662,0,0,0,0,12,30,83,167,592,2020-08-13 00:00:00
846,2009,6694,7407,7205,8502,6900,4572,7079,823,1939,6487,7237,7012,8261,6691,4337,6418,1,1,4,21,45,152,463,804,2081,1,1,4,21,57,182,546,971,2673,23,70,207,170,193,241,209,235,661,0,0,0,0,12,30,83,167,592,2020-08-16 00:00:00
846,2012,6697,7407,7204,8500,6897,4567,7072,823,1941,6490,7236,7011,8259,6688,4332,6410,1,1,4,21,45,152,463,804,2080,1,1,4,21,57,182,546,971,2673,23,71,207,171,193,241,209,235,662,0,0,0,0,12,30,83,167,593,2020-08-17 00:00:00
848,2023,6707,7419,7211,8510,6901,4567,7075,825,1950,6497,7249,7017,8268,6692,4332,6413,1,1,4,21,45,152,463,804,2081,1,1,4,21,57,182,546,971,2674,23,73,210,170,194,242,209,235,662,0,0,0,0,12,30,83,167,593,2020-08-18 00:00:00
856,2035,6733,7436,7225,8529,6910,4575,7080,833,1962,6520,7264,7032,8285,6701,4341,6418,1,1,4,21,45,152,463,804,2081,1,1,4,21,57,182,546,971,2675,23,73,213,172,193,244,209,234,662,0,0,0,0,12,30,83,167,594,2020-08-19 00:00:00
862,2050,6751,7442,7237,8540,6919,4578,7087,839,1975,6536,7268,7042,8293,6709,4344,6425,1,1,4,21,45,153,463,805,2081,1,1,4,21,57,183,546,972,2675,23,75,215,174,195,247,210,234,662,0,0,0,0,12,30,83,167,594,2020-08-20 00:00:00
890,2124,6872,7533,7305,8606,6940,4594,7094,864,2046,6648,7351,7106,8359,6730,4358,6432,1,1,4,21,45,153,463,805,2081,1,1,4,21,57,183,546,972,2675,26,78,224,182,199,247,210,236,662,0,0,0,0,12,30,83,167,594,2020-08-23 00:00:00
894,2129,6884,7542,7308,8611,6944,4594,7090,868,2051,6659,7361,7108,8364,6734,4358,6432,1,1,4,21,45,153,463,808,2084,1,1,4,21,57,183,546,975,2675,26,78,225,181,200,247,210,236,658,0,0,0,0,12,30,83,167,591,2020-08-24 00:00:00
904,2152,6936,7573,7338,8633,6958,4598,7094,878,2072,6704,7390,7138,8384,6746,4361,6435,1,1,4,21,45,153,463,806,2085,1,1,4,21,57,183,546,974,2676,26,80,232,183,200,249,212,237,659,0,0,0,0,12,30,83,168,591,2020-08-25 00:00:00
912,2178,6965,7600,7351,8650,6969,4602,7096,885,2096,6733,7415,7150,8399,6757,4364,6437,1,1,4,21,45,153,463,807,2084,1,1,4,21,57,183,547,975,2676,27,82,232,185,201,251,212,238,659,0,0,0,0,12,30,84,168,592,2020-08-26 00:00:00
922,2210,7004,7622,7366,8662,6978,4606,7098,895,2125,6764,7435,7165,8411,6766,4368,6439,1,1,4,21,45,153,463,807,2084,1,1,4,21,57,183,547,975,2676,27,85,240,187,201,251,212,238,659,0,0,0,0,12,30,84,168,592,2020-08-27 00:00:00
941,2273,7102,7692,7417,8717,6994,4610,7106,915,2187,6856,7503,7212,8459,6782,4373,6447,1,1,4,21,45,153,463,807,2085,1,1,4,21,57,183,547,974,2677,26,86,246,189,205,258,212,237,659,0,0,0,0,12,30,84,167,592,2020-08-30 00:00:00
945,2291,7144,7718,7422,8732,6999,4618,7110,919,2206,6898,7529,7218,8475,6787,4381,6451,1,1,4,21,45,153,463,808,2085,1,1,4,21,57,183,547,975,2677,26,85,246,189,204,257,212,237,659,0,0,0,0,12,30,84,167,592,2020-08-31 00:00:00
949,2314,7161,7737,7433,8746,7008,4621,7112,922,2226,6913,7549,7228,8488,6796,4384,6453,1,1,4,21,45,153,463,809,2085,1,1,4,21,57,183,547,976,2677,27,88,248,188,205,258,212,237,659,0,0,0,0,12,30,84,167,592,2020-09-01 00:00:00
953,2331,7188,7748,7444,8760,7017,4623,7118,926,2241,6939,7560,7240,8501,6805,4386,6459,1,1,4,21,45,153,464,809,2085,1,1,4,21,57,183,548,976,2677,27,90,249,188,204,259,212,237,659,0,0,0,0,12,30,84,167,592,2020-09-02 00:00:00
960,2357,7234,7764,7465,8779,7028,4630,7121,932,2267,6981,7574,7258,8520,6815,4393,6462,1,1,4,21,45,153,464,809,2085,1,1,4,21,57,183,548,976,2677,28,90,253,190,207,259,213,237,659,0,0,0,0,12,30,84,167,592,2020-09-03 00:00:00
972,2438,7355,7832,7499,8829,7051,4648,7131,944,2337,7091,7629,7289,8567,6837,4410,6471,1,1,4,21,46,154,466,810,2086,1,1,4,21,58,184,550,977,2678,28,101,264,203,210,262,214,238,660,0,0,0,0,12,30,84,167,592,2020-09-07 00:00:00
975,2459,7383,7845,7504,8840,7053,4649,7136,947,2350,7114,7640,7294,8577,6838,4411,6476,1,1,4,21,46,154,466,810,2086,1,1,4,21,58,184,550,977,2678,28,109,269,205,210,263,215,238,660,0,0,0,0,12,30,84,167,592,2020-09-08 00:00:00
981,2490,7455,7874,7535,8864,7072,4654,7141,952,2382,7180,7667,7324,8599,6857,4416,6481,1,1,4,21,46,154,468,811,2087,1,1,4,21,58,184,552,978,2679,29,108,275,207,211,265,215,238,660,0,0,0,0,12,30,84,167,592,2020-09-09 00:00:00
993,2540,7528,7905,7567,8887,7079,4657,7143,964,2427,7250,7700,7349,8620,6864,4419,6483,1,1,4,21,46,154,468,811,2089,1,1,4,21,58,184,552,978,2681,29,113,278,205,218,267,215,238,660,0,0,0,0,12,30,84,167,592,2020-09-10 00:00:00
1026,2637,7677,8003,7627,8960,7108,4678,7152,996,2518,7383,7794,7407,8691,6894,4436,6486,1,1,4,21,46,153,468,811,2085,1,1,4,21,58,184,552,981,2683,30,119,294,209,220,269,214,242,666,0,0,0,0,12,31,84,170,598,2020-09-13 00:00:00
1034,2663,7710,8023,7646,8972,7124,4679,7153,1004,2544,7422,7814,7426,8704,6910,4437,6487,1,1,4,21,46,153,468,811,2085,1,1,4,21,58,184,552,981,2683,30,119,288,209,220,268,214,242,666,0,0,0,0,12,31,84,170,598,2020-09-14 00:00:00
1042,2684,7734,8044,7669,8991,7131,4685,7159,1012,2559,7442,7829,7446,8720,6917,4442,6492,1,1,4,21,46,153,468,812,2086,1,1,4,21,58,184,552,982,2684,30,125,292,215,223,271,214,243,667,0,0,0,0,12,31,84,170,598,2020-09-15 00:00:00
1059,2725,7781,8088,7698,9012,7151,4686,7159,1030,2599,7486,7869,7471,8741,6937,4443,6492,1,1,4,21,46,153,469,811,2087,1,1,4,21,58,184,553,981,2685,29,126,295,219,227,271,214,243,667,0,0,0,0,12,31,84,170,598,2020-09-16 00:00:00
1075,2743,7818,8102,7723,9026,7159,4691,7163,1045,2614,7520,7882,7495,8754,6945,4448,6496,1,1,4,21,46,153,469,813,2089,1,1,4,21,58,184,553,983,2687,30,129,298,220,228,272,214,243,667,0,0,0,0,12,31,84,170,598,2020-09-17 00:00:00
1106,2818,7928,8180,7784,9099,7197,4712,7172,1074,2686,7618,7959,7555,8824,6982,4469,6505,1,1,4,21,46,154,470,814,2089,1,1,4,21,58,185,554,984,2687,32,132,310,221,229,275,215,243,667,0,0,0,0,12,31,84,170,598,2020-09-20 00:00:00
1111,2845,7961,8191,7804,9121,7207,4719,7173,1079,2711,7647,7969,7570,8844,6992,4476,6506,1,1,4,21,46,154,470,814,2090,1,1,4,21,58,185,554,984,2688,32,134,314,222,234,277,215,243,667,0,0,0,0,12,31,84,170,598,2020-09-21 00:00:00
1121,2868,7993,8220,7824,9139,7221,4724,7177,1088,2733,7681,7999,7592,8862,7005,4480,6509,1,1,4,21,46,154,470,814,2090,1,1,4,21,58,185,554,984,2689,33,135,312,221,232,277,216,244,668,0,0,0,0,12,31,84,170,599,2020-09-22 00:00:00
1126,2884,8018,8251,7851,9166,7240,4726,7182,1093,2747,7705,8027,7616,8886,7023,4482,6514,1,1,4,21,46,154,471,814,2091,1,1,4,21,58,185,555,984,2690,33,137,313,224,235,280,217,244,668,0,0,0,0,12,31,84,170,599,2020-09-23 00:00:00
1128,2903,8044,8268,7865,9186,7254,4728,7183,1095,2764,7727,8042,7630,8905,7034,4484,6515,1,1,4,21,46,154,471,814,2092,1,1,4,21,58,186,555,984,2691,33,139,317,226,235,281,220,244,668,0,0,0,0,12,32,84,170,599,2020-09-24 00:00:00
1165,2975,8173,8348,7933,9258,7298,4751,7218,1130,2832,7851,8113,7693,8972,7077,4506,6549,1,1,4,21,46,154,472,814,2093,1,1,4,21,58,186,556,984,2692,35,143,322,235,240,286,221,245,669,0,0,0,0,12,32,84,170,599,2020-09-27 00:00:00
1174,3007,8224,8379,7950,9278,7310,4759,7221,1139,2862,7900,8142,7710,8992,7089,4514,6552,1,1,4,21,46,154,472,814,2095,1,1,4,21,58,186,556,984,2694,35,145,324,237,240,286,221,245,669,0,0,0,0,12,32,84,170,599,2020-09-28 00:00:00
1195,3037,8270,8415,7982,9302,7323,4773,7226,1159,2887,7946,8177,7738,9016,7103,4528,6556,1,1,4,21,46,154,473,815,2095,1,1,4,21,58,186,557,985,2695,36,150,324,238,244,286,220,245,670,0,0,0,0,12,32,84,170,600,2020-09-29 00:00:00
1208,3062,8311,8451,8006,9327,7331,4787,7232,1170,2907,7985,8211,7759,9039,7112,4542,6562,1,1,4,21,46,156,473,816,2095,1,1,4,21,58,188,557,986,2695,38,155,326,240,247,288,219,245,670,0,0,0,0,12,32,84,170,600,2020-09-30 00:00:00
1240,3189,8465,8526,8059,9379,7363,4811,7237,1202,3035,8142,8285,7813,9090,7144,4565,6566,1,1,4,21,46,156,473,816,2096,1,1,4,21,58,188,557,986,2697,38,154,323,241,246,289,219,246,671,0,0,0,0,12,32,84,170,601,2020-10-01 00:00:00
1294,3270,8630,8697,8162,9466,7446,4843,7285,1255,3121,8312,8456,7926,9180,7226,4599,6613,2102,1,1,4,21,48,154,474,814,2702,1,1,4,21,60,185,558,985,39,149,318,241,236,286,220,244,672,0,0,0,0,12,31,84,171,600,2020-10-04 00:00:00
1303,3292,8651,8727,8169,9475,7458,4854,7285,1264,3148,8334,8485,7931,9189,7236,4609,6614,1,1,4,21,48,155,475,814,2104,1,1,4,21,60,186,559,985,2704,39,144,317,242,238,286,222,245,671,0,0,0,0,12,31,84,171,600,2020-10-05 00:00:00
1305,3319,8708,8729,8200,9500,7449,4864,7263,1266,3176,8390,8492,7960,9216,7227,4618,6594,1,1,4,21,48,157,474,815,2103,1,1,4,21,60,189,558,985,2703,39,143,318,237,240,284,222,246,669,0,0,0,0,12,32,84,170,600,2020-10-06 00:00:00
1322,3376,8787,8793,8261,9553,7479,4876,7273,1284,3231,8468,8551,8019,9269,7255,4631,6604,1,1,4,21,48,157,474,818,2105,1,1,4,21,60,189,558,988,2705,38,145,319,242,242,284,224,245,669,0,0,0,0,12,32,84,170,600,2020-10-07 00:00:00
1337,3418,8844,8839,8300,9592,7497,4893,7291,1298,3269,8522,8591,8052,9307,7272,4648,6620,1,1,4,21,48,157,474,818,2107,1,1,4,21,60,189,558,988,2708,39,149,322,248,248,285,225,245,671,0,0,0,0,12,32,84,170,601,2020-10-08 00:00:00
1410,3585,9198,9041,8467,9756,7606,4942,7342,1372,3432,8860,8796,8224,9469,7380,4696,6672,1,1,4,21,48,157,474,819,2108,1,1,4,21,60,189,558,989,2709,38,153,338,245,243,287,226,246,670,0,0,0,0,12,32,84,170,601,2020-10-11 00:00:00
1429,3618,9268,9089,8517,9805,7632,4958,7350,1391,3464,8930,8844,8273,9518,7404,4712,6679,1,1,4,21,48,157,474,819,2109,1,1,4,21,60,189,558,989,2710,38,154,338,245,244,287,228,246,671,0,0,0,0,12,32,84,170,601,2020-10-12 00:00:00
1432,3631,9297,9117,8535,9835,7655,4969,7359,1393,3475,8958,8868,8289,9545,7424,4722,6688,1,1,4,21,48,157,476,820,2109,1,1,4,21,60,189,560,991,2710,39,156,339,249,246,290,231,247,671,0,0,0,0,12,32,84,171,601,2020-10-13 00:00:00
1441,3655,9329,9147,8555,9850,7666,4977,7377,1402,3497,8983,8889,8304,9558,7435,4727,6706,1,1,4,21,48,157,476,821,2111,1,1,4,21,60,189,560,992,2712,39,158,346,258,251,292,231,250,671,0,0,0,0,12,32,84,171,601,2020-10-14 00:00:00
1478,3739,9485,9292,8681,9961,7749,5004,7411,1439,3578,9136,9031,8430,9665,7515,4754,6739,1,1,4,21,48,157,476,821,2112,1,1,4,21,60,189,560,992,2714,39,161,349,261,251,296,234,250,672,0,0,0,0,12,32,84,171,602,2020-10-15 00:00:00
1537,3895,9752,9492,8830,10129,7856,5049,7451,1495,3728,9391,9215,8573,9819,7622,4798,6778,1,1,4,21,48,157,479,825,2116,1,1,4,21,60,189,563,996,2719,42,167,361,277,257,310,234,251,673,0,0,0,0,12,32,84,171,603,2020-10-18 00:00:00
1559,3935,9835,9557,8893,10194,7906,5076,7470,1517,3768,9468,9283,8631,9883,7669,4827,6795,1,1,4,21,47,158,479,828,2119,1,1,4,21,59,190,563,999,2721,42,167,367,274,262,311,237,249,675,0,0,0,0,12,32,84,171,602,2020-10-19 00:00:00
1582,3977,9920,9642,8959,10246,7936,5092,7487,1539,3808,9554,9361,8690,9936,7697,4842,6812,1,1,4,21,48,159,479,829,2124,1,1,4,21,60,191,563,1000,2726,43,169,366,281,269,310,239,250,675,0,0,0,0,12,32,84,171,602,2020-10-20 00:00:00
1605,4043,10035,9722,9024,10317,7984,5112,7506,1558,3883,9667,9437,8748,9999,7742,4859,6831,1,1,4,21,48,159,479,830,2124,1,1,4,21,60,191,563,1002,2726,47,160,368,285,276,318,242,253,675,0,0,0,0,12,32,84,172,602,2020-10-21 00:00:00
1647,4115,10186,9860,9114,10412,8037,5130,7526,1600,3953,9804,9560,8832,10090,7794,4876,6848,1,1,4,21,48,159,479,831,2130,1,1,4,21,60,191,563,1003,2733,47,162,382,300,282,322,243,254,678,0,0,0,0,12,32,84,172,603,2020-10-22 00:00:00
1779,4345,10598,10198,9395,10702,8236,5230,7591,1725,4178,10221,9903,9117,10378,7993,4977,6910,1,1,4,21,48,158,480,833,2137,1,1,4,21,60,190,564,1005,2743,54,167,377,295,278,324,243,253,681,0,0,0,0,12,32,84,172,606,2020-10-25 00:00:00
1801,4397,10712,10300,9465,10779,8296,5255,7607,1742,4225,10322,9994,9176,10449,8050,5001,6923,1,1,4,21,48,159,481,835,2137,1,1,4,21,60,191,565,1006,2746,59,172,390,306,289,330,246,254,684,0,0,0,0,12,32,84,171,609,2020-10-26 00:00:00
1834,4442,10782,10389,9537,10858,8347,5276,7637,1774,4267,10386,10072,9243,10522,8099,5021,6954,1,1,4,21,48,159,483,838,2142,1,1,4,21,60,191,567,1009,2750,60,175,396,317,294,336,248,255,683,0,0,0,0,12,32,84,171,608,2020-10-27 00:00:00
1913,4610,11098,10624,9736,11039,8422,5317,7662,1817,4329,10506,10153,9324,10599,8134,5044,6971,1,1,4,22,48,159,484,838,2145,1,1,4,22,60,191,568,1009,2753,96,281,592,471,412,440,288,273,691,0,0,0,0,12,32,84,171,608,2020-10-28 00:00:00
1944,4688,11278,10750,9832,11153,8502,5352,7683,1846,4393,10652,10246,9409,10688,8201,5076,6989,1,1,4,22,48,159,486,839,2148,1,1,4,22,60,191,570,1010,2757,98,295,626,504,423,465,301,276,694,0,0,0,0,12,32,84,171,609,2020-10-29 00:00:00
2109,5012,11810,11254,10205,11504,8708,5480,7752,1984,4657,11106,10674,9742,11001,8387,5201,7056,1,1,4,23,48,159,488,840,2154,1,1,4,23,60,191,573,1011,2763,125,355,704,580,463,503,321,279,696,0,0,0,0,12,32,85,171,609,2020-11-01 00:00:00
2173,5115,12012,11440,10351,11650,8789,5516,7773,2046,4751,11292,10852,9879,11134,8462,5235,7077,1,1,4,23,48,161,490,841,2157,1,1,4,23,60,193,575,1012,2766,127,364,720,588,472,516,327,281,696,0,0,0,0,12,32,85,171,609,2020-11-02 00:00:00
2208,5176,12115,11535,10422,11732,8831,5546,7784,2078,4806,11389,10935,9950,11209,8503,5262,7088,1,1,4,23,48,161,493,843,2162,1,1,4,23,60,193,578,1014,2771,130,370,726,600,472,523,328,284,696,0,0,0,0,12,32,85,171,609,2020-11-03 00:00:00
2288,5377,12462,11812,10641,11957,8977,5642,7871,2141,4950,11604,11100,10078,11351,8579,5306,7134,1,1,4,23,48,162,493,844,2168,1,1,4,23,61,194,578,1016,2778,147,427,858,712,563,606,398,336,737,0,0,0,0,13,32,85,172,610,2020-11-04 00:00:00
2353,5509,12677,11979,10801,12125,9054,5692,7901,2202,5064,11778,11251,10227,11498,8655,5352,7160,1,1,4,23,48,162,495,846,2177,1,1,4,23,61,195,580,1018,2788,151,445,899,728,574,627,399,340,741,0,0,0,0,13,33,85,172,611,2020-11-05 00:00:00
2526,5976,13419,12508,11261,12562,9330,5828,8017,2364,5488,12428,11727,10658,11913,8910,5480,7268,1,1,4,23,49,163,498,852,2187,1,1,4,23,62,196,585,1025,2800,162,488,991,781,603,649,420,348,749,0,0,0,0,13,33,87,173,613,2020-11-08 00:00:00
2613,6146,13749,12780,11450,12776,9454,5909,8075,2449,5653,12748,11986,10845,12108,9023,5557,7319,1,1,4,23,49,163,499,852,2193,1,1,4,23,62,197,587,1025,2807,164,493,1001,794,605,668,431,352,756,0,0,0,0,13,34,88,173,614,2020-11-09 00:00:00
2718,6357,14142,13081,11691,13031,9591,5989,8106,2549,5847,13119,12263,11068,12333,9151,5635,7348,1,1,4,23,49,164,499,855,2195,1,1,4,23,62,199,588,1028,2810,169,510,1023,818,623,698,440,354,758,0,0,0,0,13,35,89,173,615,2020-11-10 00:00:00
2760,6523,14391,13254,11842,13189,9692,6050,8162,2581,5966,13315,12390,11176,12451,9235,5686,7396,1,1,4,23,50,165,500,854,2200,1,1,4,23,63,200,592,1028,2814,179,557,1076,864,666,738,457,364,766,0,0,0,0,13,35,92,174,614,2020-11-11 00:00:00
2909,6881,15016,13719,12234,13540,9930,6144,8236,2726,6318,13910,12826,11555,12788,9469,5775,7467,1,1,4,23,50,164,500,860,2204,1,1,4,23,64,199,592,1034,2819,183,563,1106,893,679,752,461,369,769,0,0,0,0,14,35,92,174,615,2020-11-12 00:00:00
3188,7540,15859,14424,12894,14257,10367,6344,8374,2995,6926,14683,13487,12191,13468,9881,5963,7602,1,1,4,23,50,164,503,863,2218,1,1,4,23,64,199,594,1037,2836,193,614,1176,937,703,789,486,381,772,0,0,0,0,14,35,91,174,618,2020-11-15 00:00:00
3256,7756,16199,14716,13137,14510,10527,6415,8433,3056,7103,14925,13729,12374,13673,10016,6026,7654,1,1,4,23,50,165,503,867,2225,1,1,4,23,64,200,594,1041,2843,200,653,1274,987,763,837,511,389,779,0,0,0,0,14,35,91,174,618,2020-11-16 00:00:00
3385,8013,16605,15014,13404,14816,10739,6513,8502,3183,7346,15313,14012,12635,13967,10215,6117,7720,1,1,4,23,50,166,505,869,2230,1,1,4,23,64,201,596,1043,2851,202,667,1292,1002,769,849,524,396,782,0,0,0,0,14,35,91,174,621,2020-11-17 00:00:00
3526,8294,17031,15384,13730,15185,10974,6623,8595,3315,7590,15697,14329,12921,14309,10421,6212,7808,1,1,4,23,50,166,507,870,2240,1,1,4,23,64,201,599,1047,2865,211,704,1334,1055,809,876,553,411,787,0,0,0,0,14,35,92,177,625,2020-11-18 00:00:00
3626,8590,17437,15745,14019,15490,11159,6700,8662,3410,7851,16039,14624,13159,14588,10596,6270,7865,1,1,4,23,51,167,508,874,2249,1,1,4,23,65,202,599,1055,2878,216,739,1398,1121,860,902,563,430,797,0,0,0,0,14,35,91,181,629,2020-11-19 00:00:00
3955,9266,18413,16558,14749,16293,11665,6941,8858,3719,8475,16923,15377,13837,15327,11069,6514,8048,1,1,4,23,53,167,516,882,2268,1,1,4,23,67,202,609,1063,2901,236,791,1490,1181,912,966,596,427,810,0,0,0,0,14,35,93,181,633,2020-11-22 00:00:00
3972,9321,18502,16646,14834,16385,11714,6971,8891,3737,8526,17007,15459,13922,15413,11116,6544,8072,1,1,4,23,53,168,518,884,2270,1,1,5,23,67,203,611,1065,2905,235,795,1495,1187,912,972,598,427,819,0,0,1,0,14,35,93,181,635,2020-11-23 00:00:00
4099,9566,18805,16982,15078,16652,11904,7053,8967,3855,8753,17286,15779,14148,15660,11292,6616,8127,1,1,4,24,54,170,522,892,2289,1,1,5,24,68,205,616,1075,2931,244,813,1519,1203,930,992,612,437,840,0,0,1,0,14,35,94,183,642,2020-11-24 00:00:00
