"","","Deaths by Race and Ethnicity","","","","","","","","","","","","","","","","",""
"","","Not Hispanic","","","","","","Hispanic","","","","","","Unknown Ethnicity","","","","",""
"County","Total Deaths","Black or African 
American","White","American 
Indian or Alaska 
Native","Asian","Other","Unknown","Black or African 
American","White","American 
Indian or Alaska 
Native","Asian","Other","Unknown","Black or African 
American","White","American 
Indian or Alaska 
Native","Asian","Other","Unknown"
"WINSTON","19","13","5","0","0","1","0","0","0","0","0","0","0","0","0","0","0","0","0"
"YALOBUSHA","14","4","5","0","0","0","0","0","1","0","0","0","0","1","0","0","0","0","3"
"YAZOO","25","17","6","0","0","0","0","0","0","0","0","0","0","1","0","0","0","0","1"
"Total","2734","1147","1089","65","3","15","3","4","18","1","0","13","1","130","152","19","3","22","49"
