state,stateAbbrev,date,Cases,Tested,Deaths,Age [0-4],Age [5-12],Age [13-18],Age [19-24],Age [25-49],Age [50-64],Age [65+],Sex_Cases [Female],Sex_Cases [Male],Sex_Cases [Neither],Sex_Cases [Unknown],Race_Cases [African American/Black],Race_Cases [Asian],Race_Cases [White],Race_Cases [Other],Race_Cases [Not reported],Hospitalizations,Hospitalized_Age [0-29],Hospitalized_Age [30-49],Hospitalized_Age [50-64],Hospitalized_Age [65-79],Hospitalized_Age [80+],pullTime,Hospitalized_Age [0-4],Hospitalized_Age [5-12],Hospitalized_Age [13-18],Hospitalized_Age [19-24],Hospitalized_Age [25-49],Hospitalized_Age [65+],ProbableCases,Age_Cases [0-9],Age_Cases [10-19],Age_Cases [20-29],Age_Cases [30-39],Age_Cases [40-49],Age_Cases [50-59],Age_Cases [60-69],Age_Cases [70-79],Age_Cases [80-89],Age_Cases [90-99],Age_Cases [9100],Age_Cases [Not Reported],Age_Deaths [0-9],Age_Deaths [10-19],Age_Deaths [20-29],Age_Deaths [30-39],Age_Deaths [40-49],Age_Deaths [50-59],Age_Deaths [60-69],Age_Deaths [70-79],Age_Deaths [80-89],Age_Deaths [90-99],Age_Deaths [99100],Sex_Cases [Not Reported],Sex_Deaths [Female],Sex_Deaths [Male],Race_Deaths [African American/Black],Race_Deaths [Asian],Race_Deaths [Multiple/Other],Race_Deaths [White],Ethnicity_Cases [Hispanic],Ethnicity_Cases [Not Hispanic],Ethnicity_Cases [Not Reported],Unnamed: 69,Age_Deaths [<0-9],Age_Deaths [ 10-19],Age_Deaths [100+],Race_Cases [Unknown],Race_Cases [Black]
Pennsylvania,PA,2020-03-27,2218,23234,22,0.0,0.0,44.0,243.0,887.0,621.0,399.0,,,,,,,,,,241.0,,,65.0,,,2020-03-27 00:00:00,,,,,,,,,,,,,,,,,,,,,,,,,,,,,,,,,,,,,,,,,,,,,,
Pennsylvania,PA,2020-03-28,2751,28005,34,0.0,0.0,27.0,302.0,1072.0,770.0,522.0,,,,,,,,,,316.0,,,85.0,,,2020-03-28 00:00:00,,,,,,,,,,,,,,,,,,,,,,,,,,,,,,,,,,,,,,,,,,,,,,
Pennsylvania,PA,2020-03-29,3394,33455,38,0.0,0.0,33.0,339.0,1391.0,916.0,644.0,,,,,,,,,,353.0,,,95.0,,,2020-03-29 00:00:00,,,,,,,,,,,,,,,,,,,,,,,,,,,,,,,,,,,,,,,,,,,,,,
Pennsylvania,PA,2020-03-30,4087,37864,48,0.0,0.0,40.0,408.0,1675.0,1144.0,776.0,,,,,,,,,,386.0,,,96.0,,,2020-03-30 00:00:00,,,,,,,,,,,,,,,,,,,,,,,,,,,,,,,,,,,,,,,,,,,,,,
Pennsylvania,PA,2020-03-31,4843,42488,63,0.0,0.0,48.0,484.0,1985.0,1404.0,920.0,,,,,,,,,,514.0,,,133.0,,,2020-03-31 00:00:00,,,,,,,,,,,,,,,,,,,,,,,,,,,,,,,,,,,,,,,,,,,,,,
Pennsylvania,PA,2020-04-01,5805,48232,74,0.0,0.0,58.0,522.0,2322.0,1683.0,1102.0,,,,,,,,,,620.0,,,167.0,,,2020-04-01 00:00:00,,,,,,,,,,,,,,,,,,,,,,,,,,,,,,,,,,,,,,,,,,,,,,
Pennsylvania,PA,2020-04-02,7016,54714,90,0.0,0.0,70.0,631.0,2876.0,2034.0,1333.0,,,,,,,,,,730.0,,,204.0,,,2020-04-02 00:00:00,,,,,,,,,,,,,,,,,,,,,,,,,,,,,,,,,,,,,,,,,,,,,,
Pennsylvania,PA,2020-04-03,8420,62115,102,0.0,0.0,84.0,673.0,3452.0,2441.0,1684.0,,,,,,,,,,852.0,,,238.0,,,2020-04-03 00:00:00,,,,,,,,,,,,,,,,,,,,,,,,,,,,,,,,,,,,,,,,,,,,,,
Pennsylvania,PA,2020-04-04,10017,70030,136,0.0,0.0,100.0,801.0,4106.0,2904.0,2003.0,,,,,,,,,,1004.0,,,281.0,,,2020-04-04 00:00:00,,,,,,,,,,,,,,,,,,,,,,,,,,,,,,,,,,,,,,,,,,,,,,
Pennsylvania,PA,2020-04-05,11510,77771,150,0.0,0.0,115.0,920.0,4834.0,3337.0,2302.0,,,,,,,,,,1072.0,,,300.0,,,2020-04-05 00:00:00,,,,,,,,,,,,,,,,,,,,,,,,,,,,,,,,,,,,,,,,,,,,,,
Pennsylvania,PA,2020-04-06,12980,83854,162,0.0,0.0,129.0,908.0,5451.0,3764.0,2596.0,,,,,,,,,,1145.0,,,320.0,,,2020-04-06 00:00:00,,,,,,,,,,,,,,,,,,,,,,,,,,,,,,,,,,,,,,,,,,,,,,
Pennsylvania,PA,2020-04-07,14559,91278,240,0.0,0.0,145.0,1019.0,6114.0,4222.0,2911.0,,,,,,,,,,,,,,,,2020-04-07 00:00:00,,,,,,,,,,,,,,,,,,,,,,,,,,,,,,,,,,,,,,,,,,,,,,
Pennsylvania,PA,2020-04-08,16239,98538,309,0.0,0.0,162.0,1136.0,6657.0,4709.0,3247.0,,,,,,,,,,,,,,,,2020-04-08 00:00:00,,,,,,,,,,,,,,,,,,,,,,,,,,,,,,,,,,,,,,,,,,,,,,
Pennsylvania,PA,2020-04-09,18228,105602,338,0.0,0.0,182.0,1275.0,7473.0,5286.0,3827.0,,,,,,,,,,,,,,,,2020-04-09 00:00:00,,,,,,,,,,,,,,,,,,,,,,,,,,,,,,,,,,,,,,,,,,,,,,
Pennsylvania,PA,2020-04-10,19979,113019,416,0.0,0.0,199.0,1398.0,8191.0,5793.0,4195.0,,,,,,,,,,,,,,,,2020-04-10 00:00:00,,,,,,,,,,,,,,,,,,,,,,,,,,,,,,,,,,,,,,,,,,,,,,
Pennsylvania,PA,2020-04-11,21655,120153,494,0.0,0.0,216.0,1515.0,8878.0,6279.0,4547.0,,,,,,,,,,,,,,,,2020-04-11 00:00:00,,,,,,,,,,,,,,,,,,,,,,,,,,,,,,,,,,,,,,,,,,,,,,
Pennsylvania,PA,2020-04-12,22833,124890,507,0.0,0.0,228.0,1598.0,9361.0,6621.0,4794.0,,,,,,,,,,,,,,,,2020-04-12 00:00:00,,,,,,,,,,,,,,,,,,,,,,,,,,,,,,,,,,,,,,,,,,,,,,
Pennsylvania,PA,2020-04-13,24199,129792,524,0.0,0.0,241.0,1451.0,9921.0,7017.0,5081.0,,,,,,,,,,,,,,,,2020-04-13 00:00:00,,,,,,,,,,,,,,,,,,,,,,,,,,,,,,,,,,,,,,,,,,,,,,
Pennsylvania,PA,2020-04-14,25345,133631,584,0.0,0.0,253.0,1774.0,10138.0,7350.0,5575.0,,,,,,,,,,,,,,,,2020-04-14 00:00:00,,,,,,,,,,,,,,,,,,,,,,,,,,,,,,,,,,,,,,,,,,,,,,
Pennsylvania,PA,2020-04-15,26490,137584,647,0.0,0.0,264.0,1589.0,10596.0,7682.0,5827.0,,,,,,,,,,,,,,,,2020-04-15 00:00:00,,,,,,,,,,,,,,,,,,,,,,,,,,,,,,,,,,,,,,,,,,,,,,
Pennsylvania,PA,2020-04-16,27735,141470,707,0.0,0.0,277.0,1664.0,11094.0,8043.0,6379.0,14554.0,12717.0,1.0,463.0,2324.0,237.0,4540.0,83.0,20551.0,,,,,,,2020-04-16 00:00:00,,,,,,,,,,,,,,,,,,,,,,,,,,,,,,,,,,,,,,,,,,,,,,
Pennsylvania,PA,2020-04-17,29441,147373,756,0.0,0.0,294.0,1766.0,11776.0,8537.0,6771.0,15549.0,13426.0,2.0,464.0,2497.0,253.0,4876.0,91.0,21724.0,,,,,,,2020-04-17 18:49:07.535458,,,,,,,,,,,,,,,,,,,,,,,,,,,,,,,,,,,,,,,,,,,,,,
Pennsylvania,PA,2020-04-18,31069,153965,836,0.0,0.0,310.0,1864.0,12116.0,8699.0,7456.0,16455.0,14143.0,1.0,470.0,2670.0,269.0,5275.0,97.0,22758.0,,,,,,,2020-04-18 20:15:31.227859,,,,,,,,,,,,,,,,,,,,,,,,,,,,,,,,,,,,,,,,,,,,,,
Pennsylvania,PA,2020-04-19,32284,158854,1112,0.0,0.0,322.0,1937.0,12590.0,9039.0,7748.0,17184.0,14616.0,1.0,483.0,2792.0,290.0,5523.0,109.0,23570.0,,,,,,,2020-04-19 20:28:40.604829,,,,,,,,,,,,,,,,,,,,,,,,,,,,,,,,,,,,,,,,,,,,,,
Pennsylvania,PA,2020-04-20,33232,162952,1204,0.0,0.0,332.0,1993.0,12960.0,9304.0,7975.0,17744.0,14997.0,1.0,490.0,2878.0,301.0,5699.0,113.0,24241.0,,,,,,,2020-04-20 20:24:15.291536,,,,,,,,,,,,,,,,,,,,,,,,,,,,,,,,,,,,,,,,,,,,,,
Pennsylvania,PA,2020-04-21,34528,166851,1564,0.0,0.0,345.0,2071.0,13465.0,9667.0,8632.0,18332.0,15482.0,1.0,713.0,3097.0,321.0,6226.0,123.0,24761.0,,,,,,,2020-04-21 20:16:10.233968,,,,,,,,,,,,,,,,,,,,,,,,,,,,,,,,,,,,,,,,,,,,,,
Pennsylvania,PA,2020-04-22,35684,171956,1622,0.0,0.0,356.0,2141.0,13916.0,9991.0,8921.0,18959.0,16003.0,1.0,721.0,3289.0,339.0,6639.0,128.0,25289.0,2187.0,43.0,109.0,196.0,415.0,437.0,2020-04-22 21:18:13.994575,,,,,,,,,,,,,,,,,,,,,,,,,,,,,,,,,,,,,,,,,,,,,,
Pennsylvania,PA,2020-04-23,37053,179114,1421,0.0,0.0,370.0,2223.0,14450.0,10374.0,9263.0,19849.0,16680.0,1.0,523.0,3481.0,361.0,7051.0,145.0,26015.0,2187.0,43.0,109.0,218.0,437.0,459.0,2020-04-23 21:25:32.948849,,,,,,,,,,,,,,,,,,,,,,,,,,,,,,,,,,,,,,,,,,,,,,
Pennsylvania,PA,2020-04-24,38652,186143,1492,0.0,0.0,386.0,2319.0,14687.0,10822.0,9663.0,20790.0,17298.0,1.0,563.0,3719.0,384.0,7497.0,154.0,26898.0,2187.0,43.0,109.0,218.0,437.0,437.0,2020-04-24 20:42:55.583025,,,,,,,,,,,,,,,,,,,,,,,,,,,,,,,,,,,,,,,,,,,,,,
Pennsylvania,PA,2020-04-25,40049,192935,1537,0.0,0.0,400.0,2402.0,15218.0,11213.0,10412.0,21584.0,17902.0,2.0,561.0,3874.0,401.0,7949.0,169.0,27656.0,2187.0,43.0,109.0,218.0,437.0,437.0,2020-04-25 20:34:47.969921,,,,,,,,,,,,,,,,,,,,,,,,,,,,,,,,,,,,,,,,,,,,,,
Pennsylvania,PA,2020-04-26,41165,198593,1550,0.0,0.0,411.0,2469.0,15642.0,11114.0,10702.0,22236.0,18355.0,2.0,572.0,,420.0,8292.0,176.0,28250.0,2187.0,43.0,109.0,218.0,437.0,437.0,2020-04-26 20:08:03.237612,,,,,,,,,,,,,,,,,,,,,,,,,,,,,,,,,,,,,,,,,,,,,,
Pennsylvania,PA,2020-04-27,42050,203422,1597,0.0,0.0,420.0,2523.0,15979.0,11774.0,10933.0,22741.0,18725.0,2.0,582.0,4150.0,435.0,8542.0,185.0,28738.0,2187.0,43.0,109.0,218.0,415.0,415.0,2020-04-27 00:00:00,,,,,,,,,,,,,,,,,,,,,,,,,,,,,,,,,,,,,,,,,,,,,,
Pennsylvania,PA,2020-04-28,43264,209088,1716,0.0,0.0,432.0,2595.0,16440.0,11681.0,11248.0,23375.0,19311.0,2.0,576.0,4342.0,451.0,8935.0,195.0,29341.0,2187.0,43.0,109.0,218.0,437.0,437.0,2020-04-28 20:42:45.687593,,,,,,,,,,,,,,,,,,,,,,,,,,,,,,,,,,,,,,,,,,,,,,
Pennsylvania,PA,2020-04-29,44366,214883,2195,0.0,0.0,443.0,2661.0,16859.0,11978.0,11535.0,23992.0,19789.0,2.0,583.0,4538.0,466.0,9327.0,204.0,29831.0,2187.0,43.0,109.0,218.0,437.0,437.0,2020-04-29 20:01:27.443139,,,,,,,,,,,,,,,,,,,,,,,,,,,,,,,,,,,,,,,,,,,,,,
Pennsylvania,PA,2020-04-30,45763,221365,2292,0.0,0.0,457.0,2745.0,17389.0,12356.0,11898.0,24783.0,20384.0,2.0,594.0,4753.0,487.0,9774.0,213.0,30536.0,2187.0,43.0,109.0,218.0,437.0,415.0,2020-04-30 21:01:05.175259,,,,,,,,,,,,,,,,,,,,,,,,,,,,,,,,,,,,,,,,,,,,,,
Pennsylvania,PA,2020-05-01,46971,227448,2354,0.0,0.0,469.0,2818.0,17848.0,12682.0,12682.0,25452.0,20918.0,2.0,599.0,4951.0,519.0,10144.0,219.0,31138.0,2187.0,43.0,109.0,218.0,437.0,415.0,2020-05-01 20:31:41.061823,,,,,,,,,,,,,,,,,,,,,,,,,,,,,,,,,,,,,,,,,,,,,,
Pennsylvania,PA,2020-05-02,48305,235376,2418,0.0,0.0,483.0,2898.0,18355.0,13042.0,13042.0,26211.0,21483.0,3.0,608.0,5161.0,533.0,10600.0,227.0,31784.0,2187.0,43.0,109.0,218.0,437.0,437.0,2020-05-02 20:39:59.501414,,,,,,,,,,,,,,,,,,,,,,,,,,,,,,,,,,,,,,,,,,,,,,
Pennsylvania,PA,2020-05-03,49267,240641,2444,0.0,0.0,492.0,2956.0,18721.0,13302.0,13302.0,26763.0,21885.0,3.0,616.0,5280.0,556.0,10889.0,236.0,32306.0,2187.0,43.0,109.0,218.0,437.0,415.0,2020-05-03 20:39:53.419990,,,,,,,,,,,,,,,,,,,,,,,,,,,,,,,,,,,,,,,,,,,,,,
Pennsylvania,PA,2020-05-04,50092,245590,2458,0.0,0.0,500.0,3005.0,19034.0,13524.0,13524.0,27245.0,22231.0,3.0,613.0,5394.0,577.0,11098.0,240.0,32783.0,2187.0,43.0,109.0,218.0,415.0,415.0,2020-05-04 19:48:18.055530,,,,,,,,,,,,,,,,,,,,,,,,,,,,,,,,,,,,,,,,,,,,,,
Pennsylvania,PA,2020-05-05,50957,250882,3012,0.0,0.0,509.0,3057.0,19363.0,13758.0,13758.0,27713.0,22634.0,3.0,607.0,5548.0,592.0,11498.0,243.0,33076.0,2187.0,43.0,109.0,218.0,437.0,415.0,2020-05-05 20:22:34.307967,,,,,,,,,,,,,,,,,,,,,,,,,,,,,,,,,,,,,,,,,,,,,,
Pennsylvania,PA,2020-05-06,51845,256340,3106,0.0,0.0,518.0,3110.0,19182.0,13998.0,13998.0,28248.0,22987.0,3.0,607.0,5700.0,613.0,11937.0,254.0,33341.0,2187.0,43.0,109.0,218.0,437.0,415.0,2020-05-06 20:19:00.341738,,,,,,,,,,,,,,,,,,,,,,,,,,,,,,,,,,,,,,,,,,,,,,
Pennsylvania,PA,2020-05-07,52915,262788,3416,0.0,0.0,529.0,3174.0,19578.0,13757.0,14287.0,28844.0,23456.0,3.0,612.0,5909.0,631.0,12349.0,264.0,33762.0,2187.0,43.0,109.0,218.0,437.0,415.0,2020-05-07 21:00:10.630826,,,,,,,,,,,,,,,,,,,,,,,,,,,,,,,,,,,,,,,,,,,,,,
Pennsylvania,PA,2020-05-08,54238,270559,3616,0.0,0.0,542.0,3254.0,20068.0,14101.0,15186.0,29598.0,24025.0,3.0,612.0,6106.0,655.0,12792.0,271.0,34414.0,2187.0,43.0,109.0,218.0,437.0,415.0,2020-05-08 22:08:21.037680,,,,,,,,,,,,,,,,,,,,,,,,,,,,,,,,,,,,,,,,,,,,,,
Pennsylvania,PA,2020-05-09,55316,277107,3688,0.0,0.0,553.0,3318.0,20466.0,14382.0,15488.0,30212.0,24482.0,3.0,619.0,6262.0,671.0,13215.0,277.0,34891.0,2187.0,43.0,109.0,218.0,437.0,415.0,2020-05-09 20:32:23.864379,,,,,,,,,,,,,,,,,,,,,,,,,,,,,,,,,,,,,,,,,,,,,,
Pennsylvania,PA,2020-05-10,56611,284383,3707,0.0,0.0,566.0,3396.0,20946.0,14718.0,15851.0,30938.0,25042.0,3.0,628.0,6411.0,682.0,13526.0,284.0,35708.0,2187.0,43.0,109.0,218.0,437.0,415.0,2020-05-10 20:09:11.507984,,,,,,,,,,,,,,,,,,,,,,,,,,,,,,,,,,,,,,,,,,,,,,
Pennsylvania,PA,2020-05-11,57154,288858,3731,0.0,0.0,571.0,3429.0,21146.0,14860.0,16003.0,31264.0,25254.0,3.0,633.0,6458.0,694.0,13692.0,289.0,36021.0,2187.0,43.0,109.0,218.0,437.0,415.0,2020-05-11 20:54:13.441922,,,,,,,,,,,,,,,,,,,,,,,,,,,,,,,,,,,,,,,,,,,,,,
Pennsylvania,PA,2020-05-12,57991,295980,3806,0.0,0.0,579.0,3479.0,21456.0,15077.0,16237.0,31733.0,25616.0,3.0,639.0,6614.0,707.0,14039.0,296.0,36335.0,2187.0,43.0,109.0,218.0,437.0,415.0,2020-05-12 20:18:44.323458,,,,,,,,,,,,,,,,,,,,,,,,,,,,,,,,,,,,,,,,,,,,,,
Pennsylvania,PA,2020-05-13,58698,302869,3943,0.0,0.0,586.0,3521.0,21718.0,15261.0,16435.0,32118.0,25926.0,3.0,651.0,6721.0,715.0,14386.0,299.0,36577.0,2187.0,43.0,109.0,218.0,437.0,415.0,2020-05-13 20:17:35.807364,,,,,,,,,,,,,,,,,,,,,,,,,,,,,,,,,,,,,,,,,,,,,,
Pennsylvania,PA,2020-05-14,59636,311195,4218,0.0,0.0,596.0,3578.0,22065.0,15505.0,16698.0,32660.0,26327.0,3.0,646.0,6935.0,736.0,14751.0,303.0,36911.0,2187.0,43.0,109.0,218.0,437.0,415.0,2020-05-14 21:07:08.539663,,,,,,,,,,,,,,,,,,,,,,,,,,,,,,,,,,,,,,,,,,,,,,
Pennsylvania,PA,2020-05-15,60622,319832,4342,0.0,0.0,606.0,3637.0,22430.0,15761.0,16974.0,33184.0,26784.0,3.0,651.0,7073.0,754.0,15163.0,312.0,37320.0,2187.0,43.0,109.0,218.0,437.0,415.0,2020-05-15 20:31:12.278584,,,,,,,,,,,,,,,,,,,,,,,,,,,,,,,,,,,,,,,,,,,,,,
Pennsylvania,PA,2020-05-16,61611,327836,4403,0.0,0.0,616.0,3696.0,22796.0,16018.0,17867.0,33754.0,27196.0,3.0,658.0,7213.0,773.0,15649.0,319.0,37657.0,2187.0,43.0,109.0,218.0,437.0,415.0,2020-05-16 20:01:08.320093,,,,,,,,,,,,,,,,,,,,,,,,,,,,,,,,,,,,,,,,,,,,,,
Pennsylvania,PA,2020-05-17,62234,332904,4418,0.0,0.0,622.0,3734.0,23026.0,16180.0,18047.0,34098.0,27463.0,3.0,670.0,7297.0,781.0,15850.0,324.0,37982.0,2187.0,43.0,109.0,218.0,437.0,415.0,2020-05-17 19:58:09.733827,,,,,,,,,,,,,,,,,,,,,,,,,,,,,,,,,,,,,,,,,,,,,,
Pennsylvania,PA,2020-05-18,63056,340609,4505,0.0,0.0,630.0,3783.0,23330.0,16394.0,18286.0,34542.0,27803.0,3.0,708.0,7408.0,791.0,16056.0,332.0,38469.0,2187.0,43.0,109.0,218.0,437.0,393.0,2020-05-18 18:49:57.802482,,,,,,,,,,,,,,,,,,,,,,,,,,,,,,,,,,,,,,,,,,,,,,
Pennsylvania,PA,2020-05-19,63666,349700,4624,0.0,0.0,636.0,3819.0,23556.0,16553.0,18463.0,34914.0,28068.0,3.0,681.0,7522.0,812.0,16387.0,342.0,38603.0,2187.0,43.0,109.0,218.0,437.0,415.0,2020-05-19 20:03:44.129077,,,,,,,,,,,,,,,,,,,,,,,,,,,,,,,,,,,,,,,,,,,,,,
Pennsylvania,PA,2020-05-20,64412,357656,4767,0.0,0.0,1288.0,3864.0,23832.0,16747.0,18679.0,35344.0,28395.0,3.0,680.0,7652.0,835.0,16731.0,349.0,38845.0,2187.0,43.0,109.0,218.0,437.0,415.0,2020-05-20 20:15:22.461331,,,,,,,,,,,,,,,,,,,,,,,,,,,,,,,,,,,,,,,,,,,,,,
Pennsylvania,PA,2020-05-21,65392,368906,4869,0.0,0.0,1307.0,3923.0,24195.0,17001.0,18963.0,35909.0,28799.0,3.0,681.0,7795.0,868.0,17102.0,356.0,39271.0,2187.0,43.0,109.0,218.0,437.0,415.0,2020-05-21 21:02:26.109742,,,,,,,,,,,,,,,,,,,,,,,,,,,,,,,,,,,,,,,,,,,,,,
Pennsylvania,PA,2020-05-22,66258,379001,4984,0.0,0.0,1325.0,3975.0,24515.0,17227.0,19214.0,36420.0,29153.0,3.0,682.0,7930.0,885.0,17518.0,366.0,39559.0,2187.0,,,568.0,,,2020-05-22 20:46:18.718757,0.0,0.0,0.0,21.0,349.0,1246.0,,,,,,,,,,,,,,,,,,,,,,,,,,,,,,,,,,,,,,,,
Pennsylvania,PA,2020-05-23,66983,388452,5096,0.0,0.0,1339.0,4018.0,24783.0,16745.0,19425.0,36823.0,29472.0,3.0,685.0,8061.0,909.0,17864.0,376.0,39773.0,2187.0,,,568.0,,,2020-05-23 20:48:46.576052,0.0,0.0,0.0,21.0,349.0,1246.0,,,,,,,,,,,,,,,,,,,,,,,,,,,,,,,,,,,,,,,,
Pennsylvania,PA,2020-05-24,67713,396095,5124,0.0,0.0,1354.0,4062.0,25053.0,16928.0,19636.0,37216.0,29809.0,3.0,685.0,8136.0,914.0,18069.0,380.0,40214.0,2187.0,,,568.0,,,2020-05-24 20:39:05.069489,0.0,0.0,0.0,21.0,349.0,1246.0,,,,,,,,,,,,,,,,,,,,,,,,,,,,,,,,,,,,,,,,
Pennsylvania,PA,2020-05-25,68186,403114,5139,0.0,0.0,1363.0,4091.0,25228.0,17046.0,19773.0,37434.0,30037.0,3.0,712.0,8201.0,926.0,18213.0,385.0,40461.0,2187.0,,,568.0,,,2020-05-25 20:56:57.578681,0.0,0.0,0.0,21.0,349.0,1246.0,,,,,,,,,,,,,,,,,,,,,,,,,,,,,,,,,,,,,,,,
Pennsylvania,PA,2020-05-26,68637,408472,5152,0.0,0.0,1372.0,4118.0,25395.0,17159.0,19904.0,37681.0,30248.0,3.0,705.0,8264.0,940.0,18391.0,395.0,40647.0,2187.0,,,568.0,,,2020-05-26 21:07:45.631084,0.0,0.0,0.0,21.0,349.0,1246.0,,,,,,,,,,,,,,,,,,,,,,,,,,,,,,,,,,,,,,,,
Pennsylvania,PA,2020-05-27,69417,419407,5265,0.0,0.0,1388.0,4165.0,25684.0,17354.0,19436.0,38062.0,30660.0,3.0,692.0,8427.0,976.0,18760.0,402.0,40852.0,2187.0,,,568.0,,,2020-05-27 22:27:14.528522,0.0,0.0,0.0,21.0,349.0,1224.0,,,,,,,,,,,,,,,,,,,,,,,,,,,,,,,,,,,,,,,,
Pennsylvania,PA,2020-05-28,70042,427846,5373,0.0,0.0,1400.0,4202.0,25915.0,17510.0,19611.0,38357.0,30978.0,3.0,704.0,8515.0,992.0,19051.0,406.0,41078.0,2187.0,,,568.0,,,2020-05-28 20:20:25.701771,0.0,0.0,0.0,21.0,349.0,1224.0,,,,,,,,,,,,,,,,,,,,,,,,,,,,,,,,,,,,,,,,
Pennsylvania,PA,2020-05-29,70735,437705,5464,0.0,0.0,1414.0,4244.0,26171.0,17683.0,19805.0,38739.0,31292.0,3.0,701.0,8632.0,1011.0,19399.0,417.0,41276.0,2187.0,,,568.0,,,2020-05-29 20:15:40.064499,0.0,0.0,0.0,21.0,349.0,1224.0,,,,,,,,,,,,,,,,,,,,,,,,,,,,,,,,,,,,,,,,
Pennsylvania,PA,2020-05-30,71415,447146,5537,0.0,0.0,1428.0,4284.0,26423.0,17853.0,19996.0,39119.0,31585.0,3.0,708.0,8724.0,1028.0,19634.0,427.0,41602.0,2187.0,,,568.0,,,2020-05-30 19:55:07.280919,0.0,0.0,0.0,21.0,349.0,1224.0,,,,,,,,,,,,,,,,,,,,,,,,,,,,,,,,,,,,,,,,
Pennsylvania,PA,2020-05-31,71926,455037,5555,0.0,0.0,1438.0,4315.0,26612.0,17981.0,20139.0,39432.0,31785.0,3.0,706.0,8777.0,1035.0,19847.0,437.0,41830.0,2187.0,,,568.0,,,2020-05-31 20:15:01.309634,0.0,0.0,0.0,21.0,349.0,1224.0,,,,,,,,,,,,,,,,,,,,,,,,,,,,,,,,,,,,,,,,
Pennsylvania,PA,2020-06-01,72282,461713,5567,0.0,0.0,1445.0,4336.0,26744.0,18070.0,20238.0,39624.0,31946.0,3.0,709.0,8835.0,1041.0,19986.0,441.0,41979.0,2187.0,,,568.0,,,2020-06-01 20:12:29.302710,0.0,0.0,0.0,21.0,349.0,1224.0,,,,,,,,,,,,,,,,,,,,,,,,,,,,,,,,,,,,,,,,
Pennsylvania,PA,2020-06-02,72894,472255,5667,0.0,0.0,1457.0,4373.0,26970.0,18223.0,20410.0,39958.0,32212.0,3.0,721.0,8941.0,1058.0,20260.0,452.0,42183.0,2187.0,,,568.0,,,2020-06-02 20:21:05.069483,0.0,0.0,0.0,21.0,349.0,1224.0,,,,,,,,,,,,,,,,,,,,,,,,,,,,,,,,,,,,,,,,
Pennsylvania,PA,2020-06-03,73405,481674,5742,0.0,0.0,1468.0,4404.0,27159.0,18351.0,20553.0,40228.0,32443.0,3.0,731.0,9071.0,1082.0,20563.0,463.0,42226.0,2187.0,,,568.0,,,2020-06-03 20:01:48.457453,0.0,0.0,0.0,21.0,328.0,1246.0,,,,,,,,,,,,,,,,,,,,,,,,,,,,,,,,,,,,,,,,
Pennsylvania,PA,2020-06-04,73942,490884,5817,0.0,0.0,1478.0,4436.0,27358.0,18485.0,20703.0,40549.0,32662.0,3.0,728.0,9151.0,1089.0,20815.0,468.0,42419.0,2187.0,,,568.0,,,2020-06-04 20:37:17.201415,0.0,0.0,0.0,21.0,328.0,1246.0,,,,,,,,,,,,,,,,,,,,,,,,,,,,,,,,,,,,,,,,
Pennsylvania,PA,2020-06-05,74385,498586,5886,0.0,0.0,1487.0,4463.0,27522.0,18596.0,20827.0,40798.0,32871.0,3.0,713.0,9216.0,1100.0,21025.0,471.0,42573.0,2187.0,,,568.0,,,2020-06-05 20:19:36.711085,0.0,0.0,0.0,21.0,328.0,1246.0,,,,,,,,,,,,,,,,,,,,,,,,,,,,,,,,,,,,,,,,
Pennsylvania,PA,2020-06-06,75086,510208,5931,0.0,0.0,1501.0,4505.0,27781.0,18771.0,21024.0,41208.0,33161.0,3.0,714.0,9340.0,1115.0,21237.0,482.0,42912.0,2187.0,,,568.0,,,2020-06-06 20:37:44.820362,0.0,0.0,0.0,21.0,328.0,1224.0,,,,,,,,,,,,,,,,,,,,,,,,,,,,,,,,,,,,,,,,
Pennsylvania,PA,2020-06-07,75592,519765,5943,0.0,0.0,1511.0,4535.0,27969.0,18898.0,21165.0,41492.0,33376.0,3.0,721.0,9399.0,1123.0,21375.0,486.0,43209.0,2187.0,,,568.0,,,2020-06-07 20:36:08.405303,0.0,0.0,0.0,21.0,349.0,1224.0,,,,,,,,,,,,,,,,,,,,,,,,,,,,,,,,,,,,,,,,
Pennsylvania,PA,2020-06-10,76846,541648,6062,,,,,,,,42154.0,33971.0,3.0,,9604.0,1134.0,21904.0,498.0,43706.0,976.0,,,,,,2020-06-10 21:35:22.264856,,,,,,,2162.0,1047.0,2393.0,9959.0,11391.0,11052.0,13085.0,10758.0,6971.0,6164.0,3727.0,189.0,110.0,0.0,0.0,8.0,17.0,93.0,294.0,792.0,1248.0,1873.0,1461.0,98.0,718.0,3047.0,2839.0,1216.0,142.0,283.0,4245.0,336.0,5550.0,55845.0,,,,,,
Pennsylvania,PA,2020-06-11,77313,551558,6113,,,,,,,,42401.0,34186.0,3.0,,9677.0,1147.0,22083.0,507.0,43899.0,913.0,,,,,,2020-06-11 20:34:26.678347,,,,,,,2194.0,1067.0,2428.0,10039.0,11466.0,11124.0,13157.0,10808.0,7001.0,6182.0,3739.0,190.0,112.0,0.0,0.0,8.0,17.0,93.0,294.0,792.0,1248.0,1873.0,1461.0,98.0,723.0,3047.0,2839.0,1216.0,142.0,283.0,4245.0,336.0,5550.0,56067.0,,,,,,
Pennsylvania,PA,2020-06-12,77999,564185,6162,,,,,,,,42827.0,34502.0,3.0,,9767.0,1155.0,22368.0,516.0,44193.0,895.0,,,,,,2020-06-12 20:29:16.989168,,,,,,,2199.0,1090.0,2466.0,10131.0,11570.0,11212.0,13255.0,10871.0,7055.0,6255.0,3789.0,193.0,112.0,0.0,0.0,8.0,17.0,93.0,294.0,792.0,1248.0,1873.0,1461.0,98.0,667.0,3047.0,2839.0,1216.0,142.0,283.0,4245.0,336.0,5550.0,56485.0,,,,,,
Pennsylvania,PA,2020-06-13,78462,572826,6211,,,,,,,,43077.0,34716.0,3.0,,9864.0,1167.0,22588.0,522.0,44321.0,871.0,,,,,,2020-06-13 20:46:29.974068,,,,,,,2225.0,1102.0,2496.0,10215.0,11631.0,11271.0,13332.0,10930.0,7094.0,6281.0,3806.0,192.0,112.0,0.0,0.0,8.0,17.0,93.0,294.0,792.0,1248.0,1873.0,1461.0,98.0,666.0,3047.0,2839.0,1216.0,142.0,283.0,4245.0,336.0,5550.0,56710.0,0.0,,,,,
Pennsylvania,PA,2020-06-14,78798,581002,6215,,,,,,,,43275.0,34853.0,3.0,,9924.0,1173.0,22694.0,529.0,44478.0,846.0,,,,,,2020-06-14 23:46:04.546586,,,,,,,2231.0,1120.0,2519.0,10274.0,11677.0,11313.0,13379.0,10983.0,7115.0,6297.0,3815.0,192.0,114.0,,,8.0,19.0,98.0,312.0,840.0,1304.0,1958.0,1520.0,,667.0,3180.0,2982.0,1296.0,144.0,303.0,4419.0,357.0,5805.0,56927.0,,0.0,0.0,101.0,,
Pennsylvania,PA,2020-06-15,79121,590792,6243,,,,,,,,43463.0,34977.0,3.0,,9965.0,1174.0,22770.0,537.0,44675.0,837.0,,,,,,2020-06-15 20:29:48.547058,,,,,,,2238.0,1125.0,2541.0,10342.0,11736.0,11351.0,13419.0,11018.0,7146.0,6315.0,3822.0,192.0,114.0,,,8.0,19.0,98.0,312.0,840.0,1304.0,1958.0,1520.0,,678.0,3180.0,2982.0,1296.0,144.0,303.0,4419.0,357.0,5805.0,57173.0,,0.0,0.0,101.0,,
Pennsylvania,PA,2020-06-16,79483,600839,6276,,,,,,,,43678.0,35126.0,3.0,,10025.0,1177.0,22959.0,545.0,44777.0,794.0,,,,,,2020-06-16 20:11:35.359231,,,,,,,2253.0,1137.0,2565.0,10389.0,11803.0,11405.0,13460.0,11063.0,7173.0,6343.0,3839.0,192.0,114.0,,,8.0,19.0,98.0,312.0,840.0,1304.0,1958.0,1520.0,,676.0,3180.0,2982.0,1296.0,144.0,303.0,4419.0,357.0,5805.0,57350.0,,0.0,0.0,101.0,,
Pennsylvania,PA,2020-06-17,79818,610556,6319,,,,,,,,43867.0,35282.0,3.0,,10086.0,1180.0,23119.0,545.0,44886.0,769.0,,,,,,2020-06-17 20:50:51.610324,,,,,,,2275.0,1153.0,2590.0,10441.0,11846.0,11451.0,13496.0,11107.0,7210.0,6368.0,3850.0,192.0,114.0,,,8.0,19.0,98.0,312.0,840.0,1304.0,1958.0,1520.0,,666.0,3180.0,2982.0,1296.0,144.0,303.0,4419.0,357.0,5805.0,57516.0,,0.0,0.0,101.0,,
Pennsylvania,PA,2020-06-18,80236,621781,6361,,,,,,,,44093.0,35471.0,3.0,,10166.0,1190.0,23313.0,555.0,45012.0,742.0,,,,,,2020-06-18 21:10:45.946473,,,,,,,2287.0,1170.0,2614.0,10512.0,11912.0,11510.0,13546.0,11158.0,7246.0,6392.0,3867.0,195.0,114.0,,,8.0,19.0,98.0,312.0,840.0,1304.0,1958.0,1520.0,,669.0,3180.0,2982.0,1296.0,144.0,303.0,4419.0,357.0,5805.0,57754.0,,0.0,0.0,101.0,,
Pennsylvania,PA,2020-06-19,80762,634907,6399,,,,,,,,44383.0,35709.0,3.0,,10262.0,1201.0,23580.0,559.0,45160.0,724.0,,,,,,2020-06-19 19:55:39.991552,,,,,,,2311.0,1185.0,2662.0,10600.0,12007.0,11582.0,13619.0,11211.0,7282.0,6424.0,3879.0,197.0,114.0,,,8.0,19.0,103.0,319.0,870.0,1367.0,2027.0,1580.0,,667.0,3304.0,3095.0,1368.0,146.0,319.0,4566.0,372.0,6027.0,58022.0,,0.0,0.0,104.0,,
Pennsylvania,PA,2020-06-20,81266,645408,6419,,,,,,,,44679.0,35914.0,3.0,,10342.0,1211.0,23874.0,571.0,45268.0,714.0,,,,,,2020-06-20 21:27:39.443739,,,,,,,2319.0,1197.0,2702.0,10678.0,12083.0,11637.0,13697.0,11268.0,7334.0,6459.0,3895.0,202.0,114.0,,,8.0,19.0,103.0,319.0,870.0,1367.0,2027.0,1580.0,,670.0,3304.0,3095.0,1368.0,146.0,319.0,4566.0,372.0,6027.0,58264.0,,0.0,0.0,104.0,,
Pennsylvania,PA,2020-06-21,81730,655420,6423,,,,,,,,44933.0,36126.0,3.0,,10403.0,1214.0,24037.0,580.0,45496.0,735.0,,,,,,2020-06-21 21:00:48.603323,,,,,,,2325.0,1207.0,2762.0,10765.0,12141.0,11698.0,13747.0,11309.0,7367.0,6503.0,3910.0,205.0,116.0,,,8.0,19.0,103.0,319.0,870.0,1367.0,2027.0,1580.0,,668.0,3304.0,3095.0,1368.0,146.0,319.0,4566.0,372.0,6027.0,58590.0,,0.0,0.0,104.0,,
Pennsylvania,PA,2020-06-22,82186,665521,6426,,,,,,,,45181.0,36332.0,3.0,,10449.0,1228.0,24169.0,581.0,45759.0,738.0,,,,,,2020-06-22 20:03:49.927174,,,,,,,2327.0,1222.0,2815.0,10850.0,12191.0,11753.0,13784.0,11354.0,7408.0,6554.0,3934.0,205.0,116.0,,,8.0,19.0,103.0,319.0,870.0,1367.0,2027.0,1580.0,,670.0,3304.0,3095.0,1368.0,146.0,319.0,4566.0,372.0,6027.0,58918.0,,0.0,0.0,104.0,,
Pennsylvania,PA,2020-06-23,82696,676754,6464,,,,,,,,45466.0,36556.0,3.0,,10524.0,1243.0,24416.0,584.0,45929.0,731.0,,,,,,2020-06-23 19:31:39.379586,,,,,,,2349.0,1237.0,2847.0,10931.0,12263.0,11805.0,13841.0,11413.0,7474.0,6596.0,3964.0,205.0,116.0,,,8.0,19.0,103.0,319.0,870.0,1367.0,2027.0,1580.0,,671.0,3304.0,3095.0,1368.0,146.0,319.0,4566.0,372.0,6027.0,59158.0,,0.0,0.0,104.0,,
Pennsylvania,PA,2020-06-24,83191,689027,6518,,,,,,,,45746.0,36771.0,3.0,,10592.0,1248.0,24606.0,587.0,46158.0,707.0,,,,,,2020-06-24 21:26:13.160836,,,,,,,2381.0,1250.0,2895.0,11049.0,12338.0,11866.0,13894.0,11467.0,7512.0,6616.0,3978.0,210.0,116.0,,,8.0,19.0,103.0,319.0,870.0,1367.0,2027.0,1580.0,,671.0,3304.0,3095.0,1368.0,146.0,319.0,4566.0,372.0,6027.0,59466.0,,0.0,0.0,104.0,,
Pennsylvania,PA,2020-06-25,83770,702405,6557,,,,,,,,46062.0,37033.0,3.0,,10681.0,1258.0,24858.0,592.0,46381.0,689.0,,,,,,2020-06-25 20:04:22.370824,,,,,,,2396.0,1268.0,2969.0,11164.0,12429.0,11942.0,13972.0,11522.0,7543.0,6644.0,3991.0,210.0,116.0,,,8.0,19.0,103.0,319.0,870.0,1367.0,2027.0,1580.0,,672.0,3304.0,3095.0,1368.0,146.0,319.0,4566.0,372.0,6027.0,59823.0,,0.0,0.0,104.0,,
Pennsylvania,PA,2020-06-26,84370,716667,6579,,,,,,,,46445.0,37252.0,3.0,,10756.0,1261.0,25132.0,596.0,56625.0,667.0,,,,,,2020-06-26 19:42:59.221796,,,,,,,2414.0,1275.0,3031.0,11310.0,12519.0,12014.0,14059.0,11575.0,7568.0,6676.0,4015.0,211.0,117.0,,,8.0,19.0,103.0,319.0,870.0,1367.0,2027.0,1580.0,,670.0,3304.0,3095.0,1368.0,146.0,319.0,4566.0,372.0,6027.0,60183.0,,0.0,0.0,104.0,,
Pennsylvania,PA,2020-06-27,84370,716667,6579,,,,,,,,46445.0,37252.0,3.0,,10756.0,1261.0,25132.0,596.0,56625.0,651.0,,,,,,2020-06-27 21:33:10.480915,,,,,,,2414.0,1275.0,3031.0,11310.0,12519.0,12014.0,14059.0,11575.0,7568.0,6676.0,4015.0,211.0,117.0,,,8.0,19.0,103.0,319.0,870.0,1367.0,2027.0,1580.0,,670.0,3304.0,3095.0,1368.0,146.0,319.0,4566.0,372.0,6027.0,60183.0,,0.0,0.0,104.0,,
Pennsylvania,PA,2020-06-28,84370,716667,6579,,,,,,,,46445.0,37252.0,3.0,,10756.0,1261.0,25132.0,596.0,56625.0,644.0,,,,,,2020-06-28 20:11:12.634387,,,,,,,2414.0,1275.0,3031.0,11310.0,12519.0,12014.0,14059.0,11575.0,7568.0,6676.0,4015.0,211.0,117.0,,,8.0,19.0,103.0,319.0,870.0,1367.0,2027.0,1580.0,,670.0,3304.0,3095.0,1368.0,146.0,319.0,4566.0,372.0,6027.0,60183.0,,0.0,0.0,104.0,,
Pennsylvania,PA,2020-08-03,114155,1253384,7209,,,,,,,,62840.0,50490.0,4.0,,15657.0,1636.0,37864.0,1275.0,57723.0,646.0,,,,,,2020-08-03 20:28:39.350245,,,,,,,3185.0,2125.0,6037.0,18917.0,17324.0,15663.0,18020.0,14224.0,9191.0,7680.0,4611.0,236.0,127.0,,,11.0,24.0,117.0,365.0,989.0,1544.0,2243.0,1779.0,,821.0,3708.0,3481.0,1522.0,156.0,348.0,5163.0,431.0,6758.0,78576.0,,0.0,0.0,114.0,,
Pennsylvania,PA,2020-08-04,115009,1268300,7232,,,,,,,,63304.0,50883.0,4.0,,15782.0,1653.0,38256.0,1316.0,58002.0,646.0,,,,,,2020-08-04 20:14:39.295372,,,,,,,3229.0,2153.0,6133.0,19093.0,17457.0,15775.0,18141.0,14302.0,9247.0,7724.0,4619.0,237.0,128.0,,,11.0,24.0,117.0,365.0,989.0,1544.0,2243.0,1779.0,,818.0,3708.0,3481.0,1522.0,156.0,348.0,5163.0,431.0,6758.0,78941.0,,0.0,0.0,114.0,,
Pennsylvania,PA,2020-08-05,115714,1281473,7244,,,,,,,,63660.0,51229.0,4.0,,15894.0,1666.0,38575.0,1335.0,58244.0,646.0,,,,,,2020-08-05 20:04:42.981301,,,,,,,3252.0,2175.0,6204.0,19246.0,17551.0,15899.0,18235.0,14376.0,9283.0,7752.0,4628.0,237.0,128.0,,,11.0,24.0,117.0,365.0,989.0,1544.0,2243.0,1779.0,,821.0,3708.0,3481.0,1522.0,156.0,348.0,5163.0,431.0,6758.0,79307.0,,0.0,0.0,114.0,,
Pennsylvania,PA,2020-08-06,116521,1296971,7282,,,,,,,,64110.0,51589.0,4.0,,16026.0,1683.0,39010.0,1347.0,58455.0,646.0,,,,,,2020-08-06 20:00:26.825603,,,,,,,3280.0,2215.0,6276.0,19402.0,17673.0,15988.0,18368.0,14477.0,9330.0,7790.0,4636.0,238.0,128.0,,,11.0,24.0,117.0,365.0,989.0,1544.0,2243.0,1779.0,,818.0,3708.0,3481.0,1522.0,156.0,348.0,5163.0,431.0,6758.0,79668.0,,0.0,0.0,114.0,,
Pennsylvania,PA,2020-08-07,117279,1313589,7297,,,,,,,,64509.0,51943.0,4.0,,16115.0,1690.0,39344.0,1355.0,58775.0,646.0,,,,,,2020-08-07 20:02:38.078994,,,,,,,3310.0,2239.0,6351.0,19559.0,17795.0,16091.0,18489.0,14552.0,9359.0,7827.0,4651.0,238.0,128.0,,,11.0,25.0,119.0,371.0,1010.0,1561.0,2275.0,1807.0,,823.0,3755.0,3542.0,1545.0,158.0,351.0,5243.0,431.0,6866.0,80117.0,,0.0,0.0,115.0,,
Pennsylvania,PA,2020-08-08,118092,1329720,7313,,,,,,,,64945.0,52313.0,5.0,,16204.0,1701.0,39704.0,1376.0,59107.0,646.0,,,,,,2020-08-08 20:00:10.524417,,,,,,,3337.0,2270.0,6430.0,19720.0,17924.0,16193.0,18619.0,14626.0,9411.0,7865.0,4667.0,239.0,128.0,,,11.0,25.0,119.0,371.0,1010.0,1561.0,2275.0,1807.0,,829.0,3755.0,3542.0,1545.0,158.0,351.0,5243.0,431.0,6866.0,80658.0,,0.0,0.0,115.0,,
Pennsylvania,PA,2020-08-09,118852,1343863,7314,,,,,,,,65327.0,52676.0,5.0,,16280.0,1708.0,40001.0,1376.0,59472.0,646.0,,,,,,2020-08-09 20:04:21.859626,,,,,,,3347.0,2302.0,6502.0,19878.0,18042.0,16305.0,18732.0,14708.0,9456.0,7886.0,4674.0,239.0,128.0,,,11.0,25.0,119.0,371.0,1010.0,1561.0,2275.0,1807.0,,844.0,3755.0,3542.0,1545.0,158.0,351.0,5243.0,431.0,6866.0,81196.0,,0.0,0.0,115.0,,
Pennsylvania,PA,2020-08-10,119453,1356928,7317,,,,,,,,65656.0,52953.0,5.0,,16336.0,1711.0,40278.0,1405.0,59723.0,646.0,,,,,,2020-08-10 20:01:42.856451,,,,,,,3355.0,2317.0,6597.0,19992.0,18123.0,16385.0,18831.0,14765.0,9488.0,7901.0,4687.0,239.0,128.0,,,11.0,25.0,119.0,371.0,1010.0,1561.0,2275.0,1807.0,,839.0,3755.0,3542.0,1545.0,158.0,351.0,5243.0,431.0,6866.0,81590.0,,0.0,0.0,115.0,,
Pennsylvania,PA,2020-08-11,120281,1372238,7352,,,,,,,,66107.0,53341.0,5.0,,16412.0,1717.0,40558.0,1420.0,60174.0,646.0,,,,,,2020-08-11 20:01:52.229528,,,,,,,3356.0,2327.0,6688.0,20187.0,18262.0,16495.0,18953.0,14834.0,9537.0,7932.0,4699.0,239.0,128.0,,,11.0,25.0,119.0,371.0,1010.0,1561.0,2275.0,1807.0,,828.0,3755.0,3542.0,1545.0,158.0,351.0,5243.0,431.0,6866.0,82227.0,,0.0,0.0,115.0,,
Pennsylvania,PA,2020-08-12,121130,1389715,7385,,,,,,,,66564.0,53730.0,5.0,,16519.0,1727.0,41012.0,1429.0,60443.0,646.0,,,,,,2020-08-12 20:27:29.636859,,,,,,,3391.0,2356.0,6795.0,20356.0,18389.0,16612.0,19077.0,14929.0,9589.0,7952.0,4709.0,240.0,126.0,,,11.0,25.0,119.0,371.0,1010.0,1561.0,2275.0,1807.0,,831.0,3755.0,3542.0,1545.0,158.0,351.0,5243.0,431.0,6866.0,82614.0,,0.0,0.0,115.0,,
Pennsylvania,PA,2020-08-13,122121,1407604,7409,,,,,,,,67096.0,54187.0,5.0,,16629.0,1740.0,41398.0,1450.0,60904.0,646.0,,,,,,2020-08-13 20:25:29.951194,,,,,,,3390.0,2380.0,6914.0,20568.0,18536.0,16747.0,19245.0,15024.0,9640.0,7985.0,4715.0,241.0,126.0,,,11.0,25.0,119.0,371.0,1010.0,1561.0,2275.0,1807.0,,833.0,3755.0,3542.0,1545.0,158.0,351.0,5243.0,431.0,6866.0,83241.0,,0.0,0.0,115.0,,
Pennsylvania,PA,2020-08-14,122950,1424251,7445,,,,,,,,67567.0,54542.0,5.0,,16732.0,1750.0,41789.0,1475.0,61204.0,646.0,,,,,,2020-08-14 20:03:32.447302,,,,,,,3438.0,2402.0,7013.0,20709.0,18679.0,16842.0,19379.0,15120.0,9687.0,8017.0,4735.0,241.0,126.0,,,11.0,27.0,121.0,380.0,1035.0,1592.0,2319.0,1841.0,,836.0,3840.0,3605.0,1572.0,159.0,357.0,5357.0,438.0,7007.0,83743.0,,0.0,0.0,116.0,,
Pennsylvania,PA,2020-08-15,123800,1440230,7465,,,,,,,,67984.0,54962.0,5.0,,16826.0,1757.0,42143.0,1492.0,61582.0,646.0,,,,,,2020-08-15 20:03:55.790825,,,,,,,3454.0,2433.0,7119.0,20897.0,18811.0,16949.0,19488.0,15216.0,9731.0,8046.0,4742.0,241.0,127.0,,,11.0,27.0,121.0,380.0,1035.0,1592.0,2319.0,1841.0,,849.0,3840.0,3605.0,1572.0,159.0,357.0,5357.0,438.0,7007.0,84263.0,,0.0,0.0,116.0,,
Pennsylvania,PA,2020-08-16,124460,1453389,7468,,,,,,,,68342.0,55265.0,5.0,,16889.0,1763.0,42447.0,1510.0,61851.0,646.0,,,,,,2020-08-16 20:12:29.013013,,,,,,,3474.0,2460.0,7192.0,21015.0,18918.0,17044.0,19593.0,15296.0,9762.0,8065.0,4746.0,242.0,127.0,,,11.0,27.0,121.0,380.0,1035.0,1592.0,2319.0,1841.0,,848.0,3840.0,3605.0,1572.0,159.0,357.0,5357.0,438.0,7007.0,84698.0,,0.0,0.0,116.0,,
Pennsylvania,PA,2020-08-17,124844,1463829,7468,,,,,,,,68549.0,55436.0,5.0,,16935.0,1769.0,42640.0,1518.0,61982.0,646.0,,,,,,2020-08-17 19:48:14.997879,,,,,,,3490.0,2477.0,7246.0,21075.0,18976.0,17085.0,19649.0,15344.0,9787.0,8083.0,4753.0,242.0,127.0,,,11.0,27.0,121.0,380.0,1035.0,1592.0,2319.0,1841.0,,854.0,3840.0,3605.0,1572.0,159.0,357.0,5357.0,438.0,7007.0,84881.0,,0.0,0.0,116.0,,
Pennsylvania,PA,2020-08-18,125579,1476037,7499,,,,,,,,68934.0,55784.0,5.0,,16999.0,1776.0,42976.0,1536.0,62292.0,646.0,,,,,,2020-08-18 19:52:53.426786,,,,,,,3529.0,2498.0,7339.0,21217.0,19083.0,17217.0,19740.0,15417.0,9828.0,8109.0,4762.0,241.0,128.0,,,11.0,27.0,121.0,380.0,1035.0,1592.0,2319.0,1841.0,,856.0,3840.0,3605.0,1572.0,159.0,357.0,5357.0,438.0,7007.0,85334.0,,0.0,0.0,116.0,,
Pennsylvania,PA,2020-08-19,126149,1490923,7523,,,,,,,,69230.0,56055.0,5.0,,17059.0,1785.0,43289.0,1546.0,62470.0,646.0,,,,,,2020-08-19 20:10:18.876398,,,,,,,3544.0,2506.0,7394.0,21351.0,19157.0,17292.0,19836.0,15478.0,9856.0,8136.0,4775.0,241.0,127.0,,,11.0,27.0,121.0,380.0,1035.0,1592.0,2319.0,1841.0,,859.0,3840.0,3605.0,1572.0,159.0,357.0,5357.0,438.0,7007.0,85626.0,,0.0,0.0,116.0,,
Pennsylvania,PA,2020-08-20,126940,1509435,7538,,,,,,,,69665.0,56409.0,5.0,,17151.0,1797.0,43650.0,1565.0,62777.0,646.0,,,,,,2020-08-20 20:08:28.672987,,,,,,,3576.0,2541.0,7470.0,21511.0,19285.0,17402.0,19933.0,15564.0,9912.0,8171.0,4783.0,241.0,127.0,,,11.0,27.0,121.0,380.0,1035.0,1592.0,2319.0,1841.0,,861.0,3840.0,3605.0,1572.0,159.0,357.0,5357.0,438.0,7007.0,86083.0,,0.0,0.0,116.0,,
Pennsylvania,PA,2020-08-21,127633,1523540,7558,,,,,,,,70044.0,56721.0,5.0,,17239.0,1815.0,44009.0,1587.0,62983.0,646.0,,,,,,2020-08-21 21:56:38.216838,,,,,,,3602.0,2563.0,7549.0,21629.0,19409.0,17501.0,20028.0,15637.0,9951.0,8204.0,4795.0,241.0,126.0,,,11.0,28.0,123.0,387.0,1050.0,1626.0,2351.0,1861.0,,863.0,3897.0,3661.0,1593.0,162.0,363.0,5440.0,447.0,7111.0,86429.0,,0.0,0.0,117.0,,
Pennsylvania,PA,2020-08-22,128429,1536926,7576,,,,,,,,70481.0,57073.0,5.0,,17747.0,1874.0,44821.0,1866.0,62121.0,646.0,,,,,,2020-08-22 19:07:54.436357,,,,,,,3627.0,2594.0,7650.0,21798.0,19507.0,17586.0,20150.0,15736.0,9997.0,8235.0,4807.0,243.0,126.0,,,11.0,28.0,123.0,387.0,1050.0,1626.0,2351.0,1861.0,,870.0,3897.0,3661.0,1593.0,162.0,363.0,5440.0,447.0,7111.0,86575.0,,0.0,0.0,117.0,,
Pennsylvania,PA,2020-08-23,129048,1549379,7578,,,,,,,,70793.0,57380.0,5.0,,17811.0,1879.0,45110.0,1887.0,62361.0,646.0,,,,,,2020-08-23 20:03:40.565505,,,,,,,3641.0,2611.0,7720.0,21932.0,19607.0,17651.0,20239.0,15804.0,10025.0,8267.0,4819.0,246.0,127.0,,,11.0,28.0,123.0,387.0,1050.0,1626.0,2351.0,1861.0,,870.0,3897.0,3661.0,1593.0,162.0,363.0,5440.0,447.0,7111.0,86905.0,,0.0,0.0,117.0,,
Pennsylvania,PA,2020-08-24,129474,1559186,7579,,,,,,,,71033.0,57567.0,5.0,,17841.0,1885.0,45320.0,1894.0,62534.0,646.0,,,,,,2020-08-24 19:09:08.281262,,,,,,,3652.0,2624.0,7759.0,22044.0,19663.0,17704.0,20297.0,15849.0,10046.0,8287.0,4828.0,246.0,127.0,,,11.0,28.0,123.0,387.0,1050.0,1626.0,2351.0,1861.0,,869.0,3897.0,3661.0,1593.0,162.0,363.0,5440.0,447.0,7111.0,87177.0,,0.0,0.0,117.0,,
Pennsylvania,PA,2020-08-25,130035,1571520,7605,,,,,,,,71342.0,57815.0,5.0,,17898.0,1894.0,45655.0,1902.0,62686.0,646.0,,,,,,2020-08-25 20:05:57.451783,,,,,,,3685.0,2642.0,7819.0,22159.0,19750.0,17772.0,20365.0,15897.0,10086.0,8324.0,4848.0,246.0,126.0,,,11.0,28.0,123.0,387.0,1050.0,1626.0,2351.0,1861.0,,873.0,3897.0,3661.0,1593.0,162.0,363.0,5440.0,447.0,7111.0,87458.0,,0.0,0.0,117.0,,
Pennsylvania,PA,2020-08-26,130536,1584477,7624,,,,,,,,71644.0,58017.0,5.0,,17963.0,1901.0,45941.0,1921.0,62810.0,646.0,,,,,,2020-08-26 20:08:50.843057,,,,,,,3701.0,2668.0,7875.0,22261.0,19815.0,17833.0,20448.0,15943.0,10118.0,8347.0,4855.0,247.0,126.0,,,11.0,28.0,123.0,387.0,1050.0,1626.0,2351.0,1861.0,,870.0,3897.0,3661.0,1593.0,162.0,363.0,5440.0,447.0,7111.0,87685.0,,0.0,0.0,117.0,,
Pennsylvania,PA,2020-08-27,131156,1599195,7635,,,,,,,,71971.0,58311.0,5.0,,18073.0,1922.0,46379.0,2045.0,62737.0,646.0,,,,,,2020-08-27 20:00:33.636524,,,,,,,3726.0,2668.0,7957.0,22393.0,19894.0,17899.0,20534.0,16020.0,10155.0,8373.0,4865.0,247.0,126.0,,,11.0,28.0,123.0,387.0,1050.0,1626.0,2351.0,1861.0,,869.0,3897.0,3661.0,1593.0,162.0,363.0,5440.0,447.0,7111.0,87864.0,,0.0,0.0,117.0,,
Pennsylvania,PA,2020-08-28,131991,1617085,7655,,,,,,,,72464.0,58646.0,5.0,,18139.0,1939.0,46762.0,2055.0,63096.0,646.0,,,,,,2020-08-28 19:51:35.933690,,,,,,,3741.0,2715.0,8059.0,22584.0,19997.0,17994.0,20639.0,16107.0,10225.0,8408.0,4888.0,249.0,126.0,,,11.0,28.0,125.0,391.0,1062.0,1651.0,2388.0,1878.0,,876.0,3952.0,3703.0,1608.0,162.0,365.0,5520.0,453.0,7202.0,88421.0,,0.0,0.0,117.0,,
Pennsylvania,PA,2020-08-29,132834,1633164,7671,,,,,,,,72961.0,58988.0,5.0,,18221.0,1957.0,47191.0,2073.0,63392.0,646.0,,,,,,2020-08-29 19:53:27.807626,,,,,,,3778.0,2738.0,8191.0,22819.0,20120.0,18072.0,20737.0,16178.0,10276.0,8428.0,4899.0,249.0,127.0,,,11.0,28.0,125.0,391.0,1062.0,1651.0,2388.0,1878.0,,880.0,3952.0,3703.0,1608.0,162.0,365.0,5520.0,453.0,7202.0,88950.0,,0.0,0.0,117.0,,
Pennsylvania,PA,2020-08-30,133504,1645602,7673,,,,,,,,72961.0,58988.0,5.0,,18221.0,1957.0,47191.0,2073.0,63392.0,646.0,,,,,,2020-08-30 19:45:18.677224,,,,,,,3801.0,2738.0,8191.0,22819.0,20120.0,18072.0,20737.0,16178.0,10276.0,8428.0,4899.0,249.0,127.0,,,11.0,28.0,125.0,391.0,1062.0,1651.0,2388.0,1878.0,,880.0,3952.0,3703.0,1608.0,162.0,365.0,5520.0,453.0,7202.0,88950.0,,0.0,0.0,117.0,,
Pennsylvania,PA,2020-08-31,134025,1654406,7673,,,,,,,,73598.0,59540.0,5.0,,18304.0,1982.0,47738.0,2134.0,63867.0,646.0,,,,,,2020-08-31 21:11:32.819133,,,,,,,3814.0,2782.0,8377.0,23158.0,20280.0,18201.0,20849.0,16274.0,10338.0,8469.0,4918.0,251.0,128.0,,,11.0,28.0,125.0,391.0,1062.0,1651.0,2388.0,1878.0,,882.0,3952.0,3703.0,1608.0,162.0,365.0,5520.0,453.0,7202.0,89722.0,,0.0,0.0,117.0,,
Pennsylvania,PA,2020-09-01,134795,1670930,7691,,,,,,,,73956.0,59952.0,5.0,,18375.0,1990.0,48126.0,2136.0,64168.0,646.0,,,,,,2020-09-01 19:52:19.020099,,,,,,,3834.0,2806.0,8474.0,23351.0,20410.0,18286.0,20939.0,16334.0,10388.0,8501.0,4926.0,251.0,128.0,,,11.0,28.0,125.0,391.0,1062.0,1651.0,2388.0,1878.0,,882.0,3952.0,3703.0,1608.0,162.0,365.0,5520.0,453.0,7202.0,90187.0,,0.0,0.0,117.0,,
Pennsylvania,PA,2020-09-02,135611,1683837,7712,,,,,,,,74373.0,60336.0,5.0,,18434.0,2008.0,48535.0,2151.0,64483.0,646.0,,,,,,2020-09-02 20:00:22.963267,,,,,,,3859.0,2821.0,8627.0,23586.0,20498.0,18352.0,21043.0,16394.0,10433.0,8531.0,4946.0,251.0,129.0,,,11.0,28.0,125.0,391.0,1062.0,1651.0,2388.0,1878.0,,897.0,3952.0,3703.0,1608.0,162.0,365.0,5520.0,453.0,7202.0,90680.0,,0.0,0.0,117.0,,
Pennsylvania,PA,2020-09-03,136771,1698317,7732,,,,,,,,74933.0,60902.0,5.0,,18666.0,2061.0,49130.0,2248.0,64666.0,646.0,,,,,,2020-09-03 20:48:15.942608,,,,,,,3897.0,2841.0,8834.0,23917.0,20666.0,18454.0,21162.0,16498.0,10484.0,8568.0,4963.0,254.0,130.0,,,11.0,28.0,125.0,391.0,1062.0,1651.0,2388.0,1878.0,,931.0,3952.0,3703.0,1608.0,162.0,365.0,5520.0,453.0,7202.0,91346.0,,0.0,0.0,117.0,,
Pennsylvania,PA,2020-09-04,137662,1710610,7742,,,,,,,,75432.0,61268.0,5.0,,18731.0,2089.0,49592.0,2265.0,64985.0,646.0,,,,,,2020-09-04 20:48:22.740210,,,,,,,3931.0,2859.0,9020.0,24149.0,20763.0,18540.0,21252.0,16565.0,10534.0,8599.0,4993.0,257.0,131.0,,,11.0,29.0,126.0,394.0,1077.0,1671.0,2416.0,1896.0,,957.0,3987.0,3755.0,1619.0,165.0,368.0,5590.0,459.0,7283.0,91898.0,,0.0,0.0,118.0,,
Pennsylvania,PA,2020-09-05,138625,1723724,7760,,,,,,,,75941.0,61705.0,5.0,,18728.0,2112.0,49810.0,2635.0,65340.0,646.0,,,,,,2020-09-05 20:06:37.555960,,,,,,,3982.0,2877.0,9247.0,24405.0,20882.0,18640.0,21345.0,16627.0,10584.0,8624.0,5006.0,258.0,130.0,,,11.0,29.0,126.0,394.0,1077.0,1671.0,2416.0,1896.0,,974.0,3987.0,3755.0,1619.0,165.0,368.0,5590.0,459.0,7283.0,92574.0,,0.0,0.0,118.0,,
Pennsylvania,PA,2020-09-06,139316,1734623,7760,,,,,,,,76308.0,62023.0,5.0,,18768.0,2136.0,50065.0,2647.0,65700.0,646.0,,,,,,2020-09-06 20:05:31.909167,,,,,,,3992.0,2886.0,9378.0,24592.0,20957.0,18696.0,21420.0,16705.0,10631.0,8647.0,5016.0,258.0,130.0,,,11.0,29.0,126.0,394.0,1077.0,1671.0,2416.0,1896.0,,980.0,3987.0,3755.0,1619.0,165.0,368.0,5590.0,459.0,7283.0,93096.0,,0.0,0.0,118.0,,
Pennsylvania,PA,2020-09-07,139863,1744240,7780,,,,,,,,76607.0,62267.0,5.0,,18812.0,2153.0,50280.0,2653.0,65965.0,646.0,,,,,,2020-09-07 20:22:03.335853,,,,,,,4001.0,2900.0,9498.0,24759.0,21014.0,18741.0,21463.0,16746.0,10660.0,8668.0,5026.0,257.0,131.0,,,11.0,29.0,126.0,394.0,1077.0,1671.0,2416.0,1896.0,,984.0,3987.0,3755.0,1619.0,165.0,368.0,5590.0,459.0,7283.0,93472.0,,0.0,0.0,118.0,,
Pennsylvania,PA,2020-09-08,140359,1751062,7791,,,,,,,,76890.0,62480.0,5.0,,18844.0,2161.0,50493.0,2664.0,66197.0,646.0,,,,,,2020-09-08 19:57:46.261861,,,,,,,4014.0,2908.0,9610.0,24877.0,21069.0,18798.0,21527.0,16777.0,10683.0,8685.0,5036.0,258.0,131.0,,,11.0,29.0,126.0,394.0,1077.0,1671.0,2416.0,1896.0,,984.0,3987.0,3755.0,1619.0,165.0,368.0,5590.0,459.0,7283.0,93815.0,,0.0,0.0,118.0,,
Pennsylvania,PA,2020-09-09,141290,1762881,7805,,,,,,,,77406.0,62899.0,5.0,,19002.0,2199.0,51166.0,2805.0,66118.0,646.0,,,,,,2020-09-09 20:02:45.485453,,,,,,,4049.0,2925.0,9868.0,25177.0,21138.0,18870.0,21598.0,16846.0,10714.0,8716.0,5049.0,258.0,131.0,,,11.0,29.0,126.0,394.0,1077.0,1671.0,2416.0,1896.0,,980.0,3987.0,3755.0,1619.0,165.0,368.0,5590.0,459.0,7283.0,94377.0,,0.0,0.0,118.0,,
Pennsylvania,PA,2020-09-10,141877,1777152,7820,,,,,,,,77734.0,63152.0,5.0,,19118.0,2211.0,51489.0,2824.0,66235.0,646.0,,,,,,2020-09-10 20:23:08.225637,,,,,,,4074.0,2939.0,9977.0,25342.0,21205.0,18928.0,21671.0,16887.0,10749.0,8727.0,5059.0,258.0,135.0,,,11.0,29.0,126.0,394.0,1077.0,1671.0,2416.0,1896.0,,980.0,3987.0,3755.0,1619.0,165.0,368.0,5590.0,459.0,7283.0,94729.0,,0.0,0.0,118.0,,
Pennsylvania,PA,2020-09-11,142885,1790787,7837,,,,,,,,78275.0,63618.0,5.0,,19181.0,2240.0,52068.0,2841.0,66555.0,646.0,,,,,,2020-09-11 20:23:23.408687,,,,,,,4126.0,2966.0,10209.0,25657.0,21291.0,19006.0,21782.0,16949.0,10791.0,8761.0,5077.0,261.0,135.0,,,13.0,30.0,130.0,402.0,1088.0,1693.0,2446.0,1913.0,,987.0,4033.0,3804.0,1634.0,165.0,374.0,5664.0,464.0,7373.0,95367.0,,0.0,0.0,118.0,,
Pennsylvania,PA,2020-09-12,143805,1803623,7837,,,,,,,,78759.0,64052.0,5.0,,19258.0,2269.0,52533.0,2854.0,66891.0,646.0,,,,,,2020-09-12 20:04:22.008881,,,,,,,4182.0,2981.0,10380.0,25918.0,21406.0,19119.0,21878.0,17028.0,10827.0,8778.0,5092.0,263.0,135.0,,,13.0,30.0,130.0,402.0,1088.0,1693.0,2446.0,1913.0,,989.0,4033.0,3804.0,1634.0,165.0,374.0,5664.0,464.0,7373.0,95923.0,,0.0,0.0,118.0,,
Pennsylvania,PA,2020-09-13,143881,1803699,7837,,,,,,,,78759.0,64052.0,5.0,,19258.0,2269.0,52533.0,2854.0,66891.0,646.0,,,,,,2020-09-13 20:00:50.337657,,,,,,,4182.0,2981.0,10380.0,25918.0,21406.0,19119.0,21878.0,17028.0,10827.0,8778.0,5092.0,263.0,135.0,,,13.0,30.0,130.0,402.0,1088.0,1693.0,2446.0,1913.0,,989.0,4033.0,3804.0,1634.0,165.0,374.0,5664.0,464.0,7373.0,95923.0,,0.0,0.0,118.0,,
Pennsylvania,PA,2020-09-14,145063,1825451,7869,,,,,,,,79395.0,64664.0,5.0,,19350.0,2328.0,53121.0,2866.0,67398.0,646.0,,,,,,2020-09-14 20:03:10.200145,,,,,,,4221.0,3016.0,10625.0,26279.0,21531.0,19233.0,22022.0,17148.0,10883.0,8814.0,5113.0,264.0,135.0,,,13.0,30.0,130.0,402.0,1088.0,1693.0,2446.0,1913.0,,999.0,4033.0,3804.0,1634.0,165.0,374.0,5664.0,464.0,7373.0,96706.0,,0.0,0.0,118.0,,
Pennsylvania,PA,2020-09-15,146214,1837234,7875,,,,,,,,80001.0,65203.0,5.0,,19477.0,2372.0,53794.0,2965.0,67606.0,646.0,,,,,,2020-09-15 00:00:00,,,,,,,4264.0,3037.0,10837.0,26719.0,21644.0,19320.0,22130.0,17224.0,10937.0,8838.0,5127.0,265.0,136.0,,,13.0,30.0,130.0,402.0,1088.0,1693.0,2446.0,1913.0,,1005.0,4033.0,3804.0,1634.0,165.0,374.0,5664.0,464.0,7373.0,97454.0,,0.0,0.0,118.0,,
Pennsylvania,PA,2020-09-16,146214,1837234,7875,,,,,,,,80001.0,65203.0,5.0,,19477.0,2372.0,53794.0,2965.0,67606.0,646.0,,,,,,2020-09-16 20:11:38.436798,,,,,,,4264.0,3037.0,10837.0,26719.0,21644.0,19320.0,22130.0,17224.0,10937.0,8838.0,5127.0,265.0,136.0,,,13.0,30.0,130.0,402.0,1088.0,1693.0,2446.0,1913.0,,1005.0,4033.0,3804.0,1634.0,165.0,374.0,5664.0,464.0,7373.0,97454.0,,0.0,0.0,118.0,,
Pennsylvania,PA,2020-09-17,147923,1864827,7913,,,,,,,,80919.0,65983.0,5.0,,19613.0,2451.0,54671.0,3000.0,68188.0,646.0,,,,,,2020-09-17 20:13:32.106260,,,,,,,4371.0,3086.0,11091.0,27240.0,21846.0,19495.0,22324.0,17361.0,11029.0,8894.0,5155.0,267.0,135.0,,,13.0,30.0,130.0,402.0,1088.0,1693.0,2446.0,1913.0,,1016.0,4033.0,3804.0,1634.0,165.0,374.0,5664.0,464.0,7373.0,98401.0,,0.0,0.0,118.0,,
Pennsylvania,PA,2020-09-18,148683,1877033,7934,,,,,,,,81336.0,66323.0,5.0,,19662.0,2486.0,55038.0,3021.0,68476.0,646.0,,,,,,2020-09-18 20:04:36.185789,,,,,,,4455.0,3121.0,11214.0,27411.0,21937.0,19579.0,22418.0,17432.0,11073.0,8917.0,5178.0,268.0,135.0,,,14.0,30.0,131.0,410.0,1102.0,1708.0,2479.0,1937.0,,1019.0,4079.0,3855.0,1651.0,166.0,379.0,5738.0,468.0,7466.0,98866.0,,0.0,0.0,119.0,,
Pennsylvania,PA,2020-09-19,149845,1891615,7956,,,,,,,,81917.0,66869.0,5.0,,20096.0,2559.0,55945.0,1734.0,69511.0,646.0,,,,,,2020-09-19 20:55:43.580804,,,,,,,4510.0,3150.0,11435.0,27713.0,22089.0,19689.0,22546.0,17534.0,11133.0,8957.0,5195.0,268.0,136.0,,,14.0,30.0,131.0,410.0,1102.0,1708.0,2479.0,1937.0,,1054.0,4079.0,3855.0,1651.0,166.0,379.0,5738.0,468.0,7466.0,98682.0,,0.0,0.0,119.0,,
Pennsylvania,PA,2020-09-20,150578,1904389,7981,,,,,,,,82304.0,67209.0,5.0,,19889.0,2561.0,55974.0,3024.0,69130.0,646.0,,,,,,2020-09-20 19:29:14.262692,,,,,,,4521.0,3179.0,11591.0,27944.0,22148.0,19746.0,22619.0,17594.0,11174.0,8974.0,5206.0,268.0,135.0,,,14.0,30.0,131.0,410.0,1102.0,1708.0,2479.0,1937.0,,1060.0,4079.0,3855.0,1651.0,166.0,379.0,5738.0,468.0,7466.0,100034.0,,0.0,0.0,119.0,,
Pennsylvania,PA,2020-09-21,150812,1913462,8004,,,,,,,,82471.0,67307.0,5.0,,19841.0,2573.0,56170.0,3002.0,69226.0,646.0,,,,,,2020-09-21 20:41:08.698326,,,,,,,4531.0,3190.0,11628.0,28028.0,22153.0,19767.0,22645.0,17630.0,11189.0,8971.0,5208.0,268.0,135.0,,,14.0,30.0,131.0,410.0,1102.0,1708.0,2479.0,1937.0,,1029.0,4079.0,3855.0,1651.0,166.0,379.0,5738.0,468.0,7466.0,100074.0,,0.0,0.0,119.0,,
Pennsylvania,PA,2020-09-22,151646,1924986,8023,,,,,,,,82867.0,67739.0,6.0,,19973.0,2607.0,56745.0,3031.0,69290.0,646.0,,,,,,2020-09-22 20:15:46.931117,,,,,,,4576.0,3202.0,11797.0,28345.0,22238.0,19827.0,22717.0,17687.0,11222.0,8987.0,5222.0,268.0,134.0,,,14.0,30.0,131.0,410.0,1102.0,1708.0,2479.0,1937.0,,1034.0,4079.0,3855.0,1651.0,166.0,379.0,5738.0,468.0,7466.0,100569.0,,0.0,0.0,119.0,,
Pennsylvania,PA,2020-09-23,152544,1938274,8062,,,,,,,,83321.0,68160.0,6.0,,20348.0,2670.0,57739.0,1475.0,70312.0,646.0,,,,,,2020-09-23 20:04:47.387716,,,,,,,4682.0,3226.0,11948.0,28525.0,22341.0,19923.0,22831.0,17767.0,11288.0,9048.0,5244.0,269.0,134.0,,,14.0,30.0,131.0,410.0,1102.0,1708.0,2479.0,1937.0,,1058.0,4079.0,3855.0,1651.0,166.0,379.0,5738.0,468.0,7466.0,99939.0,,0.0,0.0,119.0,,
Pennsylvania,PA,2020-09-24,153397,1952128,8079,,,,,,,,83734.0,68596.0,6.0,,20402.0,2690.0,58171.0,1486.0,70648.0,646.0,,,,,,2020-09-24 20:07:35.188492,,,,,,,4739.0,3244.0,12112.0,28746.0,22457.0,20012.0,22933.0,17835.0,11326.0,9066.0,5262.0,269.0,135.0,,,14.0,30.0,131.0,410.0,1102.0,1708.0,2479.0,1937.0,,1062.0,4079.0,3855.0,1651.0,166.0,379.0,5738.0,468.0,7466.0,100473.0,,0.0,0.0,119.0,,
Pennsylvania,PA,2020-09-25,154203,1965807,8081,,,,,,,,84173.0,68967.0,6.0,,20473.0,2719.0,58596.0,1498.0,70917.0,646.0,,,,,,2020-09-25 20:12:37.297231,,,,,,,4793.0,3267.0,12215.0,28943.0,22556.0,20104.0,23026.0,17916.0,11378.0,9104.0,5289.0,270.0,135.0,,,14.0,30.0,134.0,416.0,1118.0,1736.0,2523.0,1983.0,,1058.0,4150.0,3931.0,1668.0,167.0,383.0,5863.0,472.0,7609.0,100984.0,,0.0,0.0,123.0,,
Pennsylvania,PA,2020-09-26,155232,1980685,8103,,,,,,,,84693.0,69481.0,5.0,,20533.0,2750.0,59184.0,1499.0,71266.0,646.0,,,,,,2020-09-26 20:33:15.287266,,,,,,,4839.0,3288.0,12406.0,29257.0,22650.0,20203.0,23150.0,18010.0,11422.0,9138.0,5302.0,271.0,135.0,,,14.0,30.0,134.0,416.0,1118.0,1736.0,2523.0,1983.0,,1053.0,4150.0,3931.0,1668.0,167.0,383.0,5863.0,472.0,7609.0,101656.0,,0.0,0.0,123.0,,
Pennsylvania,PA,2020-09-27,156150,1996369,8106,,,,,,,,85169.0,69922.0,5.0,,20592.0,2776.0,59648.0,1508.0,71626.0,646.0,,,,,,2020-09-27 19:55:00.898979,,,,,,,4851.0,3314.0,12567.0,29482.0,22751.0,20312.0,23253.0,18082.0,11484.0,9174.0,5322.0,274.0,135.0,,,14.0,30.0,134.0,416.0,1118.0,1736.0,2523.0,1983.0,,1054.0,4150.0,3931.0,1668.0,167.0,383.0,5863.0,472.0,7609.0,102310.0,,0.0,0.0,123.0,,
Pennsylvania,PA,2020-09-28,156826,2007435,8107,,,,,,,,85540.0,70225.0,5.0,,20622.0,2797.0,59995.0,1519.0,71893.0,646.0,,,,,,2020-09-28 20:08:05.388726,,,,,,,4882.0,3326.0,12663.0,29673.0,22835.0,20382.0,23346.0,18140.0,11519.0,9198.0,5335.0,275.0,134.0,,,14.0,30.0,134.0,416.0,1118.0,1736.0,2523.0,1983.0,,1056.0,4150.0,3931.0,1668.0,167.0,383.0,5863.0,472.0,7609.0,102710.0,,0.0,0.0,123.0,,
Pennsylvania,PA,2020-09-29,157814,2019629,8123,,,,,,,,86029.0,70721.0,6.0,,20681.0,2819.0,60548.0,1528.0,72238.0,646.0,,,,,,2020-09-29 19:57:31.133496,,,,,,,4946.0,3345.0,12849.0,29934.0,22972.0,20481.0,23452.0,18229.0,11563.0,9227.0,5353.0,275.0,134.0,,,14.0,30.0,134.0,416.0,1118.0,1736.0,2523.0,1983.0,,1058.0,4150.0,3931.0,1668.0,167.0,383.0,5863.0,472.0,7609.0,103361.0,,0.0,0.0,123.0,,
Pennsylvania,PA,2020-09-30,158967,2033051,8142,,,,,,,,86615.0,71266.0,6.0,,20830.0,2857.0,61097.0,1541.0,72642.0,646.0,,,,,,2020-09-30 20:09:06.862538,,,,,,,5043.0,3382.0,12985.0,30211.0,23124.0,20624.0,23594.0,18229.0,11637.0,9277.0,5382.0,275.0,127.0,,,14.0,30.0,134.0,416.0,1118.0,1736.0,2523.0,1983.0,,1080.0,4150.0,3931.0,1668.0,167.0,383.0,5863.0,472.0,7609.0,104036.0,,0.0,0.0,123.0,,
Pennsylvania,PA,2020-10-01,160123,2044461,8160,,,,,,,,87168.0,71863.0,6.0,,20912.0,2902.0,61711.0,1573.0,73025.0,646.0,,,,,,2020-10-01 21:10:24.002257,,,,,,,5301.0,3412.0,13122.0,30496.0,23306.0,20754.0,23726.0,18456.0,11711.0,9329.0,5405.0,279.0,127.0,,,14.0,30.0,134.0,416.0,1118.0,1736.0,2523.0,1983.0,,1086.0,4150.0,3931.0,1668.0,167.0,383.0,5863.0,472.0,7609.0,104777.0,,0.0,0.0,123.0,,
Pennsylvania,PA,2020-10-02,161284,2060877,8179,,,,,,,,87770.0,72421.0,5.0,,20989.0,2922.0,62383.0,1590.0,73400.0,646.0,,,,,,2020-10-02 20:13:09.208042,,,,,,,5378.0,3448.0,13284.0,30782.0,23463.0,20872.0,23862.0,18569.0,11780.0,9385.0,5430.0,282.0,127.0,,,15.0,30.0,135.0,421.0,1127.0,1760.0,2555.0,2006.0,,1088.0,4203.0,3976.0,1679.0,168.0,386.0,5946.0,476.0,7703.0,105520.0,,0.0,0.0,126.0,,
Pennsylvania,PA,2020-10-03,161284,2060877,8199,,,,,,,,87770.0,72421.0,5.0,,20989.0,2922.0,62383.0,1590.0,73400.0,646.0,,,,,,2020-10-03 20:24:02.054019,,,,,,,5378.0,3448.0,13284.0,30782.0,23463.0,20872.0,23862.0,18569.0,11780.0,9385.0,5430.0,282.0,127.0,,,15.0,30.0,135.0,421.0,1127.0,1760.0,2555.0,2006.0,,1088.0,4203.0,3976.0,1679.0,168.0,386.0,5946.0,476.0,7703.0,105520.0,,0.0,0.0,126.0,,
Pennsylvania,PA,2020-10-04,163535,2089636,8216,,,,,,,,88945.0,73498.0,5.0,,21138.0,2987.0,63526.0,1613.0,74271.0,646.0,,,,,,2020-10-04 19:56:35.410416,,,,,,,5534.0,3522.0,13619.0,31317.0,23758.0,21120.0,24147.0,18786.0,11902.0,9485.0,5469.0,282.0,128.0,,,15.0,30.0,135.0,421.0,1127.0,1760.0,2555.0,2006.0,,1087.0,4203.0,3976.0,1679.0,168.0,386.0,5946.0,476.0,7703.0,107002.0,,0.0,0.0,126.0,,
Pennsylvania,PA,2020-10-05,164207,2099615,8227,,,,,,,,89325.0,73792.0,5.0,,21198.0,2996.0,63907.0,1615.0,74491.0,646.0,,,,,,2020-10-05 20:00:20.131859,,,,,,,5544.0,3543.0,13714.0,31455.0,23841.0,21174.0,24236.0,18857.0,11955.0,9535.0,5487.0,282.0,128.0,,,15.0,30.0,135.0,421.0,1127.0,1760.0,2555.0,2006.0,,1085.0,4203.0,3976.0,1679.0,168.0,386.0,5946.0,476.0,7703.0,107412.0,,0.0,0.0,126.0,,
Pennsylvania,PA,2020-10-06,165243,2111582,8244,,,,,,,,89848.0,74302.0,5.0,,21295.0,3022.0,64533.0,1625.0,74768.0,646.0,,,,,,2020-10-06 20:06:32.954290,,,,,,,5653.0,3563.0,13879.0,31707.0,23976.0,21284.0,24353.0,18968.0,12019.0,9577.0,5503.0,285.0,129.0,,,15.0,30.0,135.0,421.0,1127.0,1760.0,2555.0,2006.0,,1088.0,4203.0,3976.0,1679.0,168.0,386.0,5946.0,476.0,7703.0,108011.0,,0.0,0.0,126.0,,
Pennsylvania,PA,2020-10-07,167928,2147166,8299,,,,,,,,91218.0,75598.0,5.0,,21456.0,3087.0,65844.0,1641.0,75900.0,2748.0,,,,,,2020-10-07 00:00:00,,,,,,,5865.0,3627.0,14240.0,32308.0,24341.0,21647.0,24697.0,19223.0,12167.0,9702.0,5550.0,287.0,139.0,,,15.0,30.0,135.0,421.0,1127.0,1760.0,2555.0,2006.0,,1107.0,4203.0,3976.0,1679.0,168.0,386.0,5946.0,476.0,7703.0,109832.0,,0.0,0.0,126.0,,
Pennsylvania,PA,2020-10-08,167928,2147166,8299,,,,,,,,91218.0,75598.0,5.0,,21456.0,3087.0,65844.0,1641.0,75900.0,2748.0,,,,,,2020-10-08 20:12:36.570174,,,,,,,5865.0,3627.0,14240.0,32308.0,24341.0,21647.0,24697.0,19223.0,12167.0,9702.0,5550.0,287.0,139.0,,,15.0,30.0,135.0,421.0,1127.0,1760.0,2555.0,2006.0,,1107.0,4203.0,3976.0,1679.0,168.0,386.0,5946.0,476.0,7703.0,109832.0,,0.0,0.0,126.0,,
Pennsylvania,PA,2020-10-09,169308,2163086,8308,,,,,,,,91947.0,76244.0,5.0,,21542.0,3117.0,66479.0,1659.0,76511.0,2936.0,,,,,,2020-10-09 20:00:33.708516,,,,,,,5987.0,3678.0,14412.0,32588.0,24526.0,21824.0,24886.0,19382.0,12250.0,9764.0,5571.0,288.0,139.0,,,17.0,32.0,139.0,425.0,1145.0,1781.0,2597.0,2041.0,,1112.0,4269.0,4039.0,1690.0,169.0,390.0,6059.0,480.0,7828.0,110712.0,,0.0,0.0,127.0,,
Pennsylvania,PA,2020-10-10,171050,2184402,8344,,,,,,,,92861.0,77068.0,5.0,,21635.0,3141.0,67335.0,1680.0,77259.0,2928.0,,,,,,2020-10-10 00:00:00,,,,,,,6088.0,3733.0,14663.0,32983.0,24743.0,22039.0,25116.0,19549.0,12362.0,9833.0,5597.0,293.0,139.0,,,17.0,32.0,139.0,425.0,1145.0,1781.0,2597.0,2041.0,,1116.0,4269.0,4039.0,1690.0,169.0,390.0,6059.0,480.0,7828.0,111931.0,,0.0,0.0,127.0,,
Pennsylvania,PA,2020-10-11,171050,2184402,8344,,,,,,,,92861.0,77068.0,5.0,,21635.0,3141.0,67335.0,1680.0,77259.0,2928.0,,,,,,2020-10-11 19:59:16.713003,,,,,,,6088.0,3733.0,14663.0,32983.0,24743.0,22039.0,25116.0,19549.0,12362.0,9833.0,5597.0,293.0,139.0,,,17.0,32.0,139.0,425.0,1145.0,1781.0,2597.0,2041.0,,1116.0,4269.0,4039.0,1690.0,169.0,390.0,6059.0,480.0,7828.0,111931.0,,0.0,0.0,127.0,,
Pennsylvania,PA,2020-10-12,173304,2211774,8368,,,,,,,,94036.0,78135.0,5.0,,21786.0,3218.0,68468.0,1697.0,78135.0,2900.0,,,,,,2020-10-12 20:05:27.579300,,,,,,,6236.0,3828.0,14943.0,33443.0,25051.0,22324.0,25439.0,19795.0,12504.0,9915.0,5627.0,294.0,141.0,,,17.0,32.0,139.0,425.0,1145.0,1781.0,2597.0,2041.0,,1128.0,4269.0,4039.0,1690.0,169.0,390.0,6059.0,480.0,7828.0,113472.0,,0.0,0.0,127.0,,
Pennsylvania,PA,2020-10-13,174646,2228346,8384,,,,,,,,94735.0,78786.0,5.0,,21867.0,3256.0,69067.0,1705.0,78751.0,3092.0,,,,,,2020-10-13 19:47:50.138841,,,,,,,6393.0,3876.0,15088.0,33735.0,25244.0,22504.0,25610.0,19923.0,12606.0,9971.0,5654.0,294.0,141.0,,,17.0,32.0,139.0,425.0,1145.0,1781.0,2597.0,2041.0,,1120.0,4269.0,4039.0,1690.0,169.0,390.0,6059.0,480.0,7828.0,114341.0,,0.0,0.0,127.0,,
Pennsylvania,PA,2020-10-14,175922,2244079,8411,,,,,,,,95396.0,79395.0,5.0,,21960.0,3283.0,69653.0,1732.0,79294.0,2996.0,,,,,,2020-10-14 20:01:35.791094,,,,,,,6572.0,3927.0,15201.0,33994.0,25444.0,22665.0,25806.0,20070.0,12701.0,10010.0,5665.0,295.0,144.0,,,17.0,32.0,139.0,425.0,1145.0,1781.0,2597.0,2041.0,,1126.0,4269.0,4039.0,1690.0,169.0,390.0,6059.0,480.0,7828.0,115195.0,,0.0,0.0,127.0,,
Pennsylvania,PA,2020-10-15,177520,2259991,8432,,,,,,,,96247.0,80132.0,5.0,,22147.0,3356.0,70526.0,1793.0,79698.0,3196.0,,,,,,2020-10-15 21:38:30.047795,,,,,,,6726.0,3982.0,15359.0,34331.0,25651.0,22866.0,26049.0,20254.0,12801.0,10090.0,5701.0,296.0,140.0,,,17.0,32.0,139.0,425.0,1145.0,1781.0,2597.0,2041.0,,1136.0,4269.0,4039.0,1690.0,169.0,390.0,6059.0,480.0,7828.0,116193.0,,0.0,0.0,127.0,,
Pennsylvania,PA,2020-10-16,179086,2275213,8457,,,,,,,,97066.0,80860.0,5.0,,22299.0,3407.0,71353.0,1784.0,80243.0,3311.0,,,,,,2020-10-16 20:39:52.689432,,,,,,,6917.0,4045.0,15546.0,34652.0,25848.0,23056.0,26277.0,20407.0,12920.0,10174.0,5722.0,298.0,141.0,,,17.0,34.0,143.0,428.0,1163.0,1808.0,2645.0,2084.0,,1155.0,4354.0,4103.0,1707.0,169.0,394.0,6187.0,485.0,7972.0,117119.0,,0.0,0.0,131.0,,
Pennsylvania,PA,2020-10-17,180943,2293700,8466,,,,,,,,98046.0,81728.0,7.0,,22464.0,3445.0,72229.0,1797.0,81008.0,3379.0,,,,,,2020-10-17 20:05:09.771910,,,,,,,7093.0,4095.0,15753.0,35007.0,26090.0,23299.0,26554.0,20613.0,13060.0,10263.0,5770.0,298.0,141.0,,,17.0,34.0,143.0,428.0,1163.0,1808.0,2645.0,2084.0,,1162.0,4354.0,4103.0,1707.0,169.0,394.0,6187.0,485.0,7972.0,118322.0,,0.0,0.0,131.0,,
Pennsylvania,PA,2020-10-18,182212,2307699,8492,,,,,,,,98719.0,82316.0,7.0,,22587.0,3485.0,72892.0,1811.0,81437.0,3355.0,,,,,,2020-10-18 20:01:51.969527,,,,,,,7164.0,4147.0,15885.0,35247.0,26266.0,23457.0,26752.0,20757.0,13156.0,10311.0,5794.0,299.0,141.0,,,17.0,34.0,143.0,428.0,1163.0,1808.0,2645.0,2084.0,,1170.0,4354.0,4103.0,1707.0,169.0,394.0,6187.0,485.0,7972.0,119138.0,,0.0,0.0,131.0,,
Pennsylvania,PA,2020-10-19,183315,2320020,8500,,,,,,,,99348.0,82803.0,6.0,,22675.0,3508.0,73439.0,1841.0,81852.0,3471.0,,,,,,2020-10-19 20:12:26.011247,,,,,,,7261.0,4185.0,16003.0,35432.0,26422.0,23617.0,26920.0,20887.0,13235.0,10359.0,5814.0,301.0,140.0,,,17.0,34.0,143.0,428.0,1163.0,1808.0,2645.0,2084.0,,1158.0,4354.0,4103.0,1707.0,169.0,394.0,6187.0,485.0,7972.0,119892.0,,0.0,0.0,131.0,,
Pennsylvania,PA,2020-10-20,184872,2333048,8533,,,,,,,,100114.0,83593.0,6.0,,22857.0,3556.0,74306.0,1852.0,82301.0,3663.0,,,,,,2020-10-20 20:33:15.653337,,,,,,,7463.0,4238.0,16161.0,35726.0,26684.0,23843.0,27144.0,21063.0,13322.0,10419.0,5835.0,302.0,135.0,,,17.0,34.0,143.0,428.0,1163.0,1808.0,2645.0,2084.0,,1159.0,4354.0,4103.0,1707.0,169.0,394.0,6187.0,485.0,7972.0,120801.0,,0.0,0.0,131.0,,
Pennsylvania,PA,2020-10-21,186297,2346184,8562,,,,,,,,100878.0,84232.0,7.0,,23049.0,3630.0,75133.0,1885.0,82600.0,3855.0,,,,,,2020-10-21 19:52:26.031521,,,,,,,7649.0,4294.0,16322.0,35965.0,26901.0,24024.0,27359.0,21231.0,13419.0,10478.0,5865.0,304.0,135.0,,,17.0,34.0,143.0,428.0,1163.0,1808.0,2645.0,2084.0,,1180.0,4354.0,4103.0,1707.0,169.0,394.0,6187.0,485.0,7972.0,121390.0,,0.0,0.0,131.0,,
Pennsylvania,PA,2020-10-22,188360,2365562,8592,,,,,,,,101944.0,85207.0,7.0,,23222.0,3676.0,76233.0,1915.0,83314.0,4156.0,,,,,,2020-10-22 19:08:58.634432,,,,,,,7877.0,4367.0,16516.0,36319.0,27196.0,24313.0,27659.0,21483.0,13579.0,10569.0,5917.0,306.0,136.0,,,17.0,34.0,143.0,428.0,1163.0,1808.0,2645.0,2084.0,,1202.0,4354.0,4103.0,1707.0,169.0,394.0,6187.0,485.0,7972.0,122746.0,,0.0,0.0,131.0,,
Pennsylvania,PA,2020-10-23,190579,2383304,8625,,,,,,,,103137.0,86225.0,8.0,,23410.0,3730.0,77307.0,1975.0,84157.0,4272.0,,,,,,2020-10-23 20:01:55.459252,,,,,,,8143.0,4466.0,16787.0,36767.0,27497.0,24600.0,27959.0,21734.0,13723.0,10640.0,5966.0,306.0,134.0,,,17.0,34.0,146.0,435.0,1179.0,1845.0,2698.0,2132.0,,1209.0,4440.0,4185.0,1716.0,172.0,400.0,6337.0,493.0,8132.0,124203.0,,0.0,0.0,135.0,,
Pennsylvania,PA,2020-10-24,192622,2399356,8654,,,,,,,,104260.0,87154.0,7.0,,23619.0,3782.0,78483.0,1962.0,84776.0,4348.0,,,,,,2020-10-24 19:55:12.730142,,,,,,,8323.0,4524.0,17028.0,37143.0,27780.0,24896.0,28277.0,21961.0,13852.0,10717.0,6003.0,307.0,134.0,,,17.0,34.0,146.0,435.0,1179.0,1845.0,2698.0,2132.0,,1201.0,4440.0,4185.0,1716.0,172.0,400.0,6337.0,493.0,8132.0,125440.0,,0.0,0.0,135.0,,
Pennsylvania,PA,2020-10-25,194288,2415843,8666,,,,,,,,105156.0,87906.0,8.0,,23772.0,3838.0,79280.0,1969.0,85429.0,4416.0,,,,,,2020-10-25 20:05:55.229335,,,,,,,8422.0,4600.0,17210.0,37448.0,28027.0,25120.0,28502.0,22164.0,13954.0,10788.0,6032.0,309.0,134.0,,,17.0,34.0,146.0,435.0,1179.0,1845.0,2698.0,2132.0,,1218.0,4440.0,4185.0,1716.0,172.0,400.0,6337.0,493.0,8132.0,126622.0,,0.0,0.0,135.0,,
Pennsylvania,PA,2020-10-26,195695,2428606,8673,,,,,,,,105902.0,88545.0,8.0,,23845.0,3868.0,79949.0,1983.0,86050.0,4552.0,,,,,,2020-10-26 20:02:22.427142,,,,,,,8519.0,4641.0,17331.0,37672.0,28231.0,25334.0,28722.0,22362.0,14052.0,10845.0,6061.0,310.0,134.0,,,17.0,34.0,146.0,435.0,1179.0,1845.0,2698.0,2132.0,,1240.0,4440.0,4185.0,1716.0,172.0,400.0,6337.0,493.0,8132.0,127601.0,,0.0,0.0,135.0,,
Pennsylvania,PA,2020-10-27,198446,2444172,8696,,,,,,,,107388.0,89782.0,8.0,,24189.0,3953.0,81148.0,2061.0,87095.0,4680.0,,,,,,2020-10-27 20:09:35.746123,,,,,,,8797.0,4742.0,17598.0,38169.0,28710.0,25732.0,29100.0,22661.0,14223.0,10956.0,6110.0,311.0,134.0,,,17.0,34.0,146.0,435.0,1179.0,1845.0,2698.0,2132.0,,1268.0,4440.0,4185.0,1716.0,172.0,400.0,6337.0,493.0,8132.0,129567.0,,0.0,0.0,135.0,,
Pennsylvania,PA,2020-10-28,200674,2460892,8718,,,,,,,,108573.0,90811.0,8.0,,24425.0,4017.0,82223.0,2044.0,87965.0,4748.0,,,,,,2020-10-28 20:03:24.919404,,,,,,,9028.0,4827.0,17829.0,38561.0,29054.0,26030.0,29453.0,22934.0,14375.0,11021.0,6144.0,312.0,134.0,,,17.0,34.0,146.0,435.0,1179.0,1845.0,2698.0,2132.0,,1282.0,4440.0,4185.0,1716.0,172.0,400.0,6337.0,493.0,8132.0,130850.0,,0.0,0.0,135.0,,
Pennsylvania,PA,2020-10-29,202876,2476439,8762,,,,,,,,109858.0,91819.0,8.0,,24608.0,4071.0,83321.0,2102.0,88774.0,4907.0,,,,,,2020-10-29 20:10:02.600155,,,,,,,9265.0,4912.0,18038.0,38975.0,29403.0,26298.0,29785.0,23204.0,14524.0,11105.0,6182.0,315.0,135.0,,,17.0,34.0,146.0,435.0,1179.0,1845.0,2698.0,2132.0,,1191.0,4440.0,4185.0,1716.0,172.0,400.0,6337.0,493.0,8132.0,132251.0,,0.0,0.0,135.0,,
Pennsylvania,PA,2020-10-30,205517,2493927,8784,,,,,,,,111255.0,93035.0,8.0,,24913.0,4144.0,84529.0,2110.0,89821.0,5012.0,,,,,,2020-10-30 19:41:04.191887,,,,,,,9573.0,4982.0,18319.0,39438.0,29834.0,26665.0,30187.0,23503.0,14701.0,11217.0,6218.0,317.0,136.0,,,17.0,36.0,149.0,438.0,1197.0,1878.0,2759.0,2169.0,,1219.0,4519.0,4265.0,1728.0,173.0,404.0,6479.0,497.0,8287.0,133988.0,,0.0,0.0,137.0,,
Pennsylvania,PA,2020-10-31,208027,2512797,8812,,,,,,,,112587.0,94196.0,8.0,,25067.0,4196.0,85775.0,2141.0,90848.0,5036.0,,,,,,2020-10-31 20:06:48.880605,,,,,,,9864.0,5071.0,18571.0,39941.0,30219.0,27003.0,30529.0,23788.0,14850.0,11324.0,6272.0,321.0,138.0,,,17.0,36.0,149.0,438.0,1197.0,1878.0,2759.0,2169.0,,1236.0,4519.0,4265.0,1728.0,173.0,404.0,6479.0,497.0,8287.0,135731.0,,0.0,0.0,137.0,,
Pennsylvania,PA,2020-11-01,209936,2527701,8817,,,,,,,,113619.0,95065.0,8.0,,25211.0,4235.0,86635.0,2180.0,91675.0,5068.0,,,,,,2020-11-01 20:20:44.865340,,,,,,,10045.0,5149.0,18767.0,40287.0,30502.0,27265.0,30808.0,24012.0,14980.0,11400.0,6305.0,322.0,139.0,,,17.0,36.0,149.0,438.0,1197.0,1878.0,2759.0,2169.0,,1244.0,4519.0,4265.0,1728.0,173.0,404.0,6479.0,497.0,8287.0,137121.0,,0.0,0.0,137.0,,
Pennsylvania,PA,2020-11-02,211996,2540428,8823,,,,,,,,114713.0,96027.0,8.0,,25344.0,4271.0,87559.0,2220.0,92602.0,5408.0,,,,,,2020-11-02 19:55:08.593334,,,,,,,10232.0,5233.0,18956.0,40642.0,30824.0,27557.0,31111.0,24254.0,15121.0,11482.0,6352.0,324.0,140.0,,,17.0,36.0,149.0,438.0,1197.0,1878.0,2759.0,2169.0,,1248.0,4519.0,4265.0,1728.0,173.0,404.0,6479.0,497.0,8287.0,138670.0,,0.0,0.0,137.0,,
Pennsylvania,PA,2020-11-03,214871,2558709,8855,,,,,,,,116155.0,97439.0,8.0,,25784.0,4348.0,88959.0,2193.0,93587.0,5668.0,,,,,,2020-11-03 20:18:34.577352,,,,,,,10508.0,5334.0,19225.0,41193.0,31307.0,27942.0,31530.0,24574.0,15337.0,11584.0,6377.0,328.0,140.0,,,17.0,36.0,149.0,438.0,1197.0,1878.0,2759.0,2169.0,,1269.0,4519.0,4265.0,1728.0,173.0,404.0,6479.0,497.0,8287.0,140293.0,,0.0,0.0,137.0,,
Pennsylvania,PA,2020-11-04,217666,2581065,8890,,,,,,,,117682.0,98686.0,9.0,,26002.0,4417.0,90395.0,2233.0,94619.0,6124.0,,,,,,2020-11-04 20:16:38.506663,,,,,,,10866.0,5410.0,19481.0,41683.0,31750.0,28326.0,31945.0,24900.0,15535.0,11729.0,6438.0,329.0,140.0,,,17.0,36.0,149.0,438.0,1197.0,1878.0,2759.0,2169.0,,1289.0,4519.0,4265.0,1728.0,173.0,404.0,6479.0,497.0,8287.0,142225.0,,0.0,0.0,137.0,,
Pennsylvania,PA,2020-11-05,220566,2600684,8937,,,,,,,,119209.0,100045.0,8.0,,26297.0,4491.0,91882.0,2290.0,95606.0,6396.0,,,,,,2020-11-05 21:25:36.770060,,,,,,,11218.0,5506.0,19725.0,42251.0,32195.0,28751.0,32392.0,25211.0,15721.0,11860.0,6485.0,329.0,140.0,,,17.0,36.0,149.0,438.0,1197.0,1878.0,2759.0,2169.0,,1304.0,4519.0,4265.0,1728.0,173.0,404.0,6479.0,497.0,8287.0,144189.0,,0.0,0.0,137.0,,
Pennsylvania,PA,2020-11-06,223950,2620624,8975,,,,,,,,121003.0,101621.0,9.0,,26525.0,4560.0,93549.0,2341.0,96975.0,6388.0,,,,,,2020-11-06 20:00:55.666741,,,,,,,11692.0,5648.0,20123.0,42912.0,32703.0,29197.0,32892.0,25556.0,15924.0,11997.0,6530.0,329.0,139.0,,,17.0,37.0,151.0,444.0,1218.0,1929.0,2819.0,2216.0,,1317.0,4602.0,4373.0,1735.0,174.0,414.0,6652.0,508.0,8467.0,146526.0,,0.0,0.0,140.0,,
Pennsylvania,PA,2020-11-07,227985,2641858,9015,,,,,,,,123163.0,103474.0,9.0,,26890.0,4628.0,95282.0,2325.0,98860.0,6703.0,,,,,,2020-11-07 20:51:28.546105,,,,,,,12248.0,5789.0,20536.0,43711.0,33376.0,29742.0,33438.0,25989.0,16189.0,12143.0,6596.0,334.0,142.0,,,17.0,37.0,151.0,444.0,1218.0,1929.0,2819.0,2216.0,,1339.0,4602.0,4373.0,1735.0,174.0,414.0,6652.0,508.0,8467.0,149336.0,,0.0,0.0,140.0,,
Pennsylvania,PA,2020-11-08,230894,2660077,9020,,,,,,,,124705.0,104816.0,9.0,,27155.0,4693.0,96591.0,2389.0,100066.0,6895.0,,,,,,2020-11-08 20:26:27.520306,,,,,,,12452.0,5907.0,20870.0,44273.0,33816.0,30133.0,33860.0,26267.0,16379.0,12266.0,6646.0,335.0,142.0,,,17.0,37.0,151.0,444.0,1218.0,1929.0,2819.0,2216.0,,1364.0,4602.0,4373.0,1735.0,174.0,414.0,6652.0,508.0,8467.0,151474.0,,0.0,0.0,140.0,,
Pennsylvania,PA,2020-11-09,234296,2677293,9024,,,,,,,,126482.0,106426.0,8.0,,27466.0,4748.0,98029.0,2449.0,101604.0,7263.0,,,,,,2020-11-09 19:19:43.350258,,,,,,,12859.0,6032.0,21237.0,44929.0,34330.0,30582.0,34315.0,26664.0,16617.0,12399.0,6709.0,340.0,142.0,,,17.0,37.0,151.0,444.0,1218.0,1929.0,2819.0,2216.0,,1380.0,4602.0,4373.0,1735.0,174.0,414.0,6652.0,508.0,8467.0,154131.0,,0.0,0.0,140.0,,
Pennsylvania,PA,2020-11-10,238657,2695935,9086,,,,,,,,128744.0,108503.0,9.0,,28003.0,4857.0,100052.0,2394.0,103351.0,7710.0,,,,,,2020-11-10 19:43:46.073209,,,,,,,13507.0,6198.0,21665.0,45773.0,35018.0,31163.0,34971.0,27127.0,16896.0,12575.0,6777.0,346.0,148.0,,,17.0,37.0,151.0,444.0,1218.0,1929.0,2819.0,2216.0,,1401.0,4602.0,4373.0,1735.0,174.0,414.0,6652.0,508.0,8467.0,156966.0,,0.0,0.0,140.0,,
Pennsylvania,PA,2020-11-11,243368,2718043,9145,,,,,,,,131239.0,110704.0,9.0,,28362.0,4922.0,102186.0,2455.0,105443.0,8278.0,,,,,,2020-11-11 19:45:54.414384,,,,,,,14086.0,6344.0,22214.0,46617.0,35741.0,31770.0,35717.0,27638.0,17226.0,12742.0,6860.0,349.0,150.0,,,17.0,37.0,151.0,444.0,1218.0,1929.0,2819.0,2216.0,,1416.0,4602.0,4373.0,1735.0,174.0,414.0,6652.0,508.0,8467.0,160353.0,,0.0,0.0,140.0,,
Pennsylvania,PA,2020-11-12,248856,2740774,9194,,,,,,,,134187.0,113224.0,10.0,,28874.0,5026.0,104940.0,2478.0,107538.0,8784.0,,,,,,2020-11-12 20:45:48.611194,,,,,,,14731.0,6543.0,22754.0,47618.0,36558.0,32528.0,36562.0,28235.0,17579.0,12992.0,6981.0,356.0,150.0,,,17.0,37.0,151.0,444.0,1218.0,1929.0,2819.0,2216.0,,1435.0,4602.0,4373.0,1735.0,174.0,414.0,6652.0,508.0,8467.0,164042.0,,0.0,0.0,140.0,,
Pennsylvania,PA,2020-11-13,254387,2763140,9224,,,,,,,,137201.0,115716.0,10.0,,29334.0,5146.0,107793.0,2551.0,109563.0,9256.0,,,,,,2020-11-13 21:16:46.565835,,,,,,,15231.0,6735.0,23303.0,48629.0,37387.0,33267.0,37375.0,28862.0,17952.0,13230.0,7121.0,368.0,158.0,,,18.0,39.0,154.0,450.0,1247.0,1987.0,2903.0,2277.0,,1460.0,4723.0,4501.0,1750.0,179.0,422.0,6873.0,516.0,8708.0,167965.0,,0.0,0.0,144.0,,
Pennsylvania,PA,2020-11-14,259938,2782307,9274,,,,,,,,140231.0,118214.0,11.0,,30009.0,5244.0,110358.0,2551.0,111776.0,9496.0,,,,,,2020-11-14 19:59:26.196968,,,,,,,15778.0,6907.0,23844.0,49653.0,38288.0,34067.0,38166.0,29502.0,18342.0,13431.0,7212.0,373.0,153.0,,,18.0,39.0,154.0,450.0,1247.0,1987.0,2903.0,2277.0,,1482.0,4723.0,4501.0,1750.0,179.0,422.0,6873.0,516.0,8708.0,171806.0,,0.0,0.0,144.0,,
Pennsylvania,PA,2020-11-15,265137,2808477,9312,,,,,,,,143024.0,120562.0,10.0,,30471.0,5287.0,112647.0,2609.0,114123.0,9760.0,,,,,,2020-11-15 19:58:35.684387,,,,,,,16156.0,7078.0,24401.0,50609.0,39083.0,34766.0,38994.0,30143.0,18647.0,13599.0,7280.0,379.0,158.0,,,18.0,39.0,154.0,450.0,1247.0,1987.0,2903.0,2277.0,,1541.0,4723.0,4501.0,1750.0,179.0,422.0,6873.0,516.0,8708.0,175743.0,,0.0,0.0,144.0,,
Pennsylvania,PA,2020-11-16,269613,2826754,9325,,,,,,,,145404.0,122669.0,10.0,,30954.0,5368.0,114476.0,2666.0,116149.0,10300.0,,,,,,2020-11-16 19:54:47.943991,,,,,,,16480.0,7234.0,24863.0,51353.0,39813.0,35396.0,39664.0,30667.0,18960.0,13770.0,7352.0,383.0,158.0,,,18.0,39.0,154.0,450.0,1247.0,1987.0,2903.0,2277.0,,1530.0,4723.0,4501.0,1750.0,179.0,422.0,6873.0,516.0,8708.0,178906.0,,0.0,0.0,144.0,,
Pennsylvania,PA,2020-11-17,275513,2846771,9355,,,,,,,,148540.0,125414.0,10.0,,31515.0,5455.0,117339.0,2688.0,118516.0,10948.0,,,,,,2020-11-17 20:34:33.525066,,,,,,,17209.0,7442.0,25436.0,52372.0,40689.0,36269.0,40511.0,31412.0,19377.0,14017.0,7440.0,388.0,160.0,,,18.0,39.0,154.0,450.0,1247.0,1987.0,2903.0,2277.0,,1549.0,4723.0,4501.0,1750.0,179.0,422.0,6873.0,516.0,8708.0,183150.0,,0.0,0.0,144.0,,
Pennsylvania,PA,2020-11-18,281852,2872964,9465,,,,,,,,151979.0,128238.0,10.0,,32119.0,5532.0,120419.0,2733.0,121049.0,11616.0,,,,,,2020-11-18 20:00:00.823610,,,,,,,17874.0,7644.0,26013.0,53424.0,41685.0,37185.0,41455.0,32215.0,19844.0,14286.0,7548.0,390.0,163.0,,,18.0,39.0,154.0,450.0,1247.0,1987.0,2903.0,2277.0,,1625.0,4723.0,4501.0,1750.0,179.0,422.0,6873.0,516.0,8708.0,187789.0,,0.0,0.0,144.0,,
Pennsylvania,PA,2020-11-19,288978,2899850,9581,,,,,,,,155859.0,131436.0,10.0,,32866.0,5651.0,124022.0,2817.0,123622.0,11808.0,,,,,,2020-11-19 20:30:15.121379,,,,,,,18655.0,7861.0,26670.0,54712.0,42798.0,38170.0,42518.0,33136.0,20317.0,14543.0,7683.0,402.0,168.0,,,18.0,39.0,154.0,450.0,1247.0,1987.0,2903.0,2277.0,,1673.0,4723.0,4501.0,1750.0,179.0,422.0,6873.0,516.0,8708.0,192709.0,,0.0,0.0,144.0,,
Pennsylvania,PA,2020-11-20,295786,2925325,9689,,,,,,,,159446.0,134606.0,11.0,,34885.0,5946.0,128573.0,2998.0,123384.0,12648.0,,,,,,2020-11-20 21:16:35.283302,,,,,,,19331.0,8054.0,27306.0,55849.0,43835.0,39119.0,43599.0,34004.0,20819.0,14833.0,7800.0,404.0,164.0,,,18.0,41.0,163.0,465.0,1300.0,2095.0,3067.0,2383.0,,1723.0,4965.0,4724.0,1780.0,189.0,428.0,7292.0,526.0,9163.0,197243.0,,0.0,0.0,152.0,,
Pennsylvania,PA,2020-11-22,309639,2979923,9842,,,,,,,,166876.0,140958.0,11.0,,35940.0,6171.0,135405.0,3104.0,129019.0,13516.0,,,,,,2020-11-22 19:50:41.506858,,,,,,,20701.0,8464.0,28559.0,58303.0,46002.0,41097.0,45781.0,35692.0,21782.0,15336.0,8039.0,417.0,167.0,,,18.0,41.0,163.0,465.0,1300.0,2095.0,3067.0,2383.0,,1794.0,4965.0,4724.0,1780.0,189.0,428.0,7292.0,526.0,9163.0,207337.0,,0.0,0.0,152.0,,
Pennsylvania,PA,2020-11-23,314401,2998537,9870,,,,,,,,169473.0,143120.0,11.0,,36334.0,6242.0,137506.0,3066.0,131253.0,13836.0,,,,,,2020-11-23 20:07:57.240934,,,,,,,21034.0,8594.0,28956.0,59186.0,46742.0,41735.0,46522.0,36294.0,22124.0,15542.0,8120.0,418.0,168.0,,,18.0,41.0,163.0,465.0,1300.0,2095.0,3067.0,2383.0,,1797.0,4965.0,4724.0,1780.0,189.0,428.0,7292.0,526.0,9163.0,210847.0,,0.0,0.0,152.0,,
Pennsylvania,PA,2020-11-24,321070,3022436,9951,,,,,,,,173069.0,146173.0,13.0,,37006.0,6373.0,140618.0,3152.0,133921.0,15588.0,,,,,,2020-11-24 23:52:57.242112,,,,,,,22002.0,8823.0,29588.0,60431.0,47722.0,42644.0,47519.0,37084.0,22622.0,15811.0,8236.0,425.0,165.0,,,18.0,41.0,163.0,465.0,1300.0,2095.0,3067.0,2383.0,,1815.0,4965.0,4724.0,1780.0,189.0,428.0,7292.0,526.0,9163.0,215692.0,,0.0,0.0,152.0,,
Pennsylvania,PA,2020-11-25,327829,3048282,10095,,,,,,,,176608.0,149363.0,12.0,,37553.0,6450.0,144035.0,3230.0,136561.0,15960.0,,,,,,2020-11-25 19:32:44.746474,,,,,,,22768.0,9045.0,30167.0,61610.0,48775.0,43609.0,48563.0,37907.0,23092.0,16107.0,8357.0,429.0,168.0,,,18.0,41.0,163.0,465.0,1300.0,2095.0,3067.0,2383.0,,1846.0,4965.0,4724.0,1780.0,189.0,428.0,7292.0,526.0,9163.0,220596.0,,0.0,0.0,152.0,,
Pennsylvania,PA,2020-11-26,336254,3077628,10213,,,,,,,,181109.0,153240.0,12.0,,38196.0,6588.0,148102.0,3277.0,140091.0,16348.0,,,,,,2020-11-26 20:02:12.651173,,,,,,,23855.0,9309.0,30886.0,63077.0,50030.0,44825.0,49834.0,38915.0,23716.0,16496.0,8541.0,442.0,183.0,,,18.0,41.0,163.0,465.0,1300.0,2095.0,3067.0,2383.0,,1893.0,4965.0,4724.0,1780.0,189.0,428.0,7292.0,526.0,9163.0,226476.0,,0.0,0.0,152.0,,
