state,stateAbbrev,date,Cases,Tested,Deaths,Hospitalizations,Hospitalized_Age [0-1],Hospitalized_Age [1-14],Hospitalized_Age [15-24],Hospitalized_Age [25-44],Hospitalized_Age [45-64],Hospitalized_Age [65-84],Hospitalized_Age [85+],HospitalizationsPending,HospitalizedPending_Age [0-1],HospitalizedPending_Age [1-14],HospitalizedPending_Age [15-24],HospitalizedPending_Age [25-44],HospitalizedPending_Age [45-64],HospitalizedPending_Age [65-84],HospitalizedPending_Age [85+],Age [0-1],Age [1-14],Age [15-24],Age [25-44],Age [45-64],Age [65-84],Age [85+],Female,Male,Female_Age [0-1],Female_Age [1-14],Female_Age [15-24],Female_Age [25-44],Female_Age [45-64],Female_Age [65-84],Female_Age [85+],Male_Age [0-1],Male_Age [1-14],Male_Age [15-24],Male_Age [25-44],Male_Age [45-64],Male_Age [65-84],Male_Age [85+],Race_Cases [American Indian/Alaska Native],Race_Cases [Asian],Race_Cases [Black/African American],Race_Cases [Hispanic or Latino],Race_Cases [Native Hawaiian/Pacific Islander],"Race_Cases [White alone, not Hispanic or Latino]",Race_Cases [Other race],Race_Cases [Unknown],Race_Cases [Statewide],Race_Hospitalizations [American Indian/Alaska Native],Race_Hospitalizations [Asian],Race_Hospitalizations [Black/African American],Race_Hospitalizations [Hispanic or Latino],Race_Hospitalizations [Native Hawaiian/Pacific Islander],"Race_Hospitalizations [White alone, not Hispanic or Latino]",Race_Hospitalizations [Other race],Race_Hospitalizations [Unknown],Race_Hospitalizations [Statewide],pullTime,Race_Deaths [American Indian/Alaska Native],Race_Deaths [Asian],Race_Deaths [Black/African American],Race_Deaths [Hispanic or Latino],Race_Deaths [Native Hawaiian/Pacific Islander],"Race_Deaths [White alone, not Hispanic or Latino]",Race_Deaths [Other race],Race_Deaths [Unknown],Race_Deaths [Statewide],Tests
Utah,UT,2020-04-02,1074,21065,7,100,0,0,6,19,42,33,0,122,1,5,25,42,34,14,1,2,17,152,426,344,130,3,489,577,1,6,80,193,153,54,2,,11,69,232,189,75,1,,,,,,,,,,,,,,,,,,,2020-04-02 00:00:00,,,,,,,,,,
Utah,UT,2020-04-03,1246,24248,7,106,0,0,6,19,43,37,1,142,0,2,28,57,40,15,0,3,19,187,501,388,145,3,568,675,2,7,101,226,174,56,2,1.0,12,86,274,212,89,1,,,,,,,,,,,,,,,,,,,2020-04-03 00:00:00,,,,,,,,,,
Utah,UT,2020-04-04,1428,28043,8,117,0,0,6,21,50,39,1,143,1,3,32,57,35,15,0,6,25,222,582,434,159,4,668,759,3,11,121,267,200,63,3,3.0,14,99,314,232,96,1,,,,,,,,,,,,,,,,,,,2020-04-04 00:00:00,,,,,,,,,,
Utah,UT,2020-04-05,1605,30892,8,124,0,0,6,24,54,39,1,167,1,7,35,51,46,25,1,7,31,249,646,486,180,5,748,854,4,14,138,296,222,70,4,3.0,17,111,350,261,110,1,,,,,,,,,,,,,,,,,,,2020-04-05 00:00:00,,,,,,,,,,
Utah,UT,2020-04-06,1675,33394,13,138,0,0,7,28,59,43,1,134,1,4,25,47,39,17,1,8,32,258,675,514,183,5,782,891,4,14,142,311,237,70,4,4.0,18,116,364,275,113,1,,,,,,,,,,,,,,,,,,,2020-04-06 00:00:00,,,,,,,,,,
Utah,UT,2020-04-07,1738,34647,13,148,0,0,8,31,63,45,1,117,0,4,18,38,37,18,2,9,34,268,696,534,191,6,819,919,5,15,150,322,247,75,5,4.0,19,118,374,287,116,1,,,,,,,,,,,,,,,,,,,2020-04-07 00:00:00,,,,,,,,,,
Utah,UT,2020-04-08,1846,36116,13,158,0,0,8,35,66,47,2,120,0,2,21,47,31,18,1,13,40,279,735,569,202,8,867,972,7,18,153,337,265,81,6,5.0,21,125,397,302,120,2,,,,,,,,,,,,,,,,,,,2020-04-08 00:00:00,,,,,,,,,,
Utah,UT,2020-04-09,1976,38373,13,168,0,1,8,35,71,50,3,117,0,2,23,47,34,11,0,10,46,299,788,611,212,8,930,1040,6,18,163,363,288,86,6,4.0,28,136,422,322,125,2,,,,,,,,,,,,,,,,,,,2020-04-09 00:00:00,,,,,,,,,,
Utah,UT,2020-04-10,2102,40762,17,183,0,1,9,41,76,52,4,120,1,1,23,50,32,12,1,12,54,317,840,648,219,10,987,1113,7,23,166,384,310,90,7,5.0,31,151,455,338,129,3,,,,,,,,,,,,,,,,,,,2020-04-10 00:00:00,,,,,,,,,,
Utah,UT,2020-04-11,2206,42546,18,190,0,1,9,45,77,53,5,92,0,0,15,44,25,8,0,12,55,328,896,672,231,10,1033,1170,7,24,169,407,321,98,7,5.0,31,159,488,351,132,3,,,,,,,,,,,,,,,,,,,2020-04-11 00:00:00,,,,,,,,,,
Utah,UT,2020-04-12,2303,44234,18,195,0,1,8,46,81,54,5,89,0,0,15,39,28,7,0,12,56,340,927,716,239,11,1078,1222,7,25,175,420,340,104,7,5.0,31,165,506,376,134,4,,,,,,,,,,,,,,,,,,,2020-04-12 00:00:00,,,,,,,,,,
Utah,UT,2020-04-13,2363,45787,18,201,0,1,8,47,85,54,6,106,0,0,18,46,35,7,0,12,57,348,947,744,241,12,1108,1252,7,26,177,432,354,105,7,5.0,31,171,514,390,135,5,,,,,,,,,,,,,,,,,,,2020-04-13 00:00:00,,,,,,,,,,
Utah,UT,2020-04-14,2412,46476,19,213,0,1,8,48,91,57,8,76,0,0,14,31,24,7,0,12,58,353,969,760,244,14,1123,1286,7,26,178,439,357,108,8,5.0,32,175,529,403,135,6,,,,,,,,,,,,,,,,,,,2020-04-14 00:00:00,,,,,,,,,,
Utah,UT,2020-04-15,2542,47614,20,221,0,1,8,51,92,60,9,94,0,0,16,34,32,12,0,12,60,370,1023,805,254,15,1171,1368,7,27,186,457,372,113,8,5.0,33,184,565,433,140,7,,,,,,,,,,,,,,,,,,,2020-04-15 00:00:00,,,,,,,,,,
Utah,UT,2020-04-16,2683,49678,21,238,0,1,9,59,98,61,10,90,0,1,17,37,27,8,0,13,64,388,1079,852,259,18,1226,1445,7,31,196,480,387,116,9,6.0,33,191,599,464,143,9,24.0,81.0,47.0,770.0,44.0,1435.0,247.0,225.0,,<5,8.0,<5,71.0,9.0,127.0,17.0,13.0,,2020-04-16 00:00:00,,,,,,,,,,
Utah,UT,2020-04-17,2805,55771,23,244,0,1,9,60,102,62,10,96,0,1,20,31,32,12,0,13,67,407,1124,893,273,19,1282,1507,7,33,201,502,405,124,10,6.0,34,204,621,487,146,9,29.0,85.0,51.0,815.0,48.0,1475.0,262.0,243.0,,6,8.0,<5,72.0,9.0,129.0,18.0,12.0,,2020-04-17 00:00:00,,,,,,,,,,
Utah,UT,2020-04-18,2931,59944,25,251,0,1,9,63,105,63,10,92,1,2,18,32,31,8,0,16,69,422,1173,936,282,28,1343,1580,8,35,208,520,425,129,18,8.0,34,212,653,511,152,10,29.0,86.0,53.0,877.0,51.0,1517.0,274.0,262.0,,6,8.0,<5,75.0,9.0,132.0,20.0,12.0,,2020-04-18 00:00:00,,,,,,,,,,
Utah,UT,2020-04-19,3069,63555,27,259,0,1,9,65,108,66,10,108,0,2,23,38,33,11,1,16,74,442,1231,976,295,30,1412,1649,8,39,218,548,443,137,19,8.0,35,222,683,533,157,11,30.0,91.0,55.0,940.0,55.0,1566.0,282.0,284.0,,6,8.0,5,75.0,9.0,137.0,19.0,13.0,,2020-04-19 00:00:00,,,,,,,,,,
Utah,UT,2020-04-20,3213,68311,28,268,0,1,9,67,110,71,10,134,0,2,32,51,39,9,1,16,78,467,1302,1008,306,31,1473,1732,8,41,232,577,457,139,19,8.0,37,233,725,551,166,12,31.0,93.0,57.0,992.0,60.0,1609.0,297.0,318.0,3213.0,7,8.0,6,78.0,9.0,141.0,19.0,14.0,268.0,2020-04-20 00:00:00,,,,,,,,,,
Utah,UT,2020-04-21,3296,72358,32,277,0,1,12,68,114,72,10,99,0,2,21,40,27,8,1,16,81,481,1340,1030,312,31,1515,1774,8,42,238,598,469,141,19,8.0,39,241,742,561,171,12,33.0,97.0,58.0,1053.0,63.0,1639.0,312.0,304.0,3296.0,8,8.0,5,83.0,10.0,144.0,19.0,13.0,277.0,2020-04-21 00:00:00,,,,,,,,,,
Utah,UT,2020-04-22,3445,76460,34,288,0,1,12,70,120,74,11,122,0,2,21,49,37,10,3,18,94,500,1403,1068,325,33,1576,1863,9,48,247,623,482,147,20,9.0,46,251,780,586,178,13,35.0,100.0,62.0,1134.0,67.0,1687.0,327.0,317.0,3445.0,8,9.0,5,89.0,10.0,148.0,22.0,13.0,288.0,2020-04-22 00:00:00,,,,,,,,,,
Utah,UT,2020-04-23,3612,80627,35,301,0,1,12,73,125,77,13,131,0,6,21,45,40,15,4,18,103,531,1466,1110,344,36,1657,1949,9,53,265,650,501,157,22,9.0,50,264,816,609,187,14,35.0,103.0,65.0,1208.0,72.0,1737.0,348.0,340.0,3612.0,8,9.0,5,94.0,10.0,156.0,22.0,13.0,301.0,2020-04-23 00:00:00,,,,,,,,,,
Utah,UT,2020-04-24,3782,84697,39,315,0,2,12,78,129,82,12,124,0,5,22,53,33,10,1,19,108,551,1555,1154,352,38,1740,2034,10,56,275,698,519,158,24,9.0,52,273,857,635,194,14,38.0,105.0,67.0,1291.0,78.0,1799.0,356.0,352.0,3782.0,8,9.0,6,103.0,11.0,159.0,24.0,15.0,315.0,2020-04-24 00:00:00,,,,,,,,,,
Utah,UT,2020-04-25,3948,90206,41,329,0,2,12,81,135,87,12,160,0,7,30,55,51,11,6,19,118,585,1607,1212,357,44,1823,2114,10,63,289,726,546,160,29,9.0,55,294,879,665,197,15,46.0,107.0,71.0,1362.0,80.0,1833.0,393.0,391.0,3948.0,9,10.0,6,112.0,11.0,162.0,29.0,14.0,329.0,2020-04-25 00:00:00,,,,,,,,,,
Utah,UT,2020-04-26,4123,95702,41,345,0,2,12,85,142,91,13,158,0,5,23,62,53,13,2,20,131,619,1670,1254,375,48,1899,2211,10,73,301,753,561,169,32,10.0,58,316,914,691,206,16,47.0,112.0,81.0,1448.0,85.0,1892.0,407.0,402.0,4123.0,9,11.0,9,119.0,11.0,166.0,32.0,14.0,345.0,2020-04-26 00:00:00,,,,,,,,,,
Utah,UT,2020-04-27,4233,100195,41,349,0,2,12,86,144,91,14,196,0,6,30,76,68,15,1,21,139,633,1709,1295,383,48,1955,2267,10,77,308,770,583,175,32,11.0,62,323,936,711,208,16,52.0,113.0,83.0,1484.0,90.0,1914.0,427.0,431.0,4233.0,9,11.0,9,120.0,12.0,168.0,31.0,16.0,349.0,2020-04-27 00:00:00,,,,,,,,,,
Utah,UT,2020-04-28,4343,102439,45,370,0,2,13,89,154,97,15,148,0,5,23,60,47,12,1,22,143,643,1748,1337,395,50,2011,2323,11,81,314,786,604,182,33,11.0,62,327,961,732,213,17,56.0,114.0,94.0,1545.0,95.0,1950.0,442.0,428.0,4343.0,10,11.0,9,127.0,13.0,181.0,33.0,14.0,370.0,2020-04-28 00:00:00,,,,,,,,,,
Utah,UT,2020-04-29,4495,105778,45,383,0,2,14,90,159,102,16,135,0,5,21,55,42,11,1,22,155,676,1815,1365,406,51,2090,2397,11,86,330,823,617,189,34,11.0,69,344,991,748,217,17,60.0,118.0,102.0,1624.0,99.0,1990.0,459.0,449.0,4495.0,10,11.0,10,131.0,14.0,187.0,36.0,14.0,383.0,2020-04-29 00:00:00,,,,,,,,,,
Utah,UT,2020-04-30,4672,108501,46,390,0,2,14,94,161,103,16,161,0,10,29,63,46,12,1,24,166,716,1879,1413,418,51,2176,2488,11,91,345,860,639,196,34,13.0,75,369,1018,774,222,17,61.0,120.0,110.0,1711.0,107.0,2037.0,475.0,488.0,4672.0,10,11.0,11,133.0,14.0,189.0,36.0,16.0,390.0,2020-04-30 00:00:00,,,,,,,,,,
Utah,UT,2020-05-01,4828,112558,46,403,0,2,14,100,164,107,16,179,0,13,35,64,50,16,1,24,175,746,1934,1454,437,52,2245,2572,11,94,364,880,657,204,35,13.0,81,380,1051,797,233,17,66.0,122.0,118.0,1768.0,112.0,2079.0,497.0,516.0,4828.0,11,11.0,11,137.0,14.0,194.0,38.0,18.0,403.0,2020-05-01 00:00:00,,,,,,,,,,
Utah,UT,2020-05-02,4981,117804,49,418,0,2,16,103,171,110,16,197,1,13,40,71,57,12,3,26,181,774,1988,1498,451,58,2324,2646,11,97,379,907,679,211,40,15.0,84,393,1077,819,240,18,94.0,124.0,124.0,1829.0,117.0,2126.0,520.0,519.0,4981.0,13,11.0,12,141.0,14.0,200.0,38.0,19.0,418.0,2020-05-02 00:00:00,,,,,,,,,,
Utah,UT,2020-05-03,5175,122102,50,436,0,2,17,111,175,115,16,237,0,18,50,77,65,21,6,26,196,805,2060,1550,471,63,2418,2749,11,106,397,942,701,218,43,15.0,90,406,1116,849,253,20,119.0,127.0,129.0,1901.0,129.0,2187.0,535.0,535.0,5175.0,15,11.0,13,149.0,15.0,206.0,39.0,21.0,436.0,2020-05-03 00:00:00,,,,,,,,,,
Utah,UT,2020-05-04,5317,124661,50,441,0,2,17,112,178,116,16,305,0,22,59,104,89,24,7,26,203,834,2111,1598,477,64,2492,2817,11,110,414,972,722,220,43,15.0,93,418,1137,876,257,21,136.0,129.0,132.0,1942.0,132.0,2218.0,549.0,579.0,5317.0,16,11.0,13,152.0,16.0,206.0,40.0,21.0,441.0,2020-05-04 00:00:00,,,,,,,,,,
Utah,UT,2020-05-05,5449,126715,56,456,0,2,18,115,184,121,16,272,0,21,58,102,70,18,3,26,213,864,2156,1630,490,66,2556,2885,11,113,429,993,737,228,45,15.0,100,433,1161,893,262,21,141.0,129.0,138.0,1991.0,134.0,2256.0,558.0,619.0,5449.0,19,11.0,14,157.0,17.0,211.0,41.0,22.0,456.0,2020-05-05 00:00:00,,,,,,,,,,
Utah,UT,2020-05-06,5595,131002,58,464,0,2,18,117,186,124,17,263,0,27,52,100,63,19,2,26,228,892,2227,1656,497,65,2627,2960,11,121,442,1027,747,234,45,15.0,107,448,1198,909,263,20,150.0,131.0,141.0,2069.0,143.0,2299.0,582.0,616.0,5595.0,19,11.0,14,158.0,18.0,217.0,41.0,22.0,464.0,2020-05-06 00:00:00,,,,,,,,,,
Utah,UT,2020-05-07,5724,134543,61,476,0,2,18,122,192,125,17,250,0,24,48,94,66,16,2,26,239,911,2288,1689,500,67,2697,3018,11,126,454,1063,760,236,47,15.0,113,455,1222,929,264,20,157.0,132.0,147.0,2136.0,158.0,2338.0,606.0,611.0,5724.0,20,11.0,14,161.0,19.0,223.0,42.0,22.0,476.0,2020-05-07 00:00:00,,,,,,,,,,
Utah,UT,2020-05-08,5919,138688,61,488,0,2,19,126,196,128,17,300,0,23,61,114,74,22,6,26,249,943,2373,1740,512,72,2784,3126,11,129,467,1101,781,244,51,15.0,120,474,1269,959,268,21,158.0,136.0,155.0,2210.0,169.0,2395.0,618.0,655.0,5919.0,21,11.0,15,167.0,21.0,225.0,44.0,22.0,488.0,2020-05-08 00:00:00,,,,,,,,,,
Utah,UT,2020-05-09,6103,143294,66,498,0,2,20,125,203,131,17,325,0,29,59,123,87,20,7,28,270,976,2442,1788,521,74,2868,3226,12,139,485,1128,803,249,52,16.0,131,489,1311,985,272,22,174.0,142.0,165.0,2288.0,178.0,2455.0,639.0,654.0,6103.0,22,11.0,16,171.0,22.0,230.0,45.0,20.0,498.0,2020-05-09 00:00:00,,,,,,,,,,
Utah,UT,2020-05-10,6251,146510,67,512,0,2,21,129,208,134,18,312,0,26,59,116,82,21,8,28,282,1010,2489,1828,534,76,2933,3309,12,143,496,1147,824,258,53,16.0,139,512,1339,1004,276,23,176.0,145.0,172.0,2365.0,183.0,2496.0,658.0,667.0,6251.0,23,11.0,16,176.0,24.0,236.0,45.0,20.0,512.0,2020-05-10 00:00:00,,,,,,,,,,
Utah,UT,2020-05-11,6362,150585,68,517,0,2,22,130,209,136,18,332,0,28,64,122,86,24,8,30,294,1034,2522,1856,546,76,2980,3371,12,148,508,1164,833,262,53,18.0,145,524,1354,1023,284,23,177.0,150.0,178.0,2414.0,193.0,2535.0,680.0,668.0,6362.0,23,11.0,16,177.0,24.0,239.0,45.0,21.0,517.0,2020-05-11 00:00:00,,,,,,,,,,
Utah,UT,2020-05-12,6432,153485,73,535,0,2,23,135,219,138,18,293,0,21,58,108,73,25,8,30,297,1049,2551,1870,553,78,3024,3397,12,151,513,1183,843,267,55,18.0,145,534,1364,1027,286,23,178.0,154.0,185.0,2441.0,202.0,2579.0,698.0,643.0,6432.0,24,12.0,17,185.0,27.0,245.0,47.0,21.0,535.0,2020-05-12 20:18:50.651655,,,,,,,,,,
Utah,UT,2020-05-13,6620,156786,75,553,0,2,25,141,227,139,19,294,0,24,59,104,69,29,9,30,312,1090,2620,1918,567,79,3117,3492,12,156,532,1219,868,275,55,18.0,155,556,1397,1050,292,24,185.0,158.0,199.0,2506.0,213.0,2645.0,720.0,664.0,6620.0,28,12.0,17,192.0,28.0,251.0,50.0,22.0,553.0,2020-05-13 20:17:40.927712,,,,,,,,,,
Utah,UT,2020-05-14,6749,160119,75,558,0,2,24,142,229,141,20,290,0,22,60,109,63,27,9,31,320,1113,2679,1946,575,81,3183,3555,13,160,544,1250,878,281,57,18.0,159,567,1425,1068,294,24,188.0,160.0,207.0,2560.0,218.0,2682.0,738.0,678.0,6749.0,28,11.0,17,193.0,29.0,256.0,50.0,20.0,558.0,2020-05-14 21:07:20.514364,,,,,,,,,,
Utah,UT,2020-05-15,6913,163218,77,566,0,2,24,146,232,142,20,295,0,22,58,107,72,27,9,31,328,1145,2743,1995,585,82,3259,3643,13,165,556,1280,900,287,58,18.0,162,587,1459,1095,298,24,193.0,166.0,214.0,2632.0,223.0,2743.0,764.0,689.0,6913.0,28,12.0,19,196.0,30.0,259.0,49.0,19.0,566.0,2020-05-15 20:31:23.254775,,,,,,,,,,
Utah,UT,2020-05-16,7068,166774,78,578,0,2,25,147,235,149,20,334,0,25,65,119,84,31,10,31,337,1173,2800,2041,599,83,3340,3717,13,172,573,1309,919,295,59,18.0,164,598,1487,1122,304,24,211.0,171.0,217.0,2694.0,232.0,2789.0,778.0,703.0,7068.0,28,12.0,19,201.0,31.0,265.0,51.0,20.0,578.0,2020-05-16 20:01:17.688923,,,,,,,,,,
Utah,UT,2020-05-17,7238,170752,80,586,0,2,27,147,238,151,21,340,1,30,63,117,87,32,10,33,352,1212,2854,2084,615,84,3431,3796,13,179,593,1344,938,305,59,20.0,172,617,1506,1146,310,25,233.0,177.0,229.0,2752.0,245.0,2842.0,797.0,707.0,7238.0,28,12.0,19,205.0,32.0,268.0,54.0,20.0,586.0,2020-05-17 19:58:20.836169,,,,,,,,,,
Utah,UT,2020-05-18,7384,174022,80,595,0,2,27,149,240,155,22,387,1,40,78,124,99,35,10,33,369,1246,2900,2118,629,85,3496,3877,13,189,608,1358,955,313,60,20.0,179,636,1538,1163,316,25,260.0,178.0,233.0,2789.0,253.0,2883.0,817.0,724.0,7384.0,29,12.0,19,209.0,33.0,271.0,56.0,19.0,595.0,2020-05-18 20:21:58.425308,,,,,,,,,,
Utah,UT,2020-05-19,7518,177311,88,619,0,3,28,152,255,158,23,361,0,40,71,118,88,33,11,34,393,1270,2942,2150,636,89,3566,3941,14,199,619,1376,978,317,63,20.0,193,649,1562,1172,319,26,277.0,182.0,238.0,2860.0,260.0,2936.0,821.0,711.0,7518.0,34,12.0,21,217.0,33.0,281.0,59.0,18.0,619.0,2020-05-19 20:03:55.725802,,,,,,,,,,
Utah,UT,2020-05-20,7710,179664,90,631,0,3,29,155,260,161,23,415,0,44,82,132,106,38,13,34,404,1318,3003,2200,654,93,3658,4040,14,204,642,1402,1004,328,64,20.0,199,674,1596,1196,326,29,281.0,186.0,254.0,2917.0,272.0,2989.0,840.0,759.0,7710.0,34,12.0,22,222.0,33.0,286.0,61.0,19.0,631.0,2020-05-20 20:15:24.282051,,,,,,,,,,
Utah,UT,2020-05-21,7874,182874,92,647,0,3,29,161,266,165,23,372,0,38,69,121,96,36,12,34,411,1340,3073,2255,662,95,3723,4139,14,207,650,1428,1027,332,65,20.0,203,688,1640,1228,330,30,286.0,187.0,260.0,2979.0,288.0,3057.0,862.0,767.0,7874.0,36,12.0,22,225.0,37.0,290.0,62.0,21.0,647.0,2020-05-21 21:02:29.909839,,,,,,,,,,
Utah,UT,2020-05-22,8057,186834,93,660,0,3,29,164,270,168,26,375,0,36,71,124,97,36,11,35,424,1386,3143,2300,669,96,3819,4226,15,213,668,1467,1055,336,65,20.0,210,716,1671,1245,333,31,289.0,189.0,265.0,3072.0,298.0,3110.0,888.0,788.0,8057.0,37,12.0,22,231.0,37.0,296.0,64.0,21.0,660.0,2020-05-22 20:09:50.065937,,,,,,,,,,
Utah,UT,2020-05-23,8260,190779,97,676,0,3,29,170,278,170,26,376,0,35,68,120,103,39,11,35,440,1428,3217,2351,686,99,3912,4336,15,221,687,1505,1077,342,65,20.0,218,739,1707,1274,344,34,294.0,199.0,268.0,3156.0,313.0,3196.0,920.0,782.0,8260.0,38,12.0,22,239.0,39.0,301.0,66.0,20.0,676.0,2020-05-23 20:48:50.243675,,,,,,,,,,
Utah,UT,2020-05-24,8392,194433,97,688,0,3,29,171,280,176,29,382,0,36,70,123,103,39,11,36,452,1448,3271,2388,694,99,3961,4419,15,223,696,1527,1089,346,65,21.0,228,750,1739,1299,348,34,300.0,202.0,272.0,3221.0,314.0,3244.0,947.0,783.0,8392.0,39,12.0,22,246.0,40.0,305.0,65.0,21.0,688.0,2020-05-24 20:39:08.043051,,,,,,,,,,
Utah,UT,2020-05-25,8521,196468,98,692,0,5,29,171,282,176,29,400,0,37,74,126,107,43,13,38,464,1474,3317,2423,700,101,4036,4473,17,229,711,1555,1109,348,67,21.0,234,761,1757,1314,352,34,304.0,203.0,276.0,3275.0,319.0,3278.0,966.0,805.0,8521.0,39,12.0,23,248.0,40.0,306.0,67.0,19.0,692.0,2020-05-25 20:57:00.933836,,,,,,,,,,
Utah,UT,2020-05-26,8620,198592,101,696,0,5,29,172,285,176,29,418,0,37,85,128,110,45,13,37,469,1497,3354,2447,710,102,4074,4534,16,230,721,1570,1117,353,67,21.0,238,774,1779,1330,357,35,309.0,205.0,279.0,3312.0,326.0,3314.0,980.0,808.0,8620.0,40,12.0,23,248.0,40.0,309.0,67.0,19.0,696.0,2020-05-26 21:07:50.301885,,,,,,,,,,
Utah,UT,2020-05-27,8706,200626,105,716,0,5,31,176,288,185,31,393,0,39,74,122,104,42,12,38,478,1509,3386,2468,717,106,4112,4581,16,233,728,1586,1127,355,67,22.0,244,779,1794,1341,362,39,309.0,208.0,281.0,3363.0,334.0,3350.0,986.0,805.0,8706.0,41,12.0,24,249.0,46.0,316.0,68.0,22.0,716.0,2020-05-27 20:54:02.103167,,,,,,,,,,
Utah,UT,2020-05-28,8921,203507,106,734,0,5,33,181,293,190,32,436,0,39,78,140,118,46,15,38,485,1543,3479,2517,741,114,4210,4698,16,236,745,1632,1150,363,68,22.0,248,796,1841,1367,378,46,319.0,215.0,293.0,3461.0,339.0,3414.0,1011.0,825.0,8921.0,43,13.0,25,260.0,47.0,321.0,68.0,23.0,734.0,2020-05-28 20:20:29.939292,,,,,,,,,,
Utah,UT,2020-05-29,9264,205855,107,753,0,5,33,190,296,197,32,433,2,47,84,134,113,41,12,42,510,1612,3633,2593,754,116,4373,4877,19,250,773,1701,1193,369,68,23.0,259,837,1925,1400,385,48,327.0,224.0,306.0,3619.0,354.0,3511.0,1037.0,884.0,9264.0,43,14.0,26,266.0,53.0,324.0,72.0,23.0,753.0,2020-05-29 20:15:43.138539,,,,,,,,,,
Utah,UT,2020-05-30,9533,210105,112,763,1,5,34,191,301,199,32,449,2,44,91,138,120,44,10,42,528,1668,3748,2648,776,118,4515,5005,19,256,801,1766,1225,379,69,23.0,271,865,1977,1423,397,49,333.0,232.0,310.0,3752.0,371.0,3580.0,1085.0,919.0,9533.0,42,14.0,26,273.0,54.0,328.0,74.0,23.0,763.0,2020-05-30 19:55:11.641696,,,,,,,,,,
Utah,UT,2020-05-31,9797,213914,113,775,1,5,34,192,307,203,33,516,2,48,103,175,132,43,13,42,540,1720,3855,2723,789,123,4646,5136,19,263,832,1817,1257,385,73,23.0,276,886,2032,1465,404,50,337.0,240.0,318.0,3859.0,386.0,3645.0,1125.0,963.0,9797.0,42,14.0,25,275.0,55.0,335.0,75.0,24.0,775.0,2020-05-31 20:15:03.894336,,,,,,,,,,
Utah,UT,2020-06-01,9999,218112,113,789,2,5,36,195,312,205,34,552,2,52,118,180,137,47,16,43,554,1762,3937,2766,801,130,4752,5231,20,272,853,1860,1279,393,75,23.0,281,907,2071,1486,408,55,339.0,243.0,322.0,3926.0,391.0,3706.0,1149.0,1013.0,9999.0,42,14.0,25,281.0,55.0,342.0,76.0,25.0,789.0,2020-06-01 20:12:33.136924,,,,,,,,,,
Utah,UT,2020-06-02,10202,221791,113,801,2,5,38,197,319,207,33,515,4,48,104,165,131,45,18,45,566,1798,4014,2829,813,132,4863,5325,20,277,873,1903,1310,402,78,25.0,288,923,2105,1519,411,54,346.0,250.0,325.0,4028.0,402.0,3773.0,1192.0,1008.0,10202.0,43,14.0,25,284.0,55.0,352.0,76.0,23.0,801.0,2020-06-02 20:21:10.061430,,,,,,,,,,
Utah,UT,2020-06-03,10497,223981,117,829,2,5,39,203,331,213,36,516,3,50,109,162,132,45,15,47,594,1855,4125,2904,835,133,4997,5487,21,290,900,1952,1343,413,78,26.0,303,952,2168,1561,422,55,351.0,255.0,332.0,4190.0,416.0,3873.0,1216.0,1031.0,10497.0,44,15.0,25,292.0,61.0,363.0,81.0,24.0,829.0,2020-06-03 20:01:53.039468,,,,,,,,,,
Utah,UT,2020-06-04,10813,227507,117,850,2,6,40,209,336,221,36,501,3,49,104,153,131,46,15,48,610,1920,4247,2985,863,136,5138,5661,22,297,933,2005,1376,426,79,26.0,312,984,2236,1609,437,57,361.0,260.0,345.0,4327.0,432.0,3984.0,1252.0,1062.0,10813.0,45,15.0,25,305.0,62.0,370.0,83.0,22.0,850.0,2020-06-04 20:37:20.282064,,,,,,,,,,
Utah,UT,2020-06-05,11252,232197,120,870,2,6,41,212,343,229,37,658,4,51,122,227,190,48,16,49,631,1996,4435,3114,886,136,5332,5905,22,305,971,2095,1420,440,79,27.0,325,1022,2334,1694,446,57,370.0,268.0,371.0,4538.0,448.0,4081.0,1296.0,1188.0,11252.0,45,15.0,26,313.0,62.0,380.0,84.0,25.0,870.0,2020-06-05 20:19:40.239733,,,,,,,,,,
Utah,UT,2020-06-06,11798,235149,121,890,2,6,42,221,350,231,38,838,5,56,155,304,262,44,12,51,663,2100,4653,3287,901,137,5586,6194,23,322,1023,2188,1499,451,80,28.0,340,1073,2458,1788,450,57,395.0,290.0,399.0,4806.0,468.0,4186.0,1339.0,1362.0,11798.0,45,15.0,28,323.0,64.0,384.0,86.0,29.0,890.0,2020-06-06 20:37:49.701428,,,,,,,,,,
Utah,UT,2020-06-07,12066,237951,121,900,2,6,42,224,355,233,38,855,3,54,171,315,250,50,12,51,679,2153,4762,3356,921,137,5727,6320,23,331,1049,2240,1542,462,80,28.0,347,1100,2515,1814,459,57,398.0,295.0,410.0,4921.0,473.0,4283.0,1358.0,1402.0,12066.0,46,15.0,28,328.0,64.0,388.0,90.0,25.0,900.0,2020-06-07 20:36:11.181110,,,,,,,,,,
Utah,UT,2020-06-08,12322,242899,124,918,2,6,42,230,362,238,38,899,4,60,181,334,258,51,11,53,695,2210,4857,3426,936,138,5859,6444,24,342,1077,2284,1580,471,81,29.0,352,1129,2566,1846,465,57,403.0,301.0,421.0,5039.0,478.0,4349.0,1423.0,1417.0,12322.0,46,16.0,31,333.0,67.0,396.0,91.0,23.0,918.0,2020-06-08 20:33:18.216793,,,,,,,,,,
Utah,UT,2020-06-09,12559,246860,127,931,2,6,44,233,369,239,38,830,4,56,177,294,238,50,11,54,707,2253,4958,3488,952,140,5982,6559,25,346,1104,2336,1608,480,83,29.0,360,1145,2616,1880,472,57,407.0,306.0,426.0,5174.0,492.0,4411.0,1490.0,1414.0,12559.0,47,16.0,31,340.0,69.0,397.0,92.0,25.0,931.0,2020-06-09 20:37:05.591749,,,,,,,,,,
Utah,UT,2020-06-10,12864,249760,128,954,2,6,46,238,381,243,38,774,2,56,166,270,219,50,11,53,715,2326,5064,3592,965,141,6129,6716,24,350,1138,2391,1656,486,84,29.0,364,1184,2667,1936,479,57,408.0,311.0,428.0,5361.0,508.0,4491.0,1519.0,1454.0,12864.0,47,19.0,32,351.0,70.0,404.0,94.0,26.0,954.0,2020-06-10 20:38:46.427261,,,,,,,,,,
Utah,UT,2020-06-11,13252,254668,131,968,2,6,47,243,384,248,38,806,1,62,183,276,223,50,11,55,743,2419,5227,3669,990,141,6322,6912,26,363,1193,2472,1687,497,84,29.0,379,1222,2750,1982,493,57,416.0,326.0,434.0,5525.0,519.0,4605.0,1572.0,1522.0,13252.0,49,19.0,32,362.0,71.0,404.0,98.0,26.0,968.0,2020-06-11 20:34:35.494624,,,,,,,,,,
Utah,UT,2020-06-12,13577,258786,139,988,2,6,48,248,393,252,39,785,1,59,190,267,211,46,11,56,765,2508,5341,3753,1004,142,6494,7063,27,372,1238,2531,1738,504,84,29.0,392,1265,2804,2015,500,58,421.0,332.0,450.0,5696.0,535.0,4708.0,1604.0,1537.0,13577.0,52,19.0,32,371.0,72.0,410.0,99.0,27.0,988.0,2020-06-12 20:29:19.855354,,,,,,,,,,
Utah,UT,2020-06-13,13981,262782,139,1012,2,6,51,258,400,256,39,814,1,63,192,286,216,44,12,57,788,2608,5507,3845,1024,144,6695,7265,27,381,1291,2617,1782,512,85,30.0,406,1312,2884,2062,512,59,430.0,340.0,453.0,5904.0,552.0,4836.0,1669.0,1572.0,13981.0,52,19.0,32,379.0,75.0,421.0,103.0,28.0,1012.0,2020-06-13 20:46:32.844697,,,,,,,,,,
Utah,UT,2020-06-14,14313,267713,139,1028,2,6,51,263,407,259,40,853,1,66,211,290,224,48,13,58,811,2688,5625,3931,1047,145,6869,7423,28,394,1335,2681,1822,523,86,30.0,416,1349,2938,2107,524,59,433.0,348.0,458.0,6054.0,567.0,4926.0,1724.0,1628.0,14313.0,53,20.0,32,387.0,78.0,424.0,108.0,27.0,1028.0,2020-06-14 20:06:03.662313,,,,,,,,,,
Utah,UT,2020-06-15,14608,272938,143,1041,2,6,52,267,411,263,40,862,2,71,198,296,233,48,14,60,831,2750,5747,4004,1060,148,7011,7576,28,402,1364,2739,1859,531,88,32.0,428,1382,3002,2143,529,60,448.0,354.0,464.0,6176.0,582.0,5000.0,1787.0,1661.0,14608.0,54,20.0,32,395.0,78.0,427.0,110.0,30.0,1041.0,2020-06-15 00:00:00,6.0,7.0,<5,34.0,8.0,81.0,10.0,6.0,143.0,
Utah,UT,2020-06-16,14937,275700,145,1073,2,6,55,272,426,270,42,812,3,68,196,266,216,48,15,63,852,2818,5859,4100,1086,151,7184,7733,29,414,1401,2793,1913,544,90,34.0,437,1413,3060,2186,542,61,451.0,356.0,470.0,6315.0,594.0,5125.0,1826.0,1714.0,14937.0,54,20.0,32,409.0,81.0,441.0,119.0,30.0,1073.0,2020-06-16 20:11:39.935839,6.0,7.0,<5,35.0,8.0,82.0,11.0,6.0,145.0,
Utah,UT,2020-06-17,15344,278692,149,1102,3,6,58,277,435,280,43,749,1,65,185,243,199,44,12,68,877,2909,6034,4187,1107,154,7393,7933,31,430,1445,2878,1961,556,92,37.0,446,1461,3151,2225,551,62,459.0,367.0,480.0,6522.0,606.0,5279.0,1865.0,1733.0,15344.0,54,20.0,32,422.0,83.0,452.0,131.0,28.0,1102.0,2020-06-17 20:50:54.345334,7.0,7.0,<5,37.0,8.0,83.0,12.0,6.0,149.0,
Utah,UT,2020-06-18,15839,282685,152,1120,3,7,60,281,441,285,43,786,2,67,186,263,207,48,13,71,925,3008,6222,4310,1140,155,7633,8186,33,452,1486,2977,2021,572,92,38.0,472,1519,3238,2288,568,63,474.0,374.0,487.0,6769.0,625.0,5425.0,1924.0,1802.0,15839.0,57,21.0,32,430.0,85.0,456.0,131.0,29.0,1120.0,2020-06-18 21:10:52.001540,8.0,7.0,<5,37.0,8.0,85.0,12.0,6.0,152.0,
Utah,UT,2020-06-19,16425,287358,155,1145,3,7,61,286,454,289,45,831,5,70,201,281,211,49,14,81,962,3148,6464,4425,1177,159,7916,8488,39,472,1554,3091,2073,594,93,42.0,489,1591,3366,2351,583,66,481.0,387.0,494.0,7028.0,646.0,5619.0,1974.0,1914.0,16425.0,57,21.0,32,441.0,88.0,464.0,134.0,31.0,1145.0,2020-06-19 19:55:42.716742,8.0,7.0,<5,38.0,9.0,85.0,12.0,7.0,155.0,
Utah,UT,2020-06-20,17068,292877,155,1161,3,7,63,288,464,291,45,865,4,72,219,290,216,50,14,83,1006,3311,6706,4583,1211,159,8237,8805,39,495,1633,3199,2158,619,94,44.0,509,1674,3499,2422,592,65,493.0,395.0,501.0,7312.0,667.0,5840.0,2042.0,2012.0,17068.0,59,21.0,32,448.0,88.0,468.0,141.0,33.0,1161.0,2020-06-20 21:27:43.437753,8.0,7.0,<5,38.0,9.0,85.0,12.0,7.0,155.0,
Utah,UT,2020-06-21,17462,296395,158,1184,3,7,63,297,475,294,45,915,4,77,231,311,222,55,15,84,1024,3404,6856,4682,1244,160,8440,8996,40,506,1679,3278,2206,636,95,44.0,516,1719,3570,2474,608,65,500.0,401.0,511.0,7471.0,683.0,5956.0,2078.0,2104.0,17462.0,60,21.0,33,461.0,91.0,473.0,143.0,35.0,1184.0,2020-06-21 21:00:52.311443,8.0,7.0,<5,38.0,9.0,87.0,12.0,7.0,158.0,
Utah,UT,2020-06-22,17906,299312,158,1192,3,7,64,300,477,296,45,951,4,78,239,324,234,57,15,86,1074,3496,7015,4788,1275,164,8683,9196,40,531,1730,3365,2265,657,95,46.0,541,1759,3642,2522,617,69,515.0,400.0,517.0,7650.0,694.0,6113.0,2135.0,2190.0,17906.0,60,21.0,33,463.0,91.0,477.0,144.0,36.0,1192.0,2020-06-22 20:03:55.496143,8.0,7.0,<5,38.0,9.0,87.0,12.0,7.0,158.0,
Utah,UT,2020-06-23,18300,302276,163,1226,3,7,66,305,491,308,46,967,5,84,238,329,243,54,14,88,1119,3581,7163,4880,1296,165,8869,9405,41,554,1778,3429,2305,666,96,47.0,564,1797,3726,2573,629,69,519.0,413.0,522.0,7869.0,716.0,6260.0,2169.0,2192.0,18300.0,60,24.0,33,475.0,95.0,492.0,149.0,34.0,1226.0,2020-06-23 19:31:44.118875,8.0,8.0,<5,38.0,10.0,90.0,12.0,7.0,163.0,
Utah,UT,2020-06-24,18784,304738,163,1256,3,7,71,314,501,312,48,959,4,78,244,326,240,53,14,90,1146,3713,7333,4998,1324,172,9131,9628,43,568,1859,3514,2362,682,103,47.0,577,1851,3809,2634,641,69,530.0,422.0,537.0,8087.0,732.0,6448.0,2220.0,2237.0,18784.0,60,27.0,34,486.0,95.0,505.0,152.0,38.0,1256.0,2020-06-24 21:26:18.871254,8.0,8.0,<5,38.0,10.0,90.0,12.0,7.0,163.0,
Utah,UT,2020-06-25,19374,312054,164,1290,3,7,76,324,511,320,49,974,3,69,244,343,240,61,14,91,1187,3826,7585,5135,1367,175,9416,9934,43,587,1909,3634,2437,703,103,48.0,599,1914,3942,2696,663,72,545.0,438.0,555.0,8379.0,748.0,6661.0,2344.0,2237.0,19374.0,61,28.0,35,504.0,96.0,518.0,160.0,36.0,1290.0,2020-06-25 20:04:27.899109,8.0,8.0,<5,38.0,10.0,91.0,12.0,7.0,164.0,
Utah,UT,2020-06-26,20050,317568,166,1321,4,7,78,327,522,334,49,986,2,67,250,353,239,60,15,94,1231,3988,7863,5290,1400,176,9776,10250,43,602,2008,3768,2527,724,104,51.0,628,1977,4086,2761,675,72,552.0,453.0,569.0,8654.0,770.0,6887.0,2420.0,2362.0,20050.0,67,28.0,35,513.0,96.0,534.0,166.0,34.0,1321.0,2020-06-26 19:43:02.422803,8.0,8.0,<5,38.0,10.0,93.0,12.0,7.0,166.0,
Utah,UT,2020-06-27,20628,322802,167,1365,5,8,79,338,543,342,50,974,2,60,250,354,236,58,14,96,1277,4120,8104,5421,1426,176,10040,10564,45,625,2074,3870,2590,732,104,51.0,651,2043,4225,2829,693,72,562.0,462.0,577.0,8917.0,794.0,7102.0,2493.0,2427.0,20628.0,72,31.0,38,530.0,96.0,548.0,166.0,36.0,1365.0,2020-06-27 21:33:15.663139,9.0,8.0,<5,38.0,10.0,93.0,12.0,7.0,167.0,
Utah,UT,2020-06-28,21100,328449,167,1396,5,9,79,341,560,350,52,996,3,61,249,372,242,57,12,97,1314,4199,8322,5527,1454,179,10254,10822,45,638,2109,3976,2639,743,104,52.0,674,2086,4338,2887,710,75,567.0,469.0,584.0,9115.0,820.0,7275.0,2570.0,2479.0,21100.0,76,31.0,38,546.0,96.0,556.0,167.0,42.0,1396.0,2020-06-28 20:11:17.506218,9.0,8.0,<5,38.0,10.0,93.0,12.0,7.0,167.0,
Utah,UT,2020-06-29,21664,333905,168,1417,5,9,79,346,572,353,53,1072,4,63,265,407,257,62,14,103,1354,4316,8548,5678,1475,182,10538,11100,46,658,2163,4090,2717,757,107,57.0,694,2147,4450,2960,717,75,573.0,482.0,593.0,9325.0,835.0,7471.0,2656.0,2573.0,21664.0,77,31.0,39,559.0,96.0,560.0,172.0,44.0,1417.0,2020-06-29 00:00:00,9.0,8.0,<5,39.0,10.0,93.0,12.0,7.0,168.0,
Utah,UT,2020-06-30,22217,340753,172,1444,5,9,83,354,580,359,54,1107,5,68,275,406,270,65,18,106,1403,4440,8748,5811,1508,193,10813,11381,48,683,2223,4190,2785,772,112,58.0,718,2213,4551,3025,735,81,577.0,496.0,600.0,9533.0,854.0,7677.0,2728.0,2673.0,22217.0,78,32.0,40,575.0,97.0,565.0,177.0,47.0,1444.0,2020-06-30 00:00:00,10.0,8.0,<5,41.0,10.0,93.0,12.0,7.0,172.0,
Utah,UT,2020-07-01,22716,343358,173,1476,6,9,84,361,595,367,54,1018,3,63,241,385,257,55,14,106,1443,4549,8954,5925,1537,194,11045,11647,49,703,2275,4278,2839,789,112,57.0,738,2271,4667,3085,747,82,585.0,516.0,613.0,9746.0,866.0,7904.0,2788.0,2696.0,22716.0,80,35.0,41,584.0,99.0,580.0,176.0,49.0,1476.0,2020-07-01 00:00:00,10.0,8.0,<5,42.0,10.0,93.0,13.0,7.0,173.0,
Utah,UT,2020-07-04,24542,366716,181,1565,7,9,88,389,628,388,56,1015,3,60,242,383,254,61,12,115,1563,5005,9686,6314,1646,205,11953,12564,53,763,2509,4631,3028,848,121,62.0,798,2493,5045,3284,798,84,607.0,551.0,644.0,10429.0,927.0,8736.0,3108.0,2752.0,24542.0,85,38.0,43,624.0,103.0,612.0,193.0,50.0,1565.0,2020-07-04 00:00:00,10.0,8.0,<5,44.0,11.0,98.0,13.0,7.0,181.0,
Utah,UT,2020-07-06,25469,375842,190,1604,7,9,89,399,642,403,55,1092,3,65,269,409,266,66,14,119,1633,5225,10046,6518,1711,209,12432,13011,55,799,2621,4821,3125,889,122,64.0,832,2601,5214,3391,822,87,620.0,568.0,657.0,10743.0,953.0,9152.0,3248.0,2848.0,25469.0,86,39.0,43,640.0,106.0,629.0,200.0,50.0,1604.0,2020-07-06 00:00:00,11.0,9.0,<5,44.0,11.0,103.0,13.0,8.0,189.0,
Utah,UT,2020-07-07,25469,375842,190,1604,7,9,89,399,642,403,55,1092,3,65,269,409,266,66,14,119,1633,5225,10046,6518,1711,209,12432,13011,55,799,2621,4821,3125,889,122,64.0,832,2601,5214,3391,822,87,620.0,568.0,657.0,10743.0,953.0,9152.0,3248.0,2848.0,25469.0,86,39.0,43,640.0,106.0,629.0,200.0,50.0,1604.0,2020-07-07 00:00:00,11.0,9.0,<5,44.0,11.0,103.0,13.0,8.0,189.0,
Utah,UT,2020-07-12,29484,413058,215,1824,9,13,113,450,721,453,65,1356,2,86,330,504,300,100,34,133,1926,6214,11544,7381,2002,276,14408,15052,60,940,3114,5520,3573,1036,165,73.0,984,3096,6015,3807,966,111,686.0,650.0,747.0,12072.0,1141.0,10959.0,3670.0,3267.0,29484.0,90,45.0,46,724.0,124.0,725.0,238.0,50.0,1824.0,2020-07-12 00:00:00,15.0,10.0,<5,53.0,12.0,112.0,18.0,9.0,215.0,
Utah,UT,2020-07-13,30030,418335,216,1850,9,15,115,456,726,459,70,1395,2,83,345,527,311,96,31,135,1974,6369,11709,7501,2047,287,14674,15331,61,959,3185,5592,3643,1061,173,74.0,1013,3180,6107,3857,986,114,691.0,657.0,759.0,12201.0,1167.0,11201.0,3725.0,3377.0,30030.0,91,45.0,46,733.0,126.0,736.0,242.0,52.0,1850.0,2020-07-13 00:00:00,15.0,10.0,<5,53.0,12.0,113.0,18.0,9.0,216.0,
Utah,UT,2020-07-15,30478,424521,226,1888,11,17,119,466,732,470,73,1293,1,77,321,480,292,93,29,137,2008,6473,11867,7599,2090,295,14894,15558,63,975,3238,5670,3689,1081,178,74.0,1031,3229,6189,3909,1009,117,696.0,673.0,769.0,12350.0,1186.0,11460.0,3782.0,3368.0,30478.0,93,45.0,46,741.0,134.0,754.0,246.0,52.0,1888.0,2020-07-15 00:00:00,21.0,10.0,<5,54.0,12.0,116.0,18.0,9.0,226.0,
Utah,UT,2020-07-17,32572,447806,235,1984,11,17,128,484,765,503,76,1522,3,105,381,562,336,107,28,148,2169,7002,12615,8071,2250,307,15899,16645,66,1046,3500,6020,3917,1162,188,82.0,1121,3498,6586,4151,1088,119,720.0,719.0,810.0,13037.0,1265.0,12381.0,4028.0,3686.0,32572.0,95,49.0,47,780.0,140.0,794.0,251.0,55.0,1984.0,2020-07-17 00:00:00,21.0,11.0,<5,55.0,13.0,119.0,19.0,11.0,235.0,526288.0
Utah,UT,2020-07-18,32572,447806,235,1984,11,17,128,484,765,503,76,1522,3,105,381,562,336,107,28,148,2169,7002,12615,8071,2250,307,15899,16645,66,1046,3500,6020,3917,1162,188,82.0,1121,3498,6586,4151,1088,119,720.0,719.0,810.0,13037.0,1265.0,12381.0,4028.0,3686.0,32572.0,95,49.0,47,780.0,140.0,794.0,251.0,55.0,1984.0,2020-07-18 00:00:00,21.0,11.0,<5,55.0,13.0,119.0,19.0,11.0,235.0,526288.0
Utah,UT,2020-07-19,32572,447806,235,1984,11,17,128,484,765,503,76,1522,3,105,381,562,336,107,28,148,2169,7002,12615,8071,2250,307,15899,16645,66,1046,3500,6020,3917,1162,188,82.0,1121,3498,6586,4151,1088,119,720.0,719.0,810.0,13037.0,1265.0,12381.0,4028.0,3686.0,32572.0,95,49.0,47,780.0,140.0,794.0,251.0,55.0,1984.0,2020-07-19 00:00:00,21.0,11.0,<5,55.0,13.0,119.0,19.0,11.0,235.0,526288.0
Utah,UT,2020-07-23,35578,481402,260,2135,12,20,136,526,816,543,82,1519,4,107,389,534,334,122,29,165,2368,7776,13705,8718,2502,332,17368,18180,75,1135,3895,6533,4234,1292,204,90.0,1231,3875,7164,4482,1210,128,769.0,799.0,886.0,13994.0,1387.0,13808.0,4384.0,3965.0,35578.0,103,53.0,51,827.0,158.0,856.0,271.0,63.0,2135.0,2020-07-23 00:00:00,21.0,13.0,5,63.0,14.0,129.0,22.0,13.0,260.0,569107.0
Utah,UT,2020-07-24,36962,494071,273,2188,13,21,138,535,838,559,84,1576,6,112,412,550,337,127,32,170,2475,8157,14225,8998,2585,340,18068,18860,76,1184,4093,6797,4373,1336,209,94.0,1289,4059,7416,4622,1249,131,794.0,818.0,925.0,14453.0,1451.0,14400.0,4546.0,4146.0,36962.0,104,54.0,53,838.0,161.0,890.0,275.0,63.0,2188.0,2020-07-24 00:00:00,21.0,15.0,5,65.0,14.0,139.0,22.0,12.0,273.0,585839.0
Utah,UT,2020-07-25,37623,500139,274,2213,13,22,142,540,846,565,85,1662,6,125,437,575,360,129,30,174,2533,8327,14474,9141,2622,340,18379,19208,77,1216,4181,6909,4434,1353,209,97.0,1314,4141,7553,4703,1269,131,812.0,824.0,933.0,14641.0,1477.0,14676.0,4622.0,4275.0,37623.0,107,54.0,54,845.0,162.0,903.0,277.0,61.0,2213.0,2020-07-25 00:00:00,21.0,15.0,5,65.0,14.0,140.0,22.0,12.0,274.0,594012.0
Utah,UT,2020-07-26,37973,505351,274,2234,13,22,143,546,851,573,86,1630,5,122,438,558,351,126,30,175,2557,8413,14602,9219,2652,343,18560,19377,77,1227,4219,6978,4479,1368,212,98.0,1327,4189,7612,4736,1284,131,817.0,828.0,941.0,14749.0,1490.0,14847.0,4665.0,4306.0,37973.0,108,54.0,54,852.0,165.0,912.0,281.0,61.0,2234.0,2020-07-26 00:00:00,21.0,15.0,5,65.0,14.0,140.0,22.0,12.0,274.0,600765.0
Utah,UT,2020-07-27,38409,509858,281,2253,13,23,143,550,860,578,86,1635,6,123,441,554,357,124,30,176,2597,8532,14749,9316,2678,349,18790,19582,77,1249,4286,7047,4532,1383,216,99.0,1345,4241,7690,4780,1294,133,822.0,834.0,945.0,14864.0,1503.0,15067.0,4727.0,4376.0,38409.0,109,55.0,54,858.0,167.0,922.0,286.0,61.0,2253.0,2020-07-27 00:00:00,24.0,15.0,5,67.0,14.0,142.0,23.0,12.0,281.0,607008.0
Utah,UT,2020-07-28,38855,514509,286,2295,13,23,148,561,875,588,87,1599,5,121,429,545,350,121,28,177,2628,8649,14909,9422,2708,350,19016,19803,77,1264,4341,7134,4582,1401,217,100.0,1361,4303,7764,4836,1306,133,826.0,847.0,953.0,15026.0,1526.0,15329.0,4775.0,4351.0,38855.0,110,56.0,56,869.0,171.0,942.0,289.0,63.0,2295.0,2020-07-28 00:00:00,25.0,16.0,5,67.0,15.0,145.0,23.0,12.0,286.0,613190.0
Utah,UT,2020-07-29,39194,518191,292,2324,13,23,148,567,888,597,88,1561,4,119,411,542,342,117,26,178,2653,8718,15040,9501,2737,356,19163,20000,77,1281,4369,7187,4617,1412,220,101.0,1369,4344,7844,4882,1324,136,836.0,854.0,962.0,15159.0,1553.0,15497.0,4803.0,4351.0,39194.0,112,57.0,56,873.0,176.0,958.0,289.0,63.0,2324.0,2020-07-29 00:00:00,25.0,16.0,5,69.0,15.0,149.0,23.0,12.0,292.0,616512.0
Utah,UT,2020-07-30,39696,524367,300,2346,13,23,148,572,899,603,88,1596,4,122,430,547,345,120,28,178,2690,8841,15225,9606,2779,366,19422,20242,77,1296,4434,7287,4668,1433,227,101.0,1391,4402,7927,4936,1346,139,851.0,872.0,974.0,15333.0,1574.0,15694.0,4863.0,4427.0,39696.0,113,61.0,57,877.0,178.0,968.0,290.0,63.0,2346.0,2020-07-30 00:00:00,25.0,16.0,5,69.0,15.0,156.0,23.0,13.0,300.0,624952.0
Utah,UT,2020-08-01,40702,533260,310,2412,13,24,153,590,914,628,90,1617,4,126,426,560,352,121,28,180,2758,9084,15600,9852,2846,371,19928,20741,77,1331,4557,7477,4793,1463,230,103.0,1425,4521,8111,5057,1383,141,881.0,892.0,999.0,15641.0,1628.0,16161.0,4984.0,4552.0,40702.0,115,62.0,59,897.0,183.0,1003.0,298.0,63.0,2412.0,2020-08-01 00:00:00,27.0,16.0,5,70.0,16.0,161.0,23.0,14.0,310.0,637428.0
Utah,UT,2020-08-02,41175,536716,311,2430,13,25,153,594,920,635,90,1684,4,129,455,585,359,123,29,183,2804,9209,15750,9969,2872,377,20174,20967,79,1356,4621,7553,4854,1477,234,104.0,1445,4582,8185,5113,1395,143,886.0,900.0,1006.0,15769.0,1652.0,16351.0,5029.0,4660.0,41175.0,115,65.0,59,901.0,185.0,1012.0,301.0,62.0,2430.0,2020-08-02 00:00:00,27.0,16.0,5,71.0,16.0,161.0,23.0,14.0,311.0,642368.0
Utah,UT,2020-08-03,41529,540182,314,2450,13,26,155,599,922,645,90,1682,4,129,456,589,351,124,29,186,2835,9294,15867,10048,2907,381,20370,21129,79,1374,4667,7619,4895,1499,237,107.0,1459,4622,8238,5151,1408,144,892.0,906.0,1010.0,15858.0,1670.0,16527.0,5063.0,4709.0,41529.0,115,66.0,60,906.0,189.0,1021.0,304.0,61.0,2450.0,2020-08-03 00:00:00,27.0,16.0,5,72.0,16.0,162.0,24.0,14.0,314.0,647027.0
Utah,UT,2020-08-04,41907,544956,321,2482,13,25,158,603,937,654,92,1655,4,127,458,577,339,121,29,187,2875,9384,15997,10130,2941,382,20544,21329,80,1390,4709,7682,4932,1514,237,107.0,1483,4668,8303,5196,1427,145,902.0,917.0,1017.0,15987.0,1700.0,16727.0,5097.0,4702.0,41907.0,116,68.0,60,917.0,193.0,1036.0,308.0,63.0,2482.0,2020-08-04 00:00:00,28.0,17.0,6,72.0,17.0,165.0,24.0,14.0,321.0,653315.0
Utah,UT,2020-08-05,42328,550322,327,2519,13,28,163,608,949,664,94,1627,3,119,446,577,335,120,27,188,2903,9493,16152,10214,2982,384,20776,21521,81,1408,4775,7761,4975,1536,240,107.0,1493,4713,8381,5237,1446,144,919.0,925.0,1030.0,16143.0,1729.0,16947.0,5151.0,4691.0,42328.0,119,70.0,61,929.0,197.0,1054.0,310.0,62.0,2519.0,2020-08-05 00:00:00,29.0,17.0,6,73.0,17.0,168.0,25.0,15.0,327.0,660553.0
Utah,UT,2020-08-06,42915,555391,330,2554,13,29,167,617,958,674,96,1673,3,129,457,597,340,121,26,189,2951,9640,16377,10334,3024,389,21075,21809,82,1437,4844,7876,5036,1557,243,107.0,1512,4791,8491,5295,1467,146,941.0,935.0,1039.0,16316.0,1761.0,17230.0,5209.0,4758.0,42915.0,122,70.0,63,936.0,200.0,1073.0,313.0,64.0,2554.0,2020-08-06 00:00:00,29.0,17.0,6,75.0,17.0,169.0,25.0,15.0,330.0,667936.0
Utah,UT,2020-08-07,43375,559100,335,2578,13,29,171,623,969,676,97,1679,3,129,456,593,341,129,28,189,2984,9747,16549,10442,3059,393,21301,22038,82,1453,4897,7958,5086,1580,245,107.0,1529,4844,8578,5353,1479,148,947.0,951.0,1045.0,16461.0,1782.0,17459.0,5254.0,4800.0,43375.0,121,70.0,63,944.0,205.0,1084.0,314.0,64.0,2578.0,2020-08-07 00:00:00,29.0,18.0,6,77.0,17.0,171.0,26.0,15.0,335.0,673509.0
Utah,UT,2020-08-08,43751,566355,335,2604,13,29,172,629,981,683,97,1673,4,128,466,580,339,128,28,191,3010,9854,16684,10515,3091,394,21480,22235,83,1465,4938,8029,5126,1594,245,108.0,1543,4910,8642,5386,1497,149,951.0,966.0,1052.0,16565.0,1820.0,17652.0,5301.0,4817.0,43751.0,121,71.0,65,954.0,207.0,1095.0,323.0,63.0,2604.0,2020-08-08 00:00:00,29.0,18.0,6,77.0,17.0,171.0,26.0,15.0,335.0,683550.0
Utah,UT,2020-08-09,44127,570613,336,2620,13,29,174,629,988,690,97,1688,5,131,462,586,345,131,28,193,3042,9933,16816,10613,3122,396,21682,22411,84,1487,4980,8094,5182,1609,246,109.0,1553,4947,8710,5429,1513,150,955.0,978.0,1058.0,16679.0,1846.0,17830.0,5352.0,4845.0,44127.0,121,72.0,65,959.0,208.0,1104.0,325.0,61.0,2620.0,2020-08-09 00:00:00,29.0,18.0,6,77.0,17.0,172.0,26.0,15.0,336.0,689272.0
Utah,UT,2020-08-10,44390,574560,345,2642,13,29,175,632,999,696,98,1713,5,131,476,594,350,129,28,193,3069,9996,16905,10678,3140,397,21807,22546,84,1502,5013,8132,5209,1621,246,109.0,1565,4975,8760,5467,1519,151,958.0,981.0,1058.0,16751.0,1859.0,17930.0,5391.0,4900.0,44390.0,123,73.0,65,965.0,210.0,1115.0,326.0,62.0,2642.0,2020-08-10 00:00:00,29.0,20.0,6,79.0,18.0,174.0,26.0,17.0,345.0,694668.0
Utah,UT,2020-08-11,44752,578549,349,2677,13,30,176,642,1010,708,98,1693,6,134,469,589,341,126,28,196,3106,10087,17033,10760,3160,398,21989,22725,85,1520,5054,8203,5253,1628,246,111.0,1584,5025,8817,5504,1532,152,967.0,989.0,1064.0,16907.0,1887.0,18119.0,5426.0,4889.0,44752.0,128,73.0,66,976.0,217.0,1129.0,324.0,63.0,2677.0,2020-08-11 00:00:00,29.0,20.0,6,79.0,19.0,178.0,26.0,17.0,350.0,700182.0
Utah,UT,2020-08-12,45090,581209,351,2696,13,30,177,650,1017,711,98,1697,5,130,489,593,337,118,25,197,3129,10181,17167,10832,3175,398,22156,22898,85,1534,5109,8261,5285,1636,246,112.0,1593,5066,8890,5546,1539,152,967.0,998.0,1072.0,17004.0,1911.0,18275.0,5443.0,4953.0,45090.0,132,74.0,66,982.0,222.0,1134.0,326.0,64.0,2696.0,2020-08-12 20:27:35.330451,29.0,20.0,6,79.0,19.0,179.0,26.0,17.0,351.0,704270.0
Utah,UT,2020-08-13,45424,584656,353,2721,13,31,179,658,1030,712,98,1686,5,128,486,587,338,117,25,200,3150,10257,17286,10929,3192,399,22335,23049,88,1546,5153,8330,5327,1644,247,112.0,1601,5096,8941,5600,1547,152,968.0,1011.0,1087.0,17118.0,1936.0,18441.0,5476.0,4963.0,45424.0,133,75.0,67,987.0,228.0,1146.0,326.0,64.0,2721.0,2020-08-13 20:25:32.380556,29.0,20.0,6,79.0,19.0,181.0,26.0,17.0,353.0,709307.0
Utah,UT,2020-08-14,45976,589817,360,2744,13,32,180,666,1039,716,98,1707,5,129,496,597,338,118,24,201,3186,10412,17500,11045,3221,400,22616,23326,88,1562,5224,8440,5391,1664,247,113.0,1621,5180,9049,5653,1557,153,974.0,1031.0,1097.0,17258.0,1968.0,18721.0,5516.0,5053.0,45976.0,133,76.0,67,991.0,234.0,1157.0,328.0,65.0,2744.0,2020-08-14 20:03:34.906513,30.0,20.0,7,80.0,19.0,184.0,27.0,17.0,360.0,716883.0
Utah,UT,2020-08-15,46321,594901,363,2760,13,32,181,672,1043,720,99,1690,5,121,494,594,339,114,23,205,3210,10520,17611,11120,3244,400,22778,23508,90,1574,5270,8490,5434,1673,247,115.0,1633,5241,9110,5685,1571,153,975.0,1047.0,1102.0,17357.0,1990.0,18903.0,5557.0,5077.0,46321.0,135,77.0,67,994.0,236.0,1166.0,328.0,66.0,2760.0,2020-08-15 20:03:58.463868,30.0,20.0,7,82.0,19.0,184.0,27.0,18.0,362.0,724237.0
Utah,UT,2020-08-16,46652,598527,363,2771,13,33,182,676,1046,722,99,1651,6,113,486,574,337,113,22,208,3249,10605,17704,11207,3266,402,22949,23667,92,1594,5317,8535,5478,1685,248,116.0,1652,5279,9158,5728,1581,153,981.0,1056.0,1112.0,17455.0,2017.0,19101.0,5582.0,5062.0,46652.0,136,78.0,67,996.0,239.0,1170.0,328.0,66.0,2771.0,2020-08-16 20:12:37.370171,30.0,20.0,7,82.0,19.0,184.0,27.0,18.0,362.0,729590.0
Utah,UT,2020-08-17,46894,601795,364,2782,13,33,183,678,1050,725,100,1656,6,113,488,570,342,115,22,208,3266,10674,17787,11262,3284,402,23058,23800,92,1601,5350,8573,5501,1692,249,116.0,1662,5315,9203,5760,1592,152,983.0,1065.0,1116.0,17510.0,2027.0,19240.0,5615.0,5075.0,46894.0,137,77.0,68,1000.0,240.0,1175.0,330.0,66.0,2782.0,2020-08-17 19:48:18.838491,30.0,20.0,7,83.0,19.0,185.0,27.0,18.0,364.0,734332.0
Utah,UT,2020-08-18,47157,606516,369,2804,13,33,185,680,1060,732,101,1671,6,114,500,577,337,116,21,208,3280,10751,17877,11322,3306,402,23170,23949,92,1611,5381,8608,5527,1702,249,116.0,1666,5360,9257,5794,1604,152,990.0,1074.0,1120.0,17597.0,2043.0,19393.0,5637.0,5071.0,47157.0,139,78.0,70,1004.0,241.0,1187.0,336.0,64.0,2804.0,2020-08-18 19:52:59.388419,30.0,20.0,7,84.0,20.0,187.0,28.0,19.0,369.0,740867.0
Utah,UT,2020-08-19,47521,610362,377,2832,13,33,188,685,1069,742,102,1648,6,107,480,577,342,115,21,209,3301,10854,18007,11412,3324,403,23345,24141,92,1621,5434,8663,5575,1709,251,117.0,1677,5411,9333,5836,1615,152,997.0,1086.0,1127.0,17706.0,2065.0,19598.0,5665.0,5078.0,47521.0,139,78.0,70,1009.0,246.0,1204.0,338.0,64.0,2832.0,2020-08-19 20:10:22.407888,30.0,20.0,7,86.0,20.0,192.0,30.0,20.0,377.0,746491.0
Utah,UT,2020-08-20,47982,615804,381,2853,14,33,191,691,1075,747,102,1657,6,105,495,582,340,108,21,212,3337,10986,18189,11503,3339,404,23586,24359,93,1636,5507,8764,5620,1714,252,119.0,1698,5470,9413,5882,1625,152,1003.0,1102.0,1134.0,17814.0,2080.0,19850.0,5705.0,5139.0,47982.0,139,78.0,70,1018.0,247.0,1214.0,341.0,65.0,2853.0,2020-08-20 20:08:31.335829,30.0,20.0,7,86.0,20.0,195.0,30.0,21.0,381.0,754227.0
Utah,UT,2020-08-21,48445,619397,383,2870,14,33,194,696,1079,751,103,1682,6,106,503,591,347,108,21,216,3378,11129,18341,11602,3362,405,23813,24596,94,1652,5577,8835,5671,1731,253,122.0,1723,5543,9495,5930,1631,152,1011.0,1115.0,1143.0,17946.0,2095.0,20074.0,5743.0,5206.0,48445.0,141,78.0,70,1024.0,251.0,1220.0,345.0,64.0,2870.0,2020-08-21 21:56:42.188821,30.0,21.0,7,86.0,21.0,195.0,30.0,21.0,383.0,759154.0
Utah,UT,2020-08-22,48814,622363,385,2899,14,33,196,701,1089,763,103,1678,6,107,501,594,342,107,21,216,3412,11233,18466,11676,3393,406,24001,24776,94,1665,5636,8900,5708,1744,254,122.0,1744,5587,9555,5967,1649,152,1012.0,1125.0,1148.0,18061.0,2110.0,20303.0,5788.0,5207.0,48814.0,141,80.0,71,1036.0,252.0,1235.0,350.0,65.0,2899.0,2020-08-22 19:07:56.670851,31.0,21.0,7,86.0,21.0,196.0,30.0,21.0,385.0,763337.0
Utah,UT,2020-08-23,49115,624836,385,2926,14,34,202,707,1094,771,104,1677,5,108,503,591,343,106,21,217,3431,11320,18549,11761,3413,412,24167,24906,95,1676,5681,8943,5754,1760,258,122.0,1751,5628,9594,6004,1653,154,1014.0,1134.0,1153.0,18149.0,2120.0,20477.0,5798.0,5244.0,49115.0,142,80.0,71,1046.0,252.0,1251.0,351.0,66.0,2926.0,2020-08-23 20:03:46.521566,31.0,21.0,7,86.0,21.0,196.0,30.0,21.0,385.0,766985.0
Utah,UT,2020-08-24,49364,626354,390,2941,14,34,203,711,1100,775,104,1695,5,108,510,594,350,106,22,217,3452,11392,18623,11828,3426,414,24292,25023,95,1685,5727,8977,5785,1765,258,122.0,1763,5653,9630,6038,1661,156,1021.0,1136.0,1157.0,18217.0,2126.0,20609.0,5821.0,5279.0,49364.0,143,81.0,71,1049.0,252.0,1260.0,351.0,67.0,2941.0,2020-08-24 19:09:11.443087,33.0,21.0,7,87.0,21.0,198.0,30.0,21.0,390.0,769530.0
Utah,UT,2020-08-25,49767,630599,397,2969,14,34,204,718,1108,784,107,1761,6,111,536,623,353,111,21,219,3484,11498,18781,11904,3454,415,24499,25224,96,1701,5785,9061,5818,1780,258,123.0,1780,5703,9705,6082,1674,157,1026.0,1151.0,1164.0,18316.0,2141.0,20809.0,5857.0,5349.0,49767.0,142,83.0,71,1055.0,254.0,1280.0,352.0,65.0,2969.0,2020-08-25 20:06:03.092770,33.0,22.0,7,88.0,21.0,202.0,31.0,21.0,396.0,775041.0
Utah,UT,2020-08-26,50174,637329,401,2996,14,34,208,721,1119,792,108,1745,5,110,527,624,352,106,21,216,3516,11589,18929,11994,3493,426,24711,25424,95,1715,5833,9133,5871,1798,266,121.0,1798,5747,9784,6119,1695,160,1034.0,1167.0,1171.0,18433.0,2156.0,21047.0,5897.0,5351.0,50174.0,141,85.0,72,1058.0,257.0,1295.0,358.0,63.0,2996.0,2020-08-26 20:08:54.581242,33.0,22.0,7,88.0,21.0,204.0,32.0,22.0,400.0,784285.0
Utah,UT,2020-08-27,50557,642761,403,3015,14,34,210,730,1122,797,108,1734,4,109,524,616,350,110,21,216,3543,11695,19074,12077,3513,427,24899,25620,95,1731,5882,9197,5918,1810,266,121.0,1809,5805,9866,6156,1702,161,1039.0,1185.0,1175.0,18525.0,2177.0,21255.0,5918.0,5384.0,50557.0,141,85.0,72,1065.0,258.0,1305.0,359.0,64.0,3015.0,2020-08-27 20:00:35.855642,33.0,22.0,7,90.0,21.0,204.0,34.0,22.0,402.0,792224.0
Utah,UT,2020-08-28,50948,647745,407,3041,14,34,210,740,1134,801,108,1740,4,109,534,607,352,111,23,217,3576,11803,19205,12165,3540,430,25093,25819,96,1752,5930,9261,5961,1825,268,121.0,1821,5865,9933,6202,1715,162,1042.0,1195.0,1183.0,18643.0,2194.0,21487.0,5964.0,5402.0,50948.0,142,87.0,72,1071.0,259.0,1320.0,361.0,64.0,3041.0,2020-08-28 19:51:38.745454,33.0,22.0,7,91.0,21.0,207.0,34.0,22.0,406.0,799476.0
Utah,UT,2020-08-29,51406,650560,407,3057,14,34,211,748,1137,804,109,1753,6,109,540,619,350,108,21,221,3618,11920,19385,12254,3563,433,25328,26040,98,1772,5989,9354,6012,1833,270,123.0,1843,5922,10019,6240,1730,163,1046.0,1204.0,1187.0,18782.0,2214.0,21722.0,6008.0,5449.0,51406.0,143,87.0,73,1078.0,259.0,1329.0,361.0,65.0,3057.0,2020-08-29 19:53:31.839971,33.0,22.0,7,91.0,21.0,207.0,34.0,22.0,406.0,803709.0
Utah,UT,2020-08-30,51854,655507,407,3080,14,36,214,752,1145,808,111,1807,6,115,557,643,354,111,21,222,3650,12053,19564,12330,3587,436,25541,26275,99,1789,6057,9432,6047,1845,272,123.0,1858,5986,10120,6282,1742,164,1049.0,1212.0,1193.0,18868.0,2231.0,21940.0,6047.0,5554.0,51854.0,143,87.0,74,1086.0,260.0,1339.0,367.0,65.0,3080.0,2020-08-30 19:45:21.541040,33.0,22.0,7,91.0,21.0,207.0,34.0,22.0,406.0,810646.0
Utah,UT,2020-08-31,52107,659855,407,3093,16,36,215,752,1148,814,112,1795,6,115,554,635,352,112,21,223,3667,12114,19654,12394,3604,439,25674,26396,100,1794,6092,9481,6080,1853,274,123.0,1870,6012,10162,6313,1751,165,1053.0,1221.0,1195.0,18917.0,2240.0,22088.0,6089.0,5560.0,52107.0,143,87.0,74,1089.0,260.0,1348.0,368.0,66.0,3093.0,2020-08-31 21:11:38.161569,33.0,22.0,7,91.0,21.0,207.0,34.0,22.0,406.0,816876.0
Utah,UT,2020-09-01,52403,664521,409,3110,17,36,217,754,1153,820,113,1770,4,111,548,623,353,109,22,222,3691,12200,19753,12460,3625,440,25820,26537,100,1810,6132,9534,6107,1862,275,122.0,1878,6058,10203,6351,1760,165,1057.0,1230.0,1204.0,19010.0,2244.0,22281.0,6122.0,5552.0,52403.0,144,87.0,74,1095.0,261.0,1358.0,371.0,66.0,3110.0,2020-09-01 19:52:24.024507,33.0,22.0,7,91.0,23.0,208.0,34.0,22.0,409.0,823155.0
Utah,UT,2020-09-02,52822,668425,410,3134,17,36,218,762,1157,829,115,1800,5,113,547,633,359,120,23,223,3717,12323,19888,12550,3664,446,26014,26749,101,1823,6186,9595,6147,1883,279,122.0,1891,6124,10271,6399,1775,167,1063.0,1240.0,1210.0,19111.0,2258.0,22545.0,6168.0,5564.0,52822.0,146,87.0,74,1103.0,262.0,1370.0,376.0,66.0,3134.0,2020-09-02 20:00:26.369718,33.0,22.0,7,91.0,23.0,209.0,34.0,22.0,410.0,829072.0
Utah,UT,2020-09-03,53326,673659,414,3153,17,36,220,765,1165,834,116,1823,5,115,556,643,361,118,25,223,3750,12482,20064,12643,3704,449,26265,27003,101,1843,6261,9676,6199,1903,282,122.0,1903,6208,10368,6440,1795,167,1072.0,1245.0,1220.0,19214.0,2271.0,22849.0,6214.0,5613.0,53326.0,146,87.0,76,1107.0,264.0,1379.0,376.0,69.0,3153.0,2020-09-03 20:48:22.801394,33.0,22.0,7,93.0,23.0,211.0,34.0,22.0,414.0,836750.0
Utah,UT,2020-09-04,53839,679716,419,3172,17,37,223,767,1170,840,118,1879,5,112,600,650,367,120,25,225,3777,12685,20210,12751,3729,451,26534,27242,102,1858,6374,9749,6252,1916,283,122.0,1914,6298,10440,6493,1807,168,1075.0,1252.0,1222.0,19323.0,2283.0,23150.0,6269.0,5671.0,53839.0,146,88.0,77,1113.0,265.0,1390.0,378.0,69.0,3172.0,2020-09-04 20:48:25.837665,33.0,22.0,7,95.0,23.0,214.0,35.0,22.0,419.0,845356.0
Utah,UT,2020-09-05,54272,683965,420,3188,17,39,223,774,1173,843,119,1880,5,116,588,652,370,123,26,230,3800,12838,20335,12849,3757,452,26749,27460,106,1866,6449,9815,6302,1928,283,123.0,1929,6375,10498,6543,1823,169,1082.0,1261.0,1227.0,19417.0,2295.0,23414.0,6323.0,5694.0,54272.0,147,88.0,77,1121.0,265.0,1397.0,379.0,69.0,3188.0,2020-09-05 20:06:40.875905,34.0,22.0,7,95.0,23.0,215.0,35.0,21.0,420.0,851482.0
Utah,UT,2020-09-06,54660,688735,422,3207,18,41,224,778,1178,848,120,1875,5,117,599,643,366,120,25,232,3831,13013,20437,12908,3773,455,26947,27650,107,1884,6541,9862,6332,1937,284,124.0,1942,6457,10554,6572,1830,171,1086.0,1267.0,1229.0,19491.0,2304.0,23665.0,6369.0,5716.0,54660.0,147,89.0,77,1127.0,265.0,1409.0,381.0,68.0,3207.0,2020-09-06 20:05:35.078433,34.0,22.0,7,95.0,23.0,217.0,35.0,21.0,422.0,858664.0
Utah,UT,2020-09-07,55033,691743,423,3225,18,41,226,782,1183,853,122,1940,5,119,627,658,378,129,24,233,3857,13151,20534,12982,3806,459,27149,27821,108,1903,6614,9912,6374,1953,285,124.0,1950,6521,10601,6604,1847,174,1092.0,1273.0,1235.0,19567.0,2307.0,23899.0,6408.0,5750.0,55033.0,147,89.0,78,1131.0,265.0,1422.0,383.0,67.0,3225.0,2020-09-07 20:22:09.263827,34.0,22.0,7,96.0,23.0,217.0,35.0,21.0,423.0,862865.0
Utah,UT,2020-09-08,55359,695347,424,3242,18,41,227,785,1188,858,125,1933,5,119,626,656,377,125,25,235,3881,13277,20625,13044,3825,461,27287,28009,110,1912,6662,9956,6399,1962,286,124.0,1964,6600,10648,6641,1857,175,1094.0,1280.0,1244.0,19634.0,2311.0,24119.0,6437.0,5756.0,55359.0,147,89.0,80,1134.0,266.0,1432.0,383.0,67.0,3242.0,2020-09-08 19:57:50.056710,34.0,22.0,7,96.0,23.0,218.0,35.0,21.0,424.0,867653.0
Utah,UT,2020-09-09,55673,698541,427,3263,18,41,229,788,1199,864,124,1931,5,118,614,666,376,128,24,236,3909,13388,20720,13102,3847,460,27454,28157,111,1926,6722,10006,6431,1972,286,124.0,1978,6649,10693,6668,1871,174,1095.0,1292.0,1246.0,19712.0,2318.0,24347.0,6452.0,5754.0,55673.0,147,91.0,80,1136.0,269.0,1447.0,383.0,67.0,3263.0,2020-09-09 20:02:50.054908,34.0,23.0,7,97.0,23.0,219.0,35.0,21.0,427.0,872639.0
Utah,UT,2020-09-10,56019,703766,430,3273,18,41,228,791,1202,869,124,1930,5,116,636,661,367,123,22,236,3927,13540,20837,13147,3858,463,27612,28343,111,1934,6800,10054,6446,1977,290,124.0,1989,6721,10762,6698,1876,173,1101.0,1297.0,1249.0,19771.0,2323.0,24567.0,6464.0,5811.0,56019.0,147,92.0,80,1136.0,270.0,1454.0,384.0,67.0,3273.0,2020-09-10 20:23:13.081947,34.0,23.0,7,97.0,23.0,222.0,35.0,21.0,430.0,880779.0
Utah,UT,2020-09-11,56675,707807,431,3288,18,41,229,798,1208,870,124,1999,5,120,679,684,367,119,25,236,3969,13821,21030,13250,3889,469,27930,28678,111,1951,6937,10154,6487,1997,293,124.0,2014,6863,10855,6760,1886,176,1105.0,1317.0,1257.0,19908.0,2337.0,24937.0,6510.0,5914.0,56675.0,147,92.0,80,1143.0,270.0,1462.0,384.0,67.0,3288.0,2020-09-11 20:23:26.904218,34.0,23.0,7,97.0,23.0,222.0,35.0,22.0,431.0,887314.0
Utah,UT,2020-09-12,57247,712229,433,3311,18,41,231,804,1218,875,124,2021,5,121,690,693,365,122,25,236,4002,14070,21190,13352,3916,470,28217,28969,111,1965,7075,10225,6539,2008,294,124.0,2033,6977,10947,6810,1902,176,1116.0,1330.0,1263.0,20015.0,2356.0,25310.0,6563.0,5957.0,57247.0,148,92.0,80,1151.0,271.0,1474.0,387.0,68.0,3311.0,2020-09-12 20:04:25.261665,34.0,23.0,7,97.0,23.0,224.0,35.0,22.0,433.0,895224.0
Utah,UT,2020-09-13,57875,716873,433,3326,18,41,231,811,1222,879,124,2134,5,121,764,705,388,125,26,238,4045,14347,21351,13472,3939,471,28547,29265,111,1988,7222,10302,6607,2022,295,126.0,2053,7107,11030,6862,1911,176,1126.0,1341.0,1268.0,20133.0,2364.0,25686.0,6607.0,6053.0,57875.0,148,92.0,80,1156.0,273.0,1482.0,389.0,67.0,3326.0,2020-09-13 20:00:54.545243,34.0,23.0,7,97.0,23.0,224.0,35.0,22.0,433.0,902940.0
Utah,UT,2020-09-14,58438,721682,436,3338,18,41,232,812,1228,883,124,2173,5,123,782,716,394,128,25,240,4085,14576,21521,13568,3966,471,28855,29517,111,2005,7354,10388,6665,2037,295,128.0,2076,7203,11114,6897,1923,176,1137.0,1349.0,1271.0,20233.0,2376.0,26048.0,6661.0,6101.0,58438.0,148,93.0,80,1160.0,274.0,1488.0,390.0,67.0,3338.0,2020-09-14 20:03:29.119927,34.0,23.0,7,97.0,24.0,226.0,35.0,22.0,436.0,910187.0
Utah,UT,2020-09-16,59747,729731,437,3381,18,43,237,822,1242,892,127,2190,6,112,771,733,402,134,32,245,4163,15086,21890,13841,4029,482,29529,30156,114,2045,7633,10569,6797,2070,301,130.0,2114,7434,11303,7040,1954,181,1160.0,1381.0,1290.0,20483.0,2401.0,26905.0,6734.0,6222.0,59747.0,148,96.0,81,1169.0,278.0,1513.0,390.0,70.0,3381.0,2020-09-16 20:11:42.978351,34.0,23.0,7,97.0,24.0,227.0,35.0,22.0,437.0,922687.0
Utah,UT,2020-09-17,60658,735178,437,3401,18,44,238,824,1250,900,127,2321,7,118,835,767,427,135,32,246,4208,15454,22144,14029,4079,487,29968,30628,115,2067,7815,10699,6878,2090,304,130.0,2137,7621,11427,7147,1983,183,1169.0,1405.0,1308.0,20654.0,2415.0,27453.0,6804.0,6336.0,60658.0,148,97.0,81,1174.0,279.0,1526.0,394.0,71.0,3401.0,2020-09-17 20:13:36.340549,34.0,23.0,7,97.0,24.0,227.0,35.0,22.0,437.0,931331.0
Utah,UT,2020-09-18,61775,743737,437,3444,18,45,243,835,1262,913,128,2433,7,117,905,794,429,144,37,249,4273,15942,22451,14218,4136,495,30527,31180,118,2103,8052,10844,6980,2120,310,130.0,2166,7868,11587,7234,2010,185,1180.0,1426.0,1320.0,20846.0,2441.0,28181.0,6911.0,6425.0,61775.0,150,97.0,82,1184.0,281.0,1554.0,396.0,74.0,3444.0,2020-09-18 20:04:39.934409,34.0,23.0,7,97.0,24.0,227.0,35.0,22.0,437.0,943866.0
Utah,UT,2020-09-19,62852,751950,440,3477,18,45,247,839,1271,927,130,2489,5,127,931,812,432,146,36,253,4354,16352,22756,14435,4192,499,31070,31714,120,2140,8262,11002,7084,2150,312,132.0,2210,8067,11735,7347,2036,187,1193.0,1457.0,1335.0,21033.0,2471.0,28878.0,7028.0,6500.0,62852.0,152,98.0,82,1191.0,283.0,1575.0,398.0,76.0,3477.0,2020-09-19 20:55:46.978766,34.0,23.0,7,99.0,24.0,227.0,36.0,23.0,440.0,956500.0
Utah,UT,2020-09-20,63772,758165,440,3494,18,45,247,842,1277,935,130,2602,5,132,1000,830,452,147,36,256,4431,16708,23013,14623,4228,502,31532,32166,121,2182,8440,11130,7181,2165,313,134.0,2245,8240,11863,7438,2057,189,1208.0,1472.0,1347.0,21229.0,2484.0,29419.0,7109.0,6627.0,63772.0,153,98.0,82,1196.0,283.0,1585.0,400.0,75.0,3494.0,2020-09-20 19:29:19.698848,34.0,23.0,7,99.0,24.0,227.0,36.0,23.0,440.0,966382.0
Utah,UT,2020-09-21,64394,762051,441,3520,18,46,248,849,1284,943,132,2654,5,134,1030,844,456,148,37,256,4495,16929,23204,14728,4264,507,31844,32477,121,2214,8550,11224,7232,2186,317,135.0,2277,8351,11960,7492,2072,190,1209.0,1486.0,1355.0,21363.0,2493.0,29790.0,7169.0,6695.0,64394.0,153,98.0,83,1205.0,285.0,1599.0,400.0,75.0,3520.0,2020-09-21 20:41:13.022241,34.0,23.0,7,100.0,24.0,227.0,36.0,23.0,441.0,973181.0
Utah,UT,2020-09-22,65044,768959,443,3550,18,46,250,855,1293,955,133,2633,5,132,1020,840,450,148,38,260,4531,17159,23412,14867,4295,509,32158,32812,124,2232,8660,11326,7300,2199,317,136.0,2295,8471,12066,7563,2089,192,1216.0,1509.0,1366.0,21495.0,2502.0,30229.0,7245.0,6695.0,65044.0,153,98.0,83,1211.0,288.0,1618.0,406.0,75.0,3550.0,2020-09-22 20:15:50.389035,34.0,23.0,7,100.0,24.0,229.0,36.0,23.0,443.0,982545.0
Utah,UT,2020-09-23,65921,775858,444,3584,18,45,252,860,1308,967,134,2690,6,132,1028,874,473,142,35,265,4586,17454,23692,15051,4349,513,32619,33229,125,2262,8825,11467,7394,2226,320,140.0,2320,8602,12205,7653,2116,193,1227.0,1519.0,1381.0,21669.0,2513.0,30860.0,7311.0,6722.0,65921.0,157,99.0,83,1218.0,288.0,1641.0,406.0,74.0,3584.0,2020-09-23 20:04:51.497314,34.0,23.0,7,100.0,24.0,229.0,36.0,24.0,444.0,993246.0
Utah,UT,2020-09-24,67119,784975,444,3619,18,46,257,866,1319,976,137,2861,6,142,1109,926,488,150,40,265,4676,17867,24078,15283,4418,521,33232,33812,126,2309,9036,11659,7512,2263,327,139.0,2362,8802,12398,7768,2149,194,1237.0,1542.0,1394.0,21912.0,2537.0,31659.0,7420.0,6793.0,67119.0,157,101.0,83,1228.0,290.0,1660.0,409.0,76.0,3619.0,2020-09-24 20:07:40.084346,34.0,23.0,7,100.0,24.0,229.0,36.0,24.0,444.0,1006493.0
Utah,UT,2020-09-25,68530,795217,448,3668,18,46,262,875,1328,996,143,3012,6,147,1180,965,519,151,44,267,4795,18335,24525,15562,4500,535,33947,34507,127,2370,9284,11875,7659,2298,334,140.0,2420,9021,12629,7900,2196,201,1260.0,1565.0,1410.0,22246.0,2576.0,32496.0,7586.0,6921.0,68530.0,157,102.0,85,1240.0,291.0,1692.0,412.0,76.0,3668.0,2020-09-25 20:12:41.030687,34.0,23.0,7,101.0,24.0,233.0,36.0,23.0,448.0,1022373.0
Utah,UT,2020-09-26,69547,805079,448,3702,18,46,263,885,1338,1005,147,3068,6,151,1199,990,528,152,42,269,4874,18689,24855,15759,4548,542,34461,35011,129,2413,9464,12028,7763,2323,341,140.0,2456,9195,12807,7993,2219,201,1278.0,1591.0,1429.0,22434.0,2615.0,33158.0,7678.0,6977.0,69547.0,157,103.0,88,1244.0,292.0,1715.0,416.0,77.0,3702.0,2020-09-26 20:33:21.199620,34.0,23.0,7,101.0,24.0,233.0,36.0,23.0,448.0,1037414.0
Utah,UT,2020-09-27,70615,811249,453,3729,18,46,264,885,1349,1018,149,3222,7,163,1274,1036,541,155,46,271,4947,19069,25191,15961,4614,551,34989,35551,131,2448,9653,12188,7872,2350,347,140.0,2494,9386,12983,8086,2258,204,1288.0,1605.0,1442.0,22659.0,2637.0,33803.0,7811.0,7098.0,70615.0,157,103.0,90,1250.0,293.0,1732.0,420.0,76.0,3729.0,2020-09-27 19:55:03.198055,34.0,23.0,7,102.0,25.0,236.0,37.0,23.0,453.0,1046616.0
Utah,UT,2020-09-29,72136,821864,457,3807,19,47,270,903,1371,1037,160,3176,5,158,1231,1039,547,154,42,273,5083,19509,25698,16284,4702,576,35754,36297,132,2518,9870,12436,8041,2396,361,141.0,2559,9606,13239,8237,2300,215,1306.0,1637.0,1462.0,22962.0,2677.0,34820.0,7943.0,7166.0,72136.0,161,105.0,91,1263.0,298.0,1786.0,423.0,80.0,3807.0,2020-09-29 15:18:00.587307,34.0,24.0,7,102.0,25.0,238.0,37.0,24.0,457.0,1062240.0
Utah,UT,2020-09-30,73042,829970,459,3847,19,47,273,916,1381,1052,159,3095,5,154,1173,1014,547,161,41,275,5160,19740,26004,16495,4775,582,36204,36752,133,2552,9982,12588,8151,2432,366,142.0,2601,9725,13393,8338,2337,216,1315.0,1655.0,1473.0,23187.0,2698.0,35431.0,8022.0,7196.0,73042.0,164,107.0,91,1272.0,304.0,1807.0,425.0,79.0,3847.0,2020-09-30 20:09:12.356321,34.0,24.0,7,102.0,25.0,239.0,37.0,25.0,459.0,1074530.0
Utah,UT,2020-10-01,74050,836218,459,3882,19,48,276,928,1386,1061,164,3146,6,152,1185,1035,544,178,46,277,5250,20014,26310,16726,4868,594,36719,37248,135,2598,10134,12741,8260,2478,373,142.0,2645,9848,13547,8461,2384,221,1324.0,1675.0,1481.0,23383.0,2718.0,36084.0,8058.0,7316.0,74050.0,166,108.0,91,1279.0,305.0,1831.0,428.0,80.0,3882.0,2020-10-01 21:10:31.335119,34.0,24.0,7,102.0,25.0,239.0,37.0,25.0,459.0,1085068.0
Utah,UT,2020-10-02,75157,845583,474,3916,19,49,277,934,1392,1077,168,3168,6,150,1189,1052,548,177,46,280,5320,20357,26692,16948,4945,604,37268,37814,137,2634,10308,12916,8372,2522,379,143.0,2679,10017,13757,8573,2420,225,1329.0,1702.0,1493.0,23617.0,2747.0,36789.0,8167.0,7407.0,75157.0,166,109.0,91,1287.0,306.0,1855.0,430.0,80.0,3916.0,2020-10-02 20:13:14.811434,35.0,24.0,8,102.0,25.0,249.0,37.0,28.0,474.0,1099333.0
Utah,UT,2020-10-03,76225,852680,476,3956,22,49,282,945,1403,1087,168,3172,6,148,1190,1042,558,179,49,285,5416,20656,27071,17170,5006,610,37813,38337,141,2681,10476,13103,8472,2558,382,144.0,2728,10150,13948,8694,2445,228,1341.0,1731.0,1505.0,23850.0,2766.0,37490.0,8250.0,7489.0,76225.0,166,110.0,91,1298.0,307.0,1879.0,432.0,82.0,3956.0,2020-10-03 20:24:04.710131,35.0,24.0,8,103.0,25.0,251.0,37.0,27.0,476.0,1110601.0
Utah,UT,2020-10-04,77618,860894,478,3980,22,49,286,954,1408,1093,168,3288,7,159,1228,1080,575,185,54,290,5552,21012,27575,17468,5087,622,38535,39006,142,2749,10652,13365,8640,2598,389,148.0,2796,10329,14190,8824,2486,233,1358.0,1757.0,1515.0,24145.0,2811.0,38372.0,8400.0,7570.0,77618.0,166,110.0,91,1303.0,310.0,1896.0,436.0,80.0,3980.0,2020-10-04 19:56:39.032429,35.0,24.0,8,103.0,25.0,253.0,37.0,27.0,478.0,1123307.0
Utah,UT,2020-10-05,78723,866180,482,4019,22,50,290,958,1418,1110,171,3369,8,166,1261,1090,598,192,54,293,5629,21294,27973,17737,5155,630,39049,39563,145,2787,10791,13539,8748,2646,393,148.0,2832,10455,14403,8982,2506,237,1367.0,1771.0,1527.0,24335.0,2830.0,39083.0,8461.0,7736.0,78723.0,166,110.0,91,1309.0,313.0,1922.0,437.0,83.0,4019.0,2020-10-05 20:00:24.465440,36.0,24.0,8,104.0,25.0,255.0,38.0,27.0,482.0,1131691.0
Utah,UT,2020-10-06,79439,875601,488,4058,22,50,293,967,1433,1119,174,3317,8,156,1242,1086,589,185,51,295,5681,21470,28237,17906,5203,635,39429,39908,146,2821,10891,13678,8827,2672,394,149.0,2850,10536,14535,9069,2528,241,1380.0,1782.0,1537.0,24509.0,2842.0,39594.0,8512.0,7724.0,79439.0,168,110.0,91,1318.0,313.0,1949.0,438.0,84.0,4058.0,2020-10-06 20:06:35.448135,36.0,24.0,8,104.0,26.0,260.0,38.0,27.0,488.0,1145016.0
Utah,UT,2020-10-07,80446,881440,496,4113,22,51,295,978,1451,1139,177,3336,8,154,1249,1095,593,187,50,296,5759,21722,28590,18147,5275,645,39945,40403,145,2860,11033,13851,8955,2701,400,151.0,2890,10647,14717,9182,2571,245,1386.0,1802.0,1554.0,24698.0,2867.0,40247.0,8586.0,7822.0,80446.0,167,110.0,94,1334.0,316.0,1979.0,445.0,86.0,4113.0,2020-10-07 20:15:00.206892,36.0,24.0,8,107.0,26.0,264.0,38.0,28.0,496.0,1154575.0
Utah,UT,2020-10-08,81947,892022,501,4167,23,51,302,988,1462,1162,179,3480,8,159,1297,1129,632,205,50,301,5872,22111,29105,18504,5391,651,40722,41138,147,2919,11239,14127,9134,2753,403,154.0,2944,10836,14958,9363,2635,248,1402.0,1826.0,1564.0,25029.0,2897.0,41203.0,8703.0,7976.0,81947.0,168,112.0,93,1347.0,317.0,2015.0,453.0,87.0,4167.0,2020-10-08 20:12:40.179794,36.0,24.0,8,108.0,26.0,268.0,38.0,28.0,501.0,1171162.0
Utah,UT,2020-10-09,83290,901048,505,4220,24,53,304,1000,1480,1176,183,3593,7,166,1342,1173,647,204,54,304,6005,22484,29574,18785,5463,663,41391,41808,148,2982,11416,14359,9287,2792,407,156.0,3014,11032,15192,9491,2668,255,1418.0,1850.0,1575.0,25294.0,2947.0,42047.0,8790.0,8157.0,83290.0,171,114.0,93,1355.0,320.0,2051.0,454.0,90.0,4220.0,2020-10-09 20:00:41.067491,36.0,24.0,8,109.0,26.0,271.0,39.0,28.0,505.0,1185494.0
Utah,UT,2020-10-11,85844,918571,517,4306,24,55,312,1012,1517,1198,188,3713,9,175,1379,1228,666,200,56,310,6230,23127,30477,19369,5630,689,42635,43116,153,3107,11707,14791,9574,2878,425,157.0,3112,11384,15663,9787,2749,264,1444.0,1894.0,1607.0,25816.0,3025.0,43702.0,9006.0,8352.0,85844.0,172,116.0,96,1371.0,323.0,2112.0,459.0,90.0,4306.0,2020-10-11 19:59:22.998140,37.0,25.0,8,111.0,26.0,279.0,39.0,28.0,517.0,1211868.0
Utah,UT,2020-10-12,86832,922931,522,4331,24,55,314,1020,1525,1205,188,3785,9,183,1409,1244,674,207,59,314,6328,23357,30831,19595,5698,697,43122,43616,153,3159,11823,14962,9686,2909,430,161.0,3158,11498,15845,9901,2786,267,1454.0,1911.0,1622.0,25985.0,3048.0,44341.0,9051.0,8487.0,86832.0,173,117.0,96,1375.0,324.0,2129.0,462.0,90.0,4331.0,2020-10-12 20:05:30.794538,37.0,25.0,8,111.0,26.0,284.0,39.0,28.0,522.0,1218932.0
Utah,UT,2020-10-13,87819,931732,522,4383,24,55,317,1030,1538,1224,195,3836,10,180,1425,1264,682,218,57,315,6410,23594,31185,19821,5777,705,43623,44100,154,3197,11934,15151,9803,2951,433,161.0,3202,11623,16009,10010,2823,272,1463.0,1923.0,1627.0,26159.0,3069.0,45034.0,9138.0,8533.0,87819.0,174,118.0,97,1384.0,326.0,2167.0,465.0,90.0,4383.0,2020-10-13 19:47:54.907088,37.0,25.0,8,111.0,26.0,284.0,39.0,28.0,522.0,1231944.0
Utah,UT,2020-10-14,88963,940687,527,4460,24,56,321,1053,1558,1246,202,3783,11,181,1402,1254,663,220,52,320,6510,23836,31589,20106,5878,712,44218,44652,155,3254,12062,15356,9948,3007,436,165.0,3246,11737,16210,10150,2868,276,1478.0,1941.0,1638.0,26446.0,3101.0,45753.0,9275.0,8587.0,88963.0,175,118.0,97,1400.0,328.0,2223.0,480.0,88.0,4460.0,2020-10-14 20:01:38.306648,37.0,25.0,8,112.0,27.0,287.0,39.0,28.0,527.0,1245853.0
Utah,UT,2020-10-15,90461,948002,529,4511,24,57,323,1064,1579,1261,203,3938,11,187,1462,1313,675,237,53,323,6651,24209,32123,20430,5988,725,44992,45374,155,3324,12252,15627,10129,3061,444,168.0,3316,11919,16473,10293,2924,281,1487.0,1976.0,1663.0,26743.0,3122.0,46733.0,9349.0,8761.0,90461.0,175,119.0,99,1403.0,331.0,2259.0,479.0,95.0,4511.0,2020-10-15 21:38:33.612029,37.0,25.0,8,112.0,27.0,288.0,40.0,28.0,529.0,1257881.0
Utah,UT,2020-10-16,91957,957309,537,4559,24,57,328,1076,1591,1277,206,4018,10,189,1502,1344,678,238,57,326,6799,24595,32658,20760,6065,741,45753,46102,157,3394,12443,15918,10292,3099,450,169.0,3393,12114,16715,10457,2963,291,1499.0,2005.0,1682.0,27117.0,3152.0,47602.0,9496.0,8949.0,91957.0,175,120.0,100,1415.0,331.0,2292.0,482.0,97.0,4559.0,2020-10-16 20:39:57.652998,37.0,25.0,8,112.0,27.0,295.0,40.0,29.0,537.0,1273392.0
Utah,UT,2020-10-17,93297,966451,540,4610,24,57,329,1084,1602,1304,210,4059,10,194,1501,1360,696,243,55,330,6944,24867,33158,21073,6160,751,46455,46736,160,3463,12589,16183,10455,3150,455,170.0,3470,12238,16946,10609,3007,296,1514.0,2038.0,1693.0,27423.0,3190.0,48424.0,9619.0,9054.0,93297.0,175,120.0,100,1424.0,332.0,2326.0,491.0,98.0,4610.0,2020-10-17 20:05:13.114742,37.0,25.0,8,113.0,27.0,297.0,40.0,30.0,540.0,1288109.0
Utah,UT,2020-10-18,94394,973938,543,4656,24,57,329,1093,1616,1326,211,4084,10,203,1511,1365,698,241,56,331,7061,25115,33523,21344,6247,759,46988,47304,160,3520,12717,16358,10581,3192,460,171.0,3530,12359,17139,10754,3052,299,1518.0,2061.0,1704.0,27662.0,3216.0,49132.0,9722.0,9134.0,94394.0,175,121.0,100,1437.0,334.0,2354.0,495.0,98.0,4656.0,2020-10-18 20:01:54.272840,37.0,25.0,8,115.0,27.0,298.0,40.0,31.0,543.0,1299715.0
Utah,UT,2020-10-19,95562,980659,546,4688,24,58,331,1102,1626,1334,213,4246,10,210,1556,1432,725,254,59,333,7180,25370,33952,21597,6351,765,47601,47859,161,3581,12856,16588,10711,3240,464,172.0,3588,12475,17338,10877,3108,301,1526.0,2076.0,1715.0,27940.0,3241.0,49859.0,9833.0,9274.0,95562.0,175,121.0,100,1441.0,337.0,2377.0,497.0,99.0,4688.0,2020-10-19 20:12:30.380239,37.0,25.0,8,115.0,27.0,301.0,40.0,31.0,546.0,1310604.0
Utah,UT,2020-10-20,96643,986424,551,4753,24,58,336,1114,1651,1354,216,4283,10,206,1558,1453,742,256,58,335,7264,25615,34369,21845,6431,770,48160,48376,161,3624,12989,16805,10835,3280,466,174.0,3629,12584,17539,10999,3147,304,1533.0,2097.0,1723.0,28276.0,3270.0,50487.0,9953.0,9338.0,96643.0,177,122.0,101,1456.0,340.0,2419.0,499.0,102.0,4753.0,2020-10-20 20:33:20.423978,38.0,25.0,8,116.0,27.0,303.0,42.0,31.0,551.0,1319960.0
Utah,UT,2020-10-21,98006,993995,557,4807,24,58,338,1127,1670,1371,219,4221,11,207,1546,1419,725,253,60,339,7396,25904,34850,22176,6531,796,48877,49024,164,3693,13140,17056,11010,3332,482,175.0,3691,12721,17770,11157,3196,314,1540.0,2116.0,1741.0,28576.0,3304.0,51350.0,10071.0,9446.0,98006.0,177,125.0,101,1465.0,345.0,2452.0,503.0,105.0,4807.0,2020-10-21 19:52:29.946318,38.0,25.0,8,117.0,27.0,307.0,42.0,32.0,557.0,1333718.0
Utah,UT,2020-10-22,99549,1004286,563,4880,24,60,341,1144,1691,1396,224,4297,11,213,1578,1434,746,254,61,340,7545,26288,35356,22540,6660,807,49658,49786,165,3783,13315,17305,11201,3401,488,175.0,3751,12929,18026,11330,3256,319,1556.0,2152.0,1752.0,28868.0,3353.0,52312.0,10172.0,9636.0,99549.0,180,126.0,101,1486.0,346.0,2497.0,511.0,104.0,4880.0,2020-10-22 19:09:02.728779,38.0,25.0,8,118.0,27.0,312.0,43.0,32.0,563.0,1350299.0
Utah,UT,2020-10-23,101509,1012740,567,4939,24,61,347,1156,1708,1418,225,4477,12,219,1640,1497,785,264,60,343,7715,26759,36075,22982,6804,818,50668,50736,166,3876,13575,17663,11424,3470,494,177.0,3828,13142,18386,11548,3331,324,1579.0,2195.0,1781.0,29353.0,3425.0,53530.0,10304.0,9793.0,101509.0,180,127.0,101,1502.0,347.0,2539.0,514.0,105.0,4939.0,2020-10-23 20:01:59.680274,38.0,26.0,8,119.0,27.0,314.0,43.0,32.0,567.0,1364473.0
Utah,UT,2020-10-24,103117,1022809,568,4997,26,61,348,1167,1730,1438,227,4575,13,229,1658,1550,810,255,60,352,7882,27160,36657,23325,6901,826,51518,51490,170,3978,13784,17971,11600,3518,497,182.0,3893,13334,18658,11714,3380,329,1598.0,2221.0,1807.0,29722.0,3461.0,54528.0,10444.0,9936.0,103117.0,180,127.0,102,1513.0,352.0,2577.0,519.0,108.0,4997.0,2020-10-24 19:55:15.092190,38.0,26.0,8,119.0,27.0,315.0,43.0,32.0,568.0,1380789.0
Utah,UT,2020-10-25,104882,1031511,572,5049,26,61,355,1176,1749,1450,232,4768,13,246,1729,1606,844,270,60,354,8038,27605,37274,23741,7025,833,52451,52324,170,4058,14028,18285,11823,3587,500,184.0,3969,13535,18961,11907,3435,333,1613.0,2245.0,1822.0,30047.0,3501.0,55640.0,10575.0,10184.0,104883.0,183,128.0,103,1524.0,356.0,2607.0,525.0,110.0,5049.0,2020-10-25 20:05:57.719487,38.0,26.0,8,119.0,27.0,319.0,43.0,32.0,572.0,1394036.0
Utah,UT,2020-10-26,106083,1037256,574,5102,26,62,359,1190,1760,1469,236,4757,14,248,1716,1604,846,268,61,357,8160,27871,37707,24029,7103,844,53068,52906,171,4123,14156,18513,11973,3626,506,186.0,4025,13673,19165,12045,3474,338,1618.0,2273.0,1833.0,30292.0,3526.0,56393.0,10668.0,10298.0,106084.0,183,129.0,103,1538.0,360.0,2640.0,530.0,111.0,5102.0,2020-10-26 20:02:24.793513,38.0,26.0,8,119.0,27.0,321.0,43.0,32.0,574.0,1401933.0
Utah,UT,2020-10-27,107228,1044695,578,5169,27,62,359,1209,1782,1491,239,4735,12,226,1713,1601,855,264,64,361,8250,28137,38115,24312,7184,856,53619,53496,171,4168,14288,18703,12112,3666,511,190.0,4071,13805,19381,12189,3515,345,1630.0,2302.0,1846.0,30526.0,3560.0,57153.0,10741.0,10365.0,107228.0,184,130.0,104,1547.0,365.0,2684.0,530.0,117.0,5169.0,2020-10-27 20:09:38.177980,38.0,26.0,8,119.0,27.0,325.0,43.0,32.0,578.0,1414509.0
Utah,UT,2020-10-28,108803,1052059,588,5247,27,62,361,1229,1802,1522,244,4786,14,232,1726,1621,867,261,65,364,8403,28483,38649,24700,7317,873,54416,54272,171,4245,14457,18968,12312,3742,521,193.0,4147,13983,19649,12376,3572,352,1646.0,2333.0,1866.0,30881.0,3628.0,58107.0,10866.0,10502.0,108803.0,185,135.0,104,1569.0,375.0,2726.0,539.0,113.0,5247.0,2020-10-28 20:03:27.280169,39.0,27.0,8,120.0,28.0,332.0,43.0,31.0,588.0,1427359.0
Utah,UT,2020-10-29,110640,1063291,598,5319,27,62,369,1244,1825,1544,248,4947,13,248,1756,1679,909,278,64,370,8572,28930,39307,25088,7472,887,55290,55230,174,4327,14679,19277,12486,3817,530,196.0,4234,14204,19996,12591,3652,357,1671.0,2372.0,1898.0,31234.0,3684.0,59246.0,10986.0,10719.0,110640.0,186,137.0,107,1581.0,384.0,2774.0,541.0,112.0,5319.0,2020-10-29 20:10:07.569954,39.0,28.0,8,122.0,28.0,338.0,44.0,31.0,598.0,1444838.0
Utah,UT,2020-10-30,112932,1073637,601,5395,27,64,379,1263,1847,1561,254,5486,14,280,1942,1864,1005,313,68,370,8764,29549,40107,25585,7635,908,56466,56334,174,4429,15010,19681,12721,3905,546,196.0,4323,14490,20386,12850,3727,362,1705.0,2431.0,1928.0,31740.0,3747.0,60649.0,11187.0,10952.0,112932.0,189,139.0,108,1596.0,388.0,2819.0,547.0,119.0,5395.0,2020-10-30 19:41:07.893948,39.0,28.0,8,123.0,28.0,339.0,45.0,31.0,601.0,1463440.0
Utah,UT,2020-10-31,114656,1081823,604,5463,27,66,385,1273,1870,1582,260,5516,13,284,1979,1853,993,324,70,375,8923,29967,40719,25953,7780,925,57320,57214,177,4508,15226,19976,12903,3975,555,198.0,4404,14694,20710,13036,3802,370,1727.0,2469.0,1950.0,32072.0,3815.0,61661.0,11308.0,11191.0,114656.0,190,139.0,109,1609.0,393.0,2864.0,554.0,121.0,5463.0,2020-10-31 20:06:51.541377,39.0,28.0,8,124.0,28.0,341.0,45.0,31.0,604.0,1477706.0
Utah,UT,2020-11-01,116510,1088849,614,5526,27,66,388,1289,1892,1600,264,5893,13,314,2074,1967,1091,358,76,377,9082,30376,41370,26421,7931,939,58260,58126,178,4589,15443,20285,13148,4056,561,199.0,4482,14886,21051,13259,3871,378,1747.0,2511.0,1978.0,32497.0,3868.0,62754.0,11496.0,11384.0,116510.0,192,140.0,109,1622.0,396.0,2904.0,560.0,124.0,5526.0,2020-11-01 20:20:49.644868,40.0,28.0,8,125.0,28.0,348.0,45.0,32.0,614.0,1488431.0
Utah,UT,2020-11-02,117706,1097593,614,5576,27,69,391,1299,1905,1616,269,5957,15,323,2088,1990,1101,360,80,388,9190,30647,41816,26675,8023,953,58859,58724,182,4636,15590,20503,13276,4104,568,206.0,4543,15011,21279,13385,3915,385,1760.0,2534.0,1991.0,32755.0,3912.0,63468.0,11620.0,11515.0,117706.0,192,140.0,109,1639.0,398.0,2934.0,566.0,125.0,5576.0,2020-11-02 19:55:14.345500,40.0,28.0,8,125.0,28.0,348.0,45.0,32.0,614.0,1501304.0
Utah,UT,2020-11-03,119375,1105427,620,5665,27,69,393,1318,1932,1653,273,6135,15,339,2151,2049,1129,368,84,389,9330,31043,42421,27061,8150,967,59675,59577,182,4700,15785,20804,13464,4164,576,207.0,4619,15213,21583,13581,3983,391,1798.0,2581.0,2009.0,33178.0,3976.0,64522.0,11772.0,11597.0,119375.0,193,144.0,113,1663.0,407.0,2980.0,578.0,126.0,5665.0,2020-11-03 20:18:38.388778,40.0,28.0,8,126.0,29.0,351.0,45.0,33.0,620.0,1515037.0
Utah,UT,2020-11-04,121485,1111986,625,5755,27,69,398,1333,1960,1689,279,6221,15,331,2156,2115,1157,354,93,390,9496,31513,43239,27554,8284,995,60681,60681,182,4781,16030,21167,13688,4237,596,208.0,4704,15437,22038,13851,4044,399,1817.0,2616.0,2033.0,33618.0,4035.0,65768.0,11940.0,11898.0,121485.0,196,147.0,116,1676.0,411.0,3047.0,578.0,126.0,5755.0,2020-11-04 20:16:41.935580,40.0,28.0,9,127.0,29.0,354.0,46.0,33.0,625.0,1527499.0
Utah,UT,2020-11-05,124292,1125606,632,5830,27,69,402,1345,1980,1719,288,6741,16,377,2304,2266,1279,403,96,395,9752,32158,44263,28201,8485,1024,62109,62057,185,4895,16369,21672,14016,4355,617,210.0,4846,15742,22555,14170,4127,407,1857.0,2669.0,2058.0,34254.0,4138.0,67449.0,12153.0,12277.0,124292.0,197,148.0,116,1686.0,416.0,3102.0,582.0,129.0,5830.0,2020-11-05 21:25:41.589275,40.0,28.0,9,127.0,29.0,360.0,46.0,34.0,632.0,1548012.0
Utah,UT,2020-11-06,127279,1136826,649,5922,27,70,410,1369,2003,1748,295,7164,19,386,2438,2418,1363,416,124,404,10013,32948,45334,28835,8657,1074,63617,63524,190,5023,16766,22194,14344,4451,649,214.0,4978,16129,23101,14474,4203,425,1882.0,2721.0,2095.0,34946.0,4237.0,69294.0,12378.0,12590.0,127279.0,199,150.0,117,1701.0,425.0,3159.0,589.0,133.0,5922.0,2020-11-06 20:00:59.809783,40.0,29.0,9,129.0,30.0,372.0,49.0,35.0,649.0,1567044.0
Utah,UT,2020-11-07,130235,1149506,658,6020,29,71,415,1391,2029,1783,302,7673,17,429,2607,2617,1458,439,106,408,10286,33703,46453,29435,8830,1106,65031,65059,191,5170,17157,22686,14631,4532,664,217.0,5104,16489,23729,14784,4294,442,1922.0,2783.0,2127.0,35542.0,4313.0,71048.0,12568.0,13047.0,130235.0,202,151.0,119,1722.0,430.0,3222.0,597.0,139.0,6020.0,2020-11-07 20:51:32.371745,41.0,29.0,9,129.0,30.0,380.0,49.0,35.0,658.0,1588386.0
Utah,UT,2020-11-08,132621,1158817,659,6084,30,73,424,1411,2043,1798,305,8310,18,490,2811,2835,1570,478,108,415,10511,34321,47304,29935,8997,1124,66314,66172,194,5290,17495,23139,14904,4621,671,221.0,5210,16775,24128,15013,4372,453,1939.0,2828.0,2148.0,36012.0,4386.0,72517.0,12723.0,13377.0,132621.0,202,151.0,120,1740.0,433.0,3262.0,601.0,141.0,6084.0,2020-11-08 20:26:32.766072,41.0,29.0,9,129.0,30.0,381.0,49.0,35.0,659.0,1602055.0
Utah,UT,2020-11-09,134868,1167923,661,6162,32,77,431,1426,2064,1823,309,8371,19,483,2848,2816,1597,495,113,424,10728,34965,48057,30400,9139,1141,67477,67257,198,5403,17812,23543,15139,4700,682,226.0,5314,17103,24477,15243,4435,459,1957.0,2870.0,2166.0,36507.0,4438.0,73823.0,12890.0,13758.0,134868.0,202,155.0,122,1766.0,438.0,3304.0,608.0,141.0,6162.0,2020-11-09 19:19:47.791326,41.0,29.0,9,129.0,30.0,383.0,49.0,35.0,661.0,1615829.0
Utah,UT,2020-11-10,137385,1180749,672,6284,32,79,433,1451,2105,1866,318,8593,18,519,2925,2911,1623,490,107,430,10988,35581,48998,30935,9274,1164,68775,68470,198,5528,18127,24028,15418,4779,697,232.0,5448,17401,24933,15497,4492,467,2008.0,2921.0,2193.0,37150.0,4509.0,75384.0,13128.0,13931.0,137385.0,207,160.0,122,1787.0,449.0,3382.0,614.0,147.0,6284.0,2020-11-10 19:43:49.603396,41.0,29.0,9,130.0,31.0,392.0,49.0,35.0,672.0,1636646.0
Utah,UT,2020-11-11,139720,1190623,678,6395,32,81,441,1474,2135,1905,327,8816,20,507,2984,3009,1700,486,110,434,11210,36191,49792,31473,9417,1188,69916,69661,199,5633,18445,24415,15666,4846,712,235.0,5565,17693,25339,15786,4567,476,2048.0,2979.0,2221.0,37587.0,4557.0,76740.0,13301.0,14336.0,139720.0,211,165.0,124,1806.0,459.0,3452.0,627.0,144.0,6395.0,2020-11-11 19:45:58.173489,41.0,29.0,9,130.0,33.0,396.0,49.0,35.0,678.0,1654240.0
Utah,UT,2020-11-12,143639,1204549,687,6487,33,81,454,1491,2170,1923,335,9938,23,605,3337,3421,1910,532,110,445,11592,37246,51134,32311,9682,1213,71896,71586,202,5831,18997,25087,16080,4974,725,243.0,5749,18195,26004,16207,4703,485,2091.0,3033.0,2282.0,38230.0,4652.0,79310.0,13505.0,14843.0,143639.0,213,167.0,128,1827.0,462.0,3509.0,631.0,149.0,6487.0,2020-11-12 20:45:54.319007,41.0,29.0,9,131.0,33.0,404.0,49.0,36.0,687.0,1676152.0
Utah,UT,2020-11-13,145789,1216706,701,6591,33,85,463,1515,2201,1954,340,9910,22,594,3357,3395,1896,537,109,450,11791,37792,51881,32802,9834,1223,73019,72607,206,5931,19288,25477,16325,5061,731,244.0,5845,18451,26359,16451,4768,489,2119.0,3074.0,2315.0,38628.0,4710.0,80778.0,13645.0,14994.0,145789.0,213,170.0,132,1853.0,467.0,3574.0,636.0,151.0,6591.0,2020-11-13 21:16:50.551310,41.0,29.0,9,134.0,33.0,413.0,50.0,38.0,701.0,1696242.0
Utah,UT,2020-11-14,151141,1234250,710,6676,33,86,468,1535,2223,1986,345,11339,29,757,3778,3857,2176,616,126,470,12360,39252,53705,33912,10158,1267,75759,75219,211,6233,20044,26378,16923,5218,752,259.0,6110,19155,27284,16964,4935,512,2189.0,3164.0,2375.0,39741.0,4820.0,84176.0,14054.0,15602.0,151141.0,214,171.0,135,1874.0,470.0,3629.0,643.0,155.0,6676.0,2020-11-14 19:59:29.500084,41.0,29.0,9,136.0,33.0,419.0,50.0,39.0,710.0,1724263.0
Utah,UT,2020-11-15,153808,1244735,718,6769,33,87,475,1561,2250,2013,350,11989,28,784,3942,4117,2332,656,130,476,12619,39897,54664,34502,10349,1283,77148,76493,215,6357,20401,26867,17232,5315,761,260.0,6245,19441,27756,17244,5028,519,2222.0,3218.0,2411.0,40273.0,4873.0,85869.0,14213.0,15935.0,153808.0,216,172.0,136,1890.0,475.0,3694.0,647.0,159.0,6769.0,2020-11-15 19:58:40.209307,41.0,29.0,9,136.0,33.0,425.0,50.0,41.0,718.0,1740242.0
Utah,UT,2020-11-16,155779,1254258,723,6859,33,92,479,1573,2277,2045,360,11881,27,774,3943,4059,2291,655,132,478,12820,40370,55335,34947,10509,1302,78103,77507,216,6463,20621,27183,17453,5400,767,262.0,6340,19693,28109,17468,5103,532,2243.0,3251.0,2437.0,40678.0,4909.0,87058.0,14378.0,16184.0,155779.0,222,175.0,136,1911.0,476.0,3751.0,655.0,161.0,6859.0,2020-11-16 19:54:51.283513,42.0,29.0,9,137.0,33.0,428.0,50.0,41.0,723.0,1754463.0
Utah,UT,2020-11-17,158957,1265600,732,6988,34,92,489,1600,2313,2089,371,12599,24,843,4123,4364,2419,689,137,490,13167,41105,56474,35637,10721,1344,79746,79034,221,6635,21018,27762,17807,5511,792,269.0,6513,20028,28667,17804,5204,549,2292.0,3305.0,2465.0,41254.0,4962.0,89300.0,14556.0,16414.0,158957.0,226,180.0,138,1931.0,485.0,3839.0,657.0,165.0,6988.0,2020-11-17 20:34:36.694813,42.0,29.0,9,138.0,33.0,436.0,50.0,41.0,732.0,1774503.0
Utah,UT,2020-11-18,162028,1278951,740,7107,34,97,494,1620,2356,2124,382,13107,26,880,4230,4555,2556,720,140,500,13474,41758,57556,36387,10963,1371,81270,80583,224,6783,21355,28321,18175,5610,802,276.0,6674,20344,29190,18186,5347,566,2341.0,3370.0,2503.0,41924.0,5039.0,91167.0,14783.0,16792.0,162028.0,231,182.0,141,1955.0,492.0,3915.0,662.0,169.0,7107.0,2020-11-18 20:00:08.825968,42.0,29.0,9,139.0,33.0,443.0,50.0,41.0,740.0,1797413.0
Utah,UT,2020-11-19,165996,1296656,756,7215,34,98,501,1637,2389,2165,391,13982,28,969,4479,4860,2734,762,150,522,13879,42692,58980,37282,11219,1404,83256,82556,232,6994,21789,29048,18633,5737,823,290.0,6867,20844,29881,18619,5477,578,2384.0,3443.0,2540.0,42711.0,5115.0,93711.0,15080.0,17264.0,165996.0,232,188.0,142,1973.0,498.0,3989.0,672.0,169.0,7215.0,2020-11-19 20:32:20.160054,42.0,29.0,10,140.0,33.0,456.0,52.0,41.0,756.0,1826984.0
Utah,UT,2020-11-20,170584,1315034,773,7350,35,98,509,1664,2434,2211,399,15359,30,1098,4834,5398,2988,855,156,534,14389,43759,60743,38201,11500,1440,85650,84748,239,7233,22350,29939,19143,5897,849,295.0,7137,21350,30752,19028,5598,588,2449.0,3533.0,2586.0,43671.0,5229.0,96612.0,15411.0,17757.0,170584.0,233,190.0,144,2003.0,506.0,4076.0,685.0,172.0,7350.0,2020-11-20 21:16:42.823507,42.0,29.0,10,145.0,33.0,467.0,54.0,44.0,773.0,1857693.0
Utah,UT,2020-11-22,177176,1344945,793,7532,35,100,525,1692,2488,2278,414,17217,35,1267,5351,6046,3395,962,161,553,15096,45371,63064,39617,11963,1492,89057,87916,251,7593,23180,31144,19865,6146,878,302.0,7483,22131,31861,19716,5811,612,2559.0,3672.0,2672.0,45088.0,5368.0,100801.0,15869.0,18471.0,177176.0,237,192.0,147,2031.0,511.0,4216.0,697.0,171.0,7532.0,2020-11-22 19:50:46.368215,42.0,29.0,10,149.0,33.0,483.0,54.0,44.0,793.0,1906908.0
Utah,UT,2020-11-23,179420,1352407,797,7602,37,102,531,1708,2501,2302,421,17231,37,1245,5381,6050,3380,975,163,564,15374,45848,63830,40140,12139,1505,90192,89026,258,7725,23420,31537,20143,6227,882,306.0,7628,22369,32234,19962,5906,621,2572.0,3717.0,2688.0,45494.0,5406.0,102139.0,15998.0,18860.0,179420.0,238,193.0,147,2044.0,514.0,4262.0,702.0,174.0,7602.0,2020-11-23 20:08:01.583525,42.0,29.0,10,149.0,33.0,487.0,54.0,44.0,797.0,1918793.0
Utah,UT,2020-11-24,182121,1367935,808,7702,37,102,538,1725,2532,2344,424,17638,39,1298,5452,6233,3471,989,156,576,15703,46374,64805,40784,12327,1533,91614,90303,262,7891,23723,32062,20449,6324,903,314.0,7791,22589,32685,20299,5997,628,2624.0,3780.0,2729.0,46111.0,5479.0,103892.0,16212.0,19014.0,182121.0,240,196.0,150,2060.0,523.0,4326.0,708.0,177.0,7702.0,2020-11-24 23:53:01.352529,42.0,29.0,10,150.0,33.0,496.0,55.0,45.0,808.0,1945569.0
Utah,UT,2020-11-25,183902,1380997,834,7785,39,104,541,1739,2559,2374,429,17805,39,1288,5493,6308,3519,996,162,585,15852,46737,65438,41234,12472,1565,92572,91124,267,7971,23935,32391,20683,6402,923,318.0,7861,22740,32989,20513,6063,640,2649.0,3821.0,2759.0,46552.0,5513.0,105066.0,16417.0,19071.0,183902.0,244,196.0,152,2080.0,526.0,4378.0,712.0,181.0,7785.0,2020-11-25 19:32:48.039796,42.0,29.0,11,152.0,34.0,517.0,56.0,46.0,834.0,1973277.0
Utah,UT,2020-11-26,183902,1380997,834,7785,39,104,541,1739,2559,2374,429,17805,39,1288,5493,6308,3519,996,162,585,15852,46737,65438,41234,12472,1565,92572,91124,267,7971,23935,32391,20683,6402,923,318.0,7861,22740,32989,20513,6063,640,2649.0,3821.0,2759.0,46552.0,5513.0,105066.0,16417.0,19071.0,183902.0,244,196.0,152,2080.0,526.0,4378.0,712.0,181.0,7785.0,2020-11-26 20:02:16.427561,42.0,29.0,11,152.0,34.0,517.0,56.0,46.0,834.0,1973277.0
Utah,UT,2020-11-27,190044,1404641,849,7948,39,106,548,1784,2604,2429,438,19485,37,1455,5866,6997,3886,1086,158,597,16518,48125,67719,42558,12892,1616,95686,94141,274,8305,24636,33551,21342,6620,958,323.0,8193,23425,34105,21175,6264,656,2748.0,3919.0,2819.0,47844.0,5643.0,108892.0,16874.0,19835.0,190044.0,250,199.0,152,2112.0,533.0,4485.0,717.0,191.0,7948.0,2020-11-27 20:04:53.500155,43.0,29.0,11,155.0,34.0,525.0,60.0,48.0,849.0,2014723.0
Utah,UT,2020-11-28,192087,1412084,863,8029,40,107,551,1803,2628,2456,444,19701,37,1469,5928,7064,3922,1114,167,601,16723,48575,68430,43032,13056,1651,96732,95139,276,8414,24880,33887,21580,6712,983,325.0,8289,23631,34480,21411,6337,666,2762.0,3956.0,2851.0,48255.0,5682.0,110210.0,16985.0,20068.0,192087.0,255,199.0,152,2126.0,535.0,4543.0,720.0,191.0,8029.0,2020-11-28 20:03:57.435387,43.0,29.0,11,157.0,34.0,534.0,61.0,50.0,863.0,2029282.0
Utah,UT,2020-11-29,193809,1418227,868,8076,40,108,553,1811,2642,2476,446,20375,41,1543,6081,7284,4080,1169,177,607,16908,48925,69067,43412,13199,1672,97630,95964,277,8506,25063,34225,21770,6791,998,330.0,8381,23798,34781,21601,6401,672,2790.0,3996.0,2867.0,48646.0,5716.0,111340.0,17112.0,20212.0,193809.0,256,200.0,152,2132.0,536.0,4579.0,724.0,193.0,8076.0,2020-11-29 21:32:21.393473,43.0,29.0,11,159.0,34.0,537.0,61.0,50.0,868.0,2040203.0
Utah,UT,2020-11-30,195706,1423079,871,8135,40,109,559,1823,2657,2499,448,20510,42,1554,6105,7329,4118,1184,178,610,17101,49296,69696,43904,13389,1691,98608,96882,278,8604,25254,34552,22021,6894,1005,332.0,8475,23978,35082,21843,6488,684,2807.0,4024.0,2880.0,48975.0,5739.0,112584.0,17220.0,20458.0,195706.0,259,200.0,153,2145.0,536.0,4619.0,728.0,195.0,8135.0,2020-11-30 20:30:44.099599,43.0,29.0,11,159.0,34.0,540.0,61.0,50.0,871.0,2048358.0
Utah,UT,2020-12-01,198216,1432225,890,8279,41,110,567,1856,2697,2552,456,20684,41,1559,6160,7391,4164,1194,175,617,17333,49869,70561,44500,13597,1720,99861,98134,283,8719,25562,34978,22289,7002,1028,334.0,8591,24242,35517,22172,6587,691,2831.0,4065.0,2909.0,49427.0,5793.0,114334.0,17364.0,20639.0,198216.0,262,202.0,153,2173.0,545.0,4724.0,738.0,194.0,8279.0,2020-12-01 20:03:06.493182,43.0,29.0,11,162.0,34.0,555.0,63.0,50.0,890.0,2068390.0
Utah,UT,2020-12-02,202220,1441659,906,8423,41,116,578,1895,2740,2586,467,21593,42,1618,6386,7723,4395,1245,184,627,17706,50725,72027,45480,13879,1757,101891,100098,288,8901,26011,35715,22761,7161,1054,339.0,8780,24646,36245,22676,6710,702,2886.0,4125.0,2970.0,50205.0,5858.0,116965.0,17589.0,21076.0,202220.0,265,208.0,154,2193.0,556.0,4826.0,744.0,195.0,8423.0,2020-12-02 20:01:12.068265,43.0,30.0,11,166.0,34.0,565.0,65.0,52.0,906.0,2087151.0
Utah,UT,2020-12-03,206165,1454844,917,8548,41,118,589,1920,2776,2630,474,22406,43,1715,6586,8021,4579,1278,184,636,18168,51596,73445,46350,14166,1785,103917,102018,295,9129,26488,36459,23187,7282,1077,341.0,9015,25040,36918,23121,6876,707,2961.0,4178.0,3001.0,51042.0,5941.0,119526.0,17891.0,21445.0,206165.0,269,212.0,154,2220.0,562.0,4905.0,753.0,198.0,8548.0,2020-12-03 20:15:26.827843,43.0,30.0,11,167.0,35.0,574.0,66.0,52.0,917.0,2112457.0
Utah,UT,2020-12-04,209170,1470973,925,8652,41,120,596,1953,2804,2658,480,22895,49,1775,6729,8184,4665,1304,189,647,18484,52285,74541,47002,14373,1818,105472,103457,300,9289,26839,37014,23542,7390,1098,347.0,9172,25375,37457,23413,6974,719,3003.0,4218.0,3032.0,51628.0,6004.0,121449.0,18077.0,21819.0,209170.0,273,212,156,2243,567,4971,764,202,8652,2020-12-04 20:11:07.437676,43,30,11,169,35,580,67,52,925,2139951.0
