"","","Cases by Race and Ethnicity","","","","","","","","","","","","","","","","",""
"","","Not Hispanic","","","","","","Hispanic","","","","","","Unknown Ethnicity","","","","",""
"County","Total Cases","Black or African 
American","White","American 
Indian or Alaska 
Native","Asian","Other","Unknown","Black or African 
American","White","American 
Indian or Alaska 
Native","Asian","Other","Unknown","Black or African 
American","White","American 
Indian or Alaska 
Native","Asian","Other","Unknown"
"WINSTON","720","221","135","0","0","5","1","2","0","0","0","2","0","139","134","6","0","9","66"
"YALOBUSHA","415","157","93","0","0","5","0","1","2","0","0","0","0","21","16","0","0","7","113"
"YAZOO","1035","547","138","3","2","2","4","4","33","0","0","2","1","83","18","0","2","50","146"
"Total","92432","29359","25041","484","257","1010","414","116","804","16","11","1655","115","7344","7044","778","70","4522","13392"
