,sex,totalpositive2,date,case_percent,deaths,deaths_percent,ca_percent
0,Female,5015,2020-04-02,,,,
1,Male,5547,2020-04-02,,,,
2,Unknown,139,2020-04-02,,,,
3,Female,5674,2020-04-03,,,,
4,Male,6202,2020-04-03,,,,
5,Unknown,150,2020-04-03,,,,
6,Female,6349,2020-04-04,,,,
7,Male,6876,2020-04-04,,,,
8,Unknown,213,2020-04-04,,,,
9,Female,6740,2020-04-05,,,,
10,Male,7296,2020-04-05,,,,
11,Unknown,300,2020-04-05,,,,
12,Female,7600,2020-04-06,,,,
13,Male,7957,2020-04-06,,,,
14,Unknown,308,2020-04-06,,,,
15,Female,8108,2020-04-07,,,,
16,Male,8488,2020-04-07,,,,
17,Unknown,361,2020-04-07,,,,
18,Female,8776,2020-04-08,,,,
19,Male,9130,2020-04-08,,,,
20,Transgender,2,2020-04-08,,,,
21,Unknown,401,2020-04-08,,,,
22,Female,9387,2020-04-09,,,,
23,Male,9745,2020-04-09,,,,
24,Unknown,400,2020-04-09,,,,
25,Female,9981,2020-04-10,,,,
26,Male,10330,2020-04-10,,,,
27,Unknown,304,2020-04-10,,,,
28,Female,9981,2020-04-10,,,,
29,Male,10330,2020-04-10,,,,
30,Unknown,304,2020-04-10,,,,
31,Female,10571,2020-04-11,,,,
32,Male,10926,2020-04-11,,,,
33,Unknown,297,2020-04-11,,,,
34,Female,10877,2020-04-12,,,,
35,Male,11256,2020-04-12,,,,
36,Unknown,215,2020-04-12,,,,
37,Female,11352,2020-04-13,,,,
38,Male,11772,2020-04-13,,,,
39,Unknown,214,2020-04-13,,,,
40,Female,11934,2020-04-14,,,,
41,Male,12265,2020-04-14,,,,
42,Unknown,225,2020-04-14,,,,
43,Female,12771,2020-04-15,,,,
44,Male,13169,2020-04-15,,,,
45,Unknown,242,2020-04-15,,,,
46,Female,13424,2020-04-16,,,,
47,Male,13865,2020-04-16,,,,
48,Unknown,239,2020-04-16,,,,
49,Female,14185,2020-04-17,,,,
50,Male,14535,2020-04-17,,,,
51,Unknown,243,2020-04-17,,,,
52,Female,14902,2020-04-18,,,,
53,Male,15185,2020-04-18,,,,
54,Unknown,246,2020-04-18,,,,
55,Female,15224,2020-04-19,,,,
56,Male,15507,2020-04-19,,,,
57,Unknown,247,2020-04-19,,,,
58,Female,16363,2020-04-20,,,,
59,Male,16641,2020-04-20,,,,
60,Unknown,257,2020-04-20,,,,
61,Female,17411,2020-04-21,,,,
62,Male,17718,2020-04-21,,,,
63,Unknown,267,2020-04-21,,,,
64,Female,18395,2020-04-22,49.23,552.0,39.54,50.31
65,Male,18690,2020-04-22,50.01,839.0,60.1,49.69
66,Unknown,284,2020-04-22,0.76,5.0,0.36,
67,Female,19394,2020-04-23,49.41,593.0,39.82,50.31
68,Male,19577,2020-04-23,49.87,891.0,59.84,49.69
69,Unknown,283,2020-04-23,0.72,5.0,0.34,
70,Female,20395,2020-04-24,49.58,625.0,39.73,50.31
71,Male,20459,2020-04-24,49.73,944.0,60.01,49.69
72,Unknown,283,2020-04-24,0.69,4.0,0.25,
73,Female,20908,2020-04-25,49.59,657.0,39.89,50.31
74,Male,20957,2020-04-25,49.7,986.0,59.87,49.69
75,Unknown,299,2020-04-25,0.71,4.0,0.24,
76,Female,21562,2020-04-26,49.61,664.0,39.62,50.31
77,Male,21600,2020-04-26,49.7,1007.0,60.08,49.69
78,Unknown,302,2020-04-26,0.69,5.0,0.3,
79,Female,22384,2020-04-27,49.71,688.0,39.98,50.31
80,Male,22337,2020-04-27,49.6,1028.0,59.73,49.69
81,Unknown,310,2020-04-27,0.69,5.0,0.29,
82,Female,23154,2020-04-28,49.79,725.0,40.08,50.31
83,Male,23045,2020-04-28,49.56,1079.0,59.65,49.69
84,Unknown,301,2020-04-28,0.65,5.0,0.28,
85,Female,24247,2020-04-29,49.57,764.0,40.42,50.31
86,Male,24372,2020-04-29,49.82,1121.0,59.31,49.69
87,Unknown,298,2020-04-29,0.61,5.0,0.26,
88,Female,24973,2020-04-30,49.5,812.0,40.8,50.31
89,Male,25167,2020-04-30,49.9,1171.0,58.9,49.69
90,Unknown,302,2020-04-30,0.6,5.0,0.3,
91,Female,25881,2020-05-01,49.58,858.0,41.19,50.31
92,Male,26006,2020-05-01,49.82,1220.0,58.57,49.69
93,Unknown,310,2020-05-01,0.59,5.0,0.24,
94,Female,26556,2020-05-02,49.5,887.0,41.5,50.3
95,Male,26716,2020-05-02,49.8,1246.0,58.3,49.7
96,Unknown,344,2020-05-02,0.6,5.0,0.2,0.0
97,Female,27239,2020-05-03,49.58,905.0,41.55,50.3
98,Male,27332,2020-05-03,49.75,1268.0,58.22,49.7
99,Unknown,366,2020-05-03,0.67,5.0,0.23,0.0
100,Female,27853,2020-05-04,49.5,929.0,41.8,50.3
101,Male,27980,2020-05-04,49.8,1287.0,57.9,49.7
102,Unknown,379,2020-05-04,0.7,5.0,0.2,0.0
103,Female,29190,2020-05-05,49.6,990.0,42.6,50.3
104,Male,29193,2020-05-05,49.6,1330.0,57.2,49.7
105,Unknown,432,2020-05-05,0.7,5.0,0.2,0.0
106,Female,30109,2020-05-06,49.7,1039.0,43.1,50.3
107,Male,30096,2020-05-06,49.7,1368.0,56.7,49.7
108,Unknown,409,2020-05-06,0.7,5.0,0.2,0.0
109,Female,30972,2020-05-07,49.5,1061.0,42.6,50.3
110,Male,31111,2020-05-07,49.8,1427.0,57.2,49.7
111,Unknown,429,2020-05-07,0.7,5.0,0.2,0.0
112,Female,31756,2020-05-08,49.2,1101.0,42.7,50.3
113,Male,32379,2020-05-08,50.2,1470.0,57.1,49.7
114,Unknown,426,2020-05-08,0.7,5.0,0.2,0.0
115,Female,32660,2020-05-09,49.0,1144.0,43.1,50.3
116,Male,33584,2020-05-09,50.4,1509.0,56.8,49.7
117,Unknown,436,2020-05-09,0.7,4.0,0.2,0.0
118,Female,33291,2020-05-10,49.0,1161.0,43.1,50.3
119,Male,34221,2020-05-10,50.4,1526.0,56.7,49.7
120,Unknown,427,2020-05-10,0.6,4.0,0.1,0.0
121,Female,33992,2020-05-11,49.0,1187.0,43.1,50.3
122,Male,34955,2020-05-11,50.4,1561.0,56.7,49.7
123,Unknown,435,2020-05-11,0.6,4.0,0.1,0.0
124,Female,34851,2020-05-12,49.0,1230.0,43.2,50.3
125,Male,35845,2020-05-12,50.4,1612.0,56.6,49.7
126,Unknown,445,2020-05-12,0.6,4.0,0.1,0.0
127,Female,35890,2020-05-13,49.1,1267.0,43.3,50.3
128,Male,36826,2020-05-13,50.3,1655.0,56.6,49.7
129,Unknown,448,2020-05-13,0.6,4.0,0.1,0.0
130,Female,36728,2020-05-14,49.0,1315.0,43.4,50.3
131,Male,37744,2020-05-14,50.4,1710.0,56.5,49.7
132,Unknown,464,2020-05-14,0.6,4.0,0.1,0.0
133,Female,37676,2020-05-15,49.1,1363.0,43.7,50.3
134,Male,38647,2020-05-15,50.3,1752.0,56.2,49.7
135,Unknown,470,2020-05-15,0.6,4.0,0.1,0.0
136,Female,38662,2020-05-16,49.0,1397.0,43.9,50.3
137,Male,39701,2020-05-16,50.4,1778.0,55.9,49.7
138,Unknown,476,2020-05-16,0.6,4.0,0.1,0.0
139,Female,39425,2020-05-17,49.0,1412.0,43.9,50.3
140,Male,40533,2020-05-17,50.4,1800.0,56.0,49.7
141,Unknown,472,2020-05-17,0.6,4.0,0.1,0.0
142,Female,40105,2020-05-18,49.0,1426.0,43.9,50.3
143,Male,41214,2020-05-18,50.4,1820.0,56.0,49.7
144,Unknown,476,2020-05-18,0.6,4.0,0.1,0.0
145,Female,41226,2020-05-19,49.0,1483.0,44.0,50.3
146,Male,42336,2020-05-19,50.4,1887.0,55.9,49.7
147,Unknown,495,2020-05-19,0.6,4.0,0.1,0.0
148,Female,42252,2020-05-20,49.0,1521.0,44.1,50.3
149,Male,43450,2020-05-20,50.4,1926.0,55.8,49.7
150,Unknown,495,2020-05-20,0.6,4.0,0.1,0.0
151,Female,43272,2020-05-21,48.9,1562.0,44.1,50.3
152,Male,44534,2020-05-21,50.4,1978.0,55.8,49.7
153,Unknown,638,2020-05-21,0.7,4.0,0.1,0.0
154,Female,44539,2020-05-22,49.1,1584.0,44.1,50.3
155,Male,45580,2020-05-22,50.3,2000.0,55.7,49.7
156,Unknown,512,2020-05-22,0.6,5.0,0.1,0.0
157,Female,45597,2020-05-23,49.2,1608.0,44.1,50.3
158,Male,46595,2020-05-23,50.3,2033.0,55.8,49.7
159,Unknown,518,2020-05-23,0.6,5.0,0.1,0.0
160,Female,46544,2020-05-24,49.2,1616.0,44.1,50.3
161,Male,47490,2020-05-24,50.2,2045.0,55.8,49.7
162,Unknown,524,2020-05-24,0.6,5.0,0.1,0.0
163,Female,47595,2020-05-25,49.2,1620.0,44.0,50.3
164,Male,48614,2020-05-25,50.3,2054.0,55.8,49.7
165,Unknown,524,2020-05-25,0.5,5.0,0.1,0.0
166,Female,48739,2020-05-26,49.2,1631.0,44.0,50.3
167,Male,49714,2020-05-26,50.2,2071.0,55.9,49.7
168,Unknown,527,2020-05-26,0.5,5.0,0.1,0.0
169,Female,50091,2020-05-27,49.3,1682.0,44.1,50.3
170,Male,51067,2020-05-27,50.2,2129.0,55.8,49.7
171,Unknown,539,2020-05-27,0.5,5.0,0.1,0.0
172,Female,51169,2020-05-28,49.3,1725.0,44.2,50.3
173,Male,52177,2020-05-28,50.2,2173.0,55.7,49.7
174,Unknown,540,2020-05-28,0.5,6.0,0.2,0.0
175,Female,52561,2020-05-29,49.2,1759.0,44.1,50.3
176,Male,53765,2020-05-29,50.3,2220.0,55.7,49.7
177,Unknown,552,2020-05-29,0.5,6.0,0.2,0.0
178,Female,54396,2020-05-30,49.2,1784.0,44.1,50.3
179,Male,55627,2020-05-30,50.3,2253.0,55.7,49.7
180,Unknown,560,2020-05-30,0.5,6.0,0.1,0.0
181,Female,55605,2020-05-31,49.2,1797.0,44.0,50.3
182,Male,56841,2020-05-31,50.3,2277.0,55.8,49.7
183,Unknown,560,2020-05-31,0.5,6.0,0.1,0.0
184,Female,56728,2020-06-01,49.2,1816.0,44.0,50.3
185,Male,58001,2020-06-01,50.3,2305.0,55.9,49.7
186,Unknown,581,2020-06-01,0.5,6.0,0.1,0.0
187,Female,57878,2020-06-02,49.2,1866.0,44.1,50.3
188,Male,59237,2020-06-02,50.3,2359.0,55.8,49.7
189,Unknown,572,2020-06-02,0.5,6.0,0.1,0.0
190,Female,58886,2020-06-03,49.2,1894.0,44.1,50.3
191,Male,60336,2020-06-03,50.4,2398.0,55.8,49.7
192,Unknown,585,2020-06-03,0.5,6.0,0.1,0.0
193,Female,60404,2020-06-04,49.1,1921.0,44.0,50.3
194,Male,61884,2020-06-04,50.4,2441.0,55.9,49.7
195,Unknown,613,2020-06-04,0.5,6.0,0.1,0.0
196,Female,61848,2020-06-05,49.1,1947.0,43.9,50.3
197,Male,63565,2020-06-05,50.4,2482.0,56.0,49.7
198,Unknown,603,2020-06-05,0.5,6.0,0.1,0.0
199,Female,63173,2020-06-06,49.0,1979.0,44.0,50.3
200,Male,65024,2020-06-06,50.5,2516.0,55.9,49.7
201,Unknown,615,2020-06-06,0.5,6.0,0.1,0.0
202,Female,64392,2020-06-07,49.0,1991.0,44.0,50.3
203,Male,66303,2020-06-07,50.5,2531.0,55.9,49.7
204,Unknown,624,2020-06-07,0.5,6.0,0.1,0.0
205,Female,65556,2020-06-08,49.1,2008.0,44.0,50.3
206,Male,67306,2020-06-08,50.4,2545.0,55.8,49.7
207,Unknown,627,2020-06-08,0.5,6.0,0.1,0.0
208,Female,66889,2020-06-09,49.1,2047.0,43.9,50.3
209,Male,68667,2020-06-09,50.4,2609.0,56.0,49.7
210,Unknown,635,2020-06-09,0.5,7.0,0.2,0.0
211,Female,68430,2020-06-10,49.1,2094.0,43.9,50.3
212,Male,70212,2020-06-10,50.4,2669.0,56.0,49.7
213,Unknown,639,2020-06-10,0.5,6.0,0.1,0.0
214,Female,69729,2020-06-11,49.1,2126.0,44.0,50.3
215,Male,71605,2020-06-11,50.4,2700.0,55.9,49.7
216,Unknown,649,2020-06-11,0.5,6.0,0.1,0.0
217,Female,71501,2020-06-12,49.1,2146.0,44.0,50.3
218,Male,73480,2020-06-12,50.5,2727.0,55.9,49.7
219,Unknown,662,2020-06-12,0.5,6.0,0.1,0.0
220,Female,73095,2020-06-13,49.1,2184.0,44.0,50.3
221,Male,75088,2020-06-13,50.4,2772.0,55.9,49.7
222,Unknown,672,2020-06-13,0.5,5.0,0.1,0.0
223,Female,74350,2020-06-14,49.1,2189.0,44.0,50.3
224,Male,76412,2020-06-14,50.5,2786.0,55.9,49.7
225,Unknown,690,2020-06-14,0.5,5.0,0.1,0.0
226,Female,75416,2020-06-15,49.1,2197.0,43.9,50.3
227,Female,264666,2020-08-05,49.9,4129.0,42.7,50.3
228,Male,259382,2020-08-05,48.9,5516.0,57.1,49.7
229,Unknown,5932,2020-08-05,1.1,15.0,0.2,0.0
230,Male,77466,2020-06-15,50.4,2800.0,56.0,49.7
231,Unknown,678,2020-06-15,0.4,5.0,0.1,0.0
232,Female,77199,2020-06-16,49.2,2226.0,44.0,50.3
233,Male,79128,2020-06-16,50.4,2833.0,55.9,49.7
234,Unknown,688,2020-06-16,0.4,5.0,0.1,0.0
235,Female,79243,2020-06-17,49.2,2260.0,44.0,50.3
236,Male,81212,2020-06-17,50.4,2877.0,56.0,49.7
237,Unknown,644,2020-06-17,0.4,5.0,0.1,0.0
238,Female,81326,2020-06-18,49.2,2307.0,43.9,50.3
239,Male,83438,2020-06-18,50.4,2937.0,55.9,49.7
240,Unknown,652,2020-06-18,0.4,6.0,0.1,0.0
241,Female,83285,2020-06-19,49.2,2328.0,43.8,50.3
242,Male,85352,2020-06-19,50.4,2984.0,56.1,49.7
243,Unknown,672,2020-06-19,0.4,6.0,0.1,0.0
244,Female,85516,2020-06-20,49.2,2368.0,43.8,50.3
245,Male,87602,2020-06-20,50.4,3028.0,56.1,49.7
246,Unknown,706,2020-06-20,0.4,6.0,0.1,0.0
247,Female,87641,2020-06-21,49.2,2372.0,43.7,50.3
248,Male,89690,2020-06-21,50.4,3047.0,56.2,49.7
249,Unknown,723,2020-06-21,0.4,6.0,0.1,0.0
250,Female,90119,2020-06-22,49.2,2384.0,43.8,50.3
251,Male,92199,2020-06-22,50.4,3055.0,56.1,49.7
252,Unknown,755,2020-06-22,0.4,6.0,0.1,0.0
253,Female,93554,2020-06-23,49.2,2397.0,43.6,50.3
254,Male,95884,2020-06-23,50.4,3095.0,56.3,49.7
255,Unknown,784,2020-06-23,0.4,7.0,0.1,0.0
256,Female,96068,2020-06-24,49.1,2445.0,43.6,50.3
257,Male,98718,2020-06-24,50.5,3151.0,56.2,49.7
258,Unknown,785,2020-06-24,0.4,7.0,0.1,0.0
259,Female,98564,2020-06-25,49.2,2500.0,43.7,50.3
260,Male,101070,2020-06-25,50.4,3210.0,56.1,49.7
261,Unknown,827,2020-06-25,0.4,7.0,0.1,0.0
262,Female,101509,2020-06-26,49.2,2524.0,43.6,50.3
263,Male,104025,2020-06-26,50.4,3255.0,56.3,49.7
264,Unknown,899,2020-06-26,0.4,7.0,0.1,0.0
265,Female,103517,2020-06-27,49.2,2531.0,43.6,50.3
266,Male,105949,2020-06-27,50.4,3272.0,56.3,49.7
267,Unknown,1777,2020-06-27,0.4,7.0,0.1,0.0
268,Female,106610,2020-06-28,49.2,2554.0,43.7,50.3
269,Male,108973,2020-06-28,50.3,3289.0,56.2,49.7
270,Unknown,967,2020-06-28,0.4,7.0,0.1,0.0
271,Female,109850,2020-06-29,49.3,2566.0,43.7,50.3
272,Male,112043,2020-06-29,50.3,3304.0,56.2,49.7
273,Unknown,1024,2020-06-29,0.5,7.0,0.1,0.0
274,Female,114626,2020-06-30,49.3,2607.0,43.6,50.3
275,Male,116952,2020-06-30,50.3,3363.0,56.3,49.7
276,Unknown,1079,2020-06-30,0.5,8.0,0.1,0.0
277,Female,118389,2020-07-01,49.3,2644.0,43.6,50.3
278,Male,120678,2020-07-01,50.2,3407.0,56.2,49.7
279,Unknown,1128,2020-07-01,0.5,8.0,0.1,0.0
280,Female,122484,2020-07-02,49.3,2701.0,43.7,50.3
281,Male,124555,2020-07-02,50.2,3475.0,56.2,49.7
282,Unknown,1196,2020-07-02,0.5,8.0,0.1,0.0
283,Female,125717,2020-07-03,49.4,2731.0,43.7,50.3
284,Male,127760,2020-07-03,50.2,3508.0,56.2,49.7
285,Unknown,1268,2020-07-03,0.5,8.0,0.1,0.0
286,Female,128461,2020-07-04,49.4,2740.0,43.7,50.3
287,Male,130351,2020-07-04,50.1,3517.0,56.1,49.7
288,Unknown,1343,2020-07-04,0.5,8.0,0.1,0.0
289,Female,134224,2020-07-05,49.4,2759.0,43.8,50.3
290,Male,136050,2020-07-05,50.1,3534.0,56.1,49.7
291,Unknown,1410,2020-07-05,0.5,8.0,0.1,0.0
292,Female,137284,2020-07-06,49.4,2785.0,43.8,50.3
293,Male,139077,2020-07-06,50.1,3569.0,56.1,49.7
294,Unknown,1413,2020-07-06,0.5,8.0,0.1,0.0
295,Female,142868,2020-07-07,49.4,2831.0,43.7,50.3
296,Male,145044,2020-07-07,50.1,3636.0,56.2,49.7
297,Unknown,1556,2020-07-07,0.5,8.0,0.1,0.0
298,Female,146384,2020-07-08,49.4,2888.0,43.6,50.3
299,Male,148498,2020-07-08,50.1,3725.0,56.3,49.7
300,Unknown,1617,2020-07-08,0.5,8.0,0.1,0.0
301,Female,150192,2020-07-09,49.4,2951.0,43.5,50.3
302,Male,152444,2020-07-09,50.1,3828.0,56.4,49.7
303,Unknown,1661,2020-07-09,0.5,8.0,0.1,0.0
304,Female,154241,2020-07-10,49.4,2989.0,43.4,50.3
305,Male,156397,2020-07-10,50.1,3895.0,56.5,49.7
306,Unknown,1706,2020-07-10,0.5,8.0,0.1,0.0
307,Female,158488,2020-07-11,49.4,3026.0,43.3,50.3
308,Male,160558,2020-07-11,50.0,3954.0,56.6,49.7
309,Unknown,1758,2020-07-11,0.5,9.0,0.1,0.0
310,Female,162718,2020-07-12,49.4,3040.0,43.3,50.3
311,Male,164635,2020-07-12,50.0,3965.0,56.5,49.7
312,Unknown,1809,2020-07-12,0.5,9.0,0.1,0.0
313,Female,166525,2020-07-13,49.5,3046.0,43.3,50.3
314,Male,168074,2020-07-13,50.0,3983.0,56.6,49.7
315,Unknown,1909,2020-07-13,0.5,10.0,0.1,0.0
316,Female,172288,2020-07-14,49.6,3107.0,43.4,50.3
317,Male,173454,2020-07-14,49.9,4048.0,56.5,49.7
318,Unknown,1892,2020-07-14,0.5,9.0,0.1,0.0
319,Female,176728,2020-07-15,49.6,3151.0,43.3,50.3
320,Male,177540,2020-07-15,49.8,4122.0,56.6,49.7
321,Unknown,1910,2020-07-15,0.5,10.0,0.1,0.0
322,Female,181894,2020-07-16,49.7,3194.0,43.1,50.3
323,Male,182303,2020-07-16,49.8,4205.0,56.8,49.7
324,Unknown,1967,2020-07-16,0.5,10.0,0.1,0.0
325,Female,186551,2020-07-17,49.7,3242.0,43.1,50.3
326,Male,186838,2020-07-17,49.8,4279.0,56.8,49.7
327,Unknown,1974,2020-07-17,0.5,9.0,0.1,0.0
328,Female,191173,2020-07-18,49.7,3279.0,43.0,50.3
329,Male,191472,2020-07-18,49.8,4331.0,56.8,49.7
330,Unknown,2047,2020-07-18,0.5,10.0,0.1,0.0
331,Female,194690,2020-07-19,49.7,3290.0,43.0,50.3
332,Male,194780,2020-07-19,49.7,4351.0,56.9,49.7
333,Unknown,2068,2020-07-19,0.5,10.0,0.1,0.0
334,Female,199561,2020-07-20,49.8,3303.0,43.0,50.3
335,Male,199097,2020-07-20,49.7,4364.0,56.8,49.7
336,Unknown,2111,2020-07-20,0.5,10.0,0.1,0.0
337,Female,206176,2020-07-21,49.9,3346.0,42.9,50.3
338,Male,205180,2020-07-21,49.6,4436.0,56.9,49.7
339,Unknown,2220,2020-07-21,0.5,11.0,0.1,0.0
340,Female,212405,2020-07-22,49.9,3409.0,42.9,50.3
341,Male,210959,2020-07-22,49.6,4530.0,57.0,49.7
342,Unknown,2252,2020-07-22,0.5,10.0,0.1,0.0
343,Female,217370,2020-07-23,49.9,3466.0,42.8,50.3
344,Male,215652,2020-07-23,49.5,4620.0,57.1,49.7
345,Unknown,2312,2020-07-23,0.5,10.0,0.1,0.0
346,Female,222622,2020-07-24,50.0,3523.0,42.7,50.3
347,Male,220392,2020-07-24,49.5,4708.0,57.1,49.7
348,Unknown,2386,2020-07-24,0.5,11.0,0.1,0.0
349,Female,226906,2020-07-25,50.0,3577.0,42.7,50.3
350,Male,224248,2020-07-25,49.4,4794.0,57.2,49.7
351,Unknown,2505,2020-07-25,0.6,11.0,0.1,0.0
352,Female,230423,2020-07-26,50.0,3591.0,42.7,50.3
353,Male,227545,2020-07-26,49.4,4810.0,57.2,49.7
354,Unknown,2582,2020-07-26,0.6,11.0,0.1,0.0
355,Female,233477,2020-07-27,50.0,3607.0,42.8,50.3
356,Male,230415,2020-07-27,49.4,4818.0,57.1,49.7
357,Unknown,2658,2020-07-27,0.6,11.0,0.1,0.0
358,Female,238049,2020-07-28,50.1,3630.0,42.6,50.3
359,Male,234575,2020-07-28,49.4,4875.0,57.2,49.7
360,Unknown,2681,2020-07-28,0.6,11.0,0.1,0.0
361,Female,242598,2020-07-29,50.0,3740.0,42.7,50.3
362,Male,238861,2020-07-29,49.2,5000.0,57.1,49.7
363,Unknown,4043,2020-07-29,0.8,11.0,0.1,0.0
364,Female,246279,2020-07-30,49.9,3831.0,42.9,50.3
365,Male,242315,2020-07-30,49.1,5095.0,57.0,49.7
366,Unknown,4994,2020-07-30,1.0,13.0,0.1,0.0
367,Female,249479,2020-07-31,49.9,3904.0,42.9,50.3
368,Male,245247,2020-07-31,49.0,5178.0,56.9,49.7
369,Unknown,5404,2020-07-31,1.1,13.0,0.1,0.0
370,Female,254017,2020-08-01,49.9,3962.0,42.8,50.3
371,Male,249405,2020-08-01,49.0,5277.0,57.0,49.7
372,Unknown,5740,2020-08-01,1.1,13.0,0.1,0.0
373,Female,256875,2020-08-02,49.9,3991.0,42.8,50.3
374,Male,252050,2020-08-02,49.0,5322.0,57.1,49.7
375,Unknown,5976,2020-08-02,1.2,13.0,0.1,0.0
376,Female,259130,2020-08-03,49.9,4000.0,42.8,50.3
377,Male,254274,2020-08-03,49.0,5336.0,57.1,49.7
378,Unknown,6023,2020-08-03,1.2,13.0,0.1,0.0
379,Female,261806,2020-08-04,49.9,4074.0,42.8,50.3
380,Male,256828,2020-08-04,48.9,5432.0,57.1,49.7
381,Unknown,6088,2020-08-04,1.2,14.0,0.1,0.0
382,Female,269155,2020-08-06,50.0,4188.0,42.7,50.3
383,Male,263409,2020-08-06,48.9,5605.0,57.2,49.7
384,Unknown,5852,2020-08-06,1.1,14.0,0.1,0.0
385,Female,273123,2020-08-07,50.0,4252.0,42.6,50.3
386,Male,266780,2020-08-07,48.9,5718.0,57.3,49.7
387,Unknown,5884,2020-08-07,1.1,12.0,0.1,0.0
388,Female,277523,2020-08-08,50.1,4328.0,42.5,50.3
389,Male,270528,2020-08-08,48.8,5831.0,57.3,49.7
390,Unknown,6109,2020-08-08,1.1,14.0,0.1,0.0
391,Female,281543,2020-08-09,50.1,4363.0,42.6,50.3
392,Male,274192,2020-08-09,48.8,5870.0,57.3,49.7
393,Unknown,6176,2020-08-09,1.1,14.0,0.1,0.0
394,Female,287810,2020-08-10,50.1,4376.0,42.6,50.3
395,Male,279981,2020-08-10,48.7,5881.0,57.3,49.7
396,Unknown,6620,2020-08-10,1.2,15.0,0.1,0.0
397,Female,293952,2020-08-11,50.2,4462.0,42.5,50.3
398,Male,285476,2020-08-11,48.7,6012.0,57.3,49.7
399,Unknown,6628,2020-08-11,1.1,17.0,0.2,0.0
400,Female,297645,2020-08-12,50.2,4537.0,42.5,50.3
401,Male,288921,2020-08-12,48.7,6112.0,57.3,49.7
402,Unknown,6575,2020-08-12,1.1,17.0,0.2,0.0
403,Female,301863,2020-08-13,50.2,4602.0,42.5,50.3
404,Male,292627,2020-08-13,48.7,6211.0,57.3,49.7
405,Unknown,6585,2020-08-13,1.1,18.0,0.2,0.0
406,Female,308346,2020-08-14,50.2,4673.0,42.5,50.3
407,Male,298738,2020-08-14,48.7,6304.0,57.3,49.7
408,Unknown,6605,2020-08-14,1.1,17.0,0.2,0.0
409,Female,312301,2020-08-15,50.2,4714.0,42.5,50.3
410,Male,302532,2020-08-15,48.7,6371.0,57.4,49.7
411,Unknown,6729,2020-08-15,1.1,19.0,0.2,0.0
412,Female,315642,2020-08-16,50.3,4718.0,42.5,50.3
413,Male,305562,2020-08-16,48.7,6377.0,57.4,49.7
414,Unknown,6827,2020-08-16,1.1,19.0,0.2,0.0
415,Female,317984,2020-08-17,50.3,4728.0,42.4,50.3
416,Male,307821,2020-08-17,48.7,6402.0,57.4,49.7
417,Unknown,6862,2020-08-17,1.1,15.0,0.1,0.0
418,Female,321189,2020-08-18,50.3,4784.0,42.3,50.3
419,Male,310752,2020-08-18,48.6,6502.0,57.5,49.7
420,Unknown,6890,2020-08-18,1.1,15.0,0.1,0.0
421,Female,324262,2020-08-19,50.3,4856.0,42.4,50.3
422,Male,313639,2020-08-19,48.6,6594.0,57.5,49.7
423,Unknown,6850,2020-08-19,1.1,16.0,0.1,0.0
424,Female,327161,2020-08-20,50.3,4905.0,42.3,50.3
425,Male,316372,2020-08-20,48.6,6667.0,57.5,49.7
426,Unknown,6803,2020-08-20,1.0,18.0,0.2,0.0
427,Female,330632,2020-08-21,50.3,4966.0,42.3,50.3
428,Male,319444,2020-08-21,48.6,6758.0,57.6,49.7
429,Unknown,6816,2020-08-21,1.0,17.0,0.1,0.0
430,Female,334071,2020-08-22,50.3,5044.0,42.2,50.3
431,Male,322768,2020-08-22,48.6,6883.0,57.6,49.7
432,Unknown,6830,2020-08-22,1.0,18.0,0.2,0.0
433,Female,336578,2020-08-23,50.3,5047.0,42.2,50.3
434,Male,325212,2020-08-23,48.6,6887.0,57.6,49.7
435,Unknown,6825,2020-08-23,1.0,21.0,0.2,0.0
436,Female,338946,2020-08-24,50.4,5071.0,42.2,50.3
437,Male,327315,2020-08-24,48.6,6911.0,57.6,49.7
438,Unknown,6834,2020-08-24,1.0,21.0,0.2,0.0
439,Female,342058,2020-08-25,50.4,5140.0,42.3,50.3
440,Male,330194,2020-08-25,48.6,6998.0,57.6,49.7
441,Unknown,6847,2020-08-25,1.0,20.0,0.2,0.0
442,Female,344479,2020-08-26,50.4,5203.0,42.3,50.3
443,Male,332354,2020-08-26,48.6,7072.0,57.5,49.7
444,Unknown,6696,2020-08-26,1.0,21.0,0.2,0.0
445,Female,347253,2020-08-27,50.4,5273.0,42.3,50.3
446,Male,334946,2020-08-27,48.6,7166.0,57.5,49.7
447,Unknown,6659,2020-08-27,1.0,22.0,0.2,0.0
448,Female,349907,2020-08-28,50.4,5317.0,42.3,50.3
449,Male,337348,2020-08-28,48.6,7230.0,57.5,49.7
450,Unknown,6584,2020-08-28,0.9,22.0,0.2,0.0
451,Female,353037,2020-08-29,50.4,5388.0,42.3,50.3
452,Male,340298,2020-08-29,48.6,7335.0,57.6,49.7
453,Unknown,6574,2020-08-29,0.9,22.0,0.2,0.0
454,Female,355181,2020-08-30,50.4,5399.0,42.3,50.3
455,Male,342297,2020-08-30,48.6,7336.0,57.5,49.7
456,Unknown,6607,2020-08-30,0.9,22.0,0.2,0.0
457,Female,357162,2020-08-31,50.5,5409.0,42.3,50.3
458,Male,344006,2020-08-31,48.6,7364.0,57.6,49.7
459,Unknown,6629,2020-08-31,0.9,22.0,0.2,0.0
460,Female,359315,2020-09-01,50.5,5473.0,42.3,50.3
461,Male,346117,2020-09-01,48.6,7456.0,57.6,49.7
462,Unknown,6620,2020-09-01,0.9,24.0,0.2,0.0
463,Female,362183,2020-09-02,50.5,5538.0,42.2,50.3
464,Male,348495,2020-09-02,48.6,7558.0,57.6,49.7
465,Unknown,6499,2020-09-02,0.9,24.0,0.2,0.0
466,Female,364956,2020-09-03,50.5,5616.0,42.3,50.3
467,Male,350835,2020-09-03,48.6,7652.0,57.6,49.7
468,Unknown,6492,2020-09-03,0.9,24.0,0.2,0.0
469,Female,367462,2020-09-04,50.5,5699.0,42.3,50.3
470,Male,353245,2020-09-04,48.6,7746.0,57.5,49.7
471,Unknown,6532,2020-09-04,0.9,24.0,0.2,0.0
472,Female,369877,2020-09-05,50.5,5755.0,42.3,50.3
473,Male,355719,2020-09-05,48.6,7814.0,57.5,49.7
474,Unknown,6548,2020-09-05,0.9,23.0,0.2,0.0
475,Female,371456,2020-09-06,50.5,5760.0,42.4,50.3
476,Male,357224,2020-09-06,48.6,7813.0,57.5,49.7
477,Unknown,6555,2020-09-06,0.9,23.0,0.2,0.0
478,Female,372728,2020-09-07,50.5,5783.0,42.4,50.3
479,Male,358617,2020-09-07,48.6,7841.0,57.5,49.7
480,Unknown,6566,2020-09-07,0.9,23.0,0.2,0.0
481,Female,373544,2020-09-08,50.5,5823.0,42.4,50.3
482,Male,359429,2020-09-08,48.6,7881.0,57.4,49.7
483,Unknown,6554,2020-09-08,0.9,23.0,0.2,0.0
484,Female,375254,2020-09-09,50.5,5875.0,42.4,50.3
485,Male,361051,2020-09-09,48.6,7949.0,57.4,49.7
486,Unknown,6560,2020-09-09,0.9,23.0,0.2,0.0
487,Female,376954,2020-09-10,50.5,5927.0,42.4,50.3
488,Male,362679,2020-09-10,48.6,8012.0,57.4,49.7
489,Unknown,6558,2020-09-10,0.9,24.0,0.2,0.0
490,Female,378984,2020-09-11,50.5,5975.0,42.4,50.3
491,Male,364731,2020-09-11,48.6,8083.0,57.4,49.7
492,Unknown,6583,2020-09-11,0.9,24.0,0.2,0.0
493,Female,381278,2020-09-12,50.5,6031.0,42.4,50.3
494,Male,367162,2020-09-12,48.6,8154.0,57.4,49.7
495,Unknown,6483,2020-09-12,0.9,25.0,0.2,0.0
496,Female,382809,2020-09-13,50.5,6030.0,42.4,50.3
497,Male,368459,2020-09-13,48.6,8156.0,57.4,49.7
498,Unknown,6510,2020-09-13,0.9,25.0,0.2,0.0
499,Female,383892,2020-09-14,50.5,6055.0,42.5,50.3
500,Male,369597,2020-09-14,48.6,8180.0,57.4,49.7
501,Unknown,6524,2020-09-14,0.9,25.0,0.2,0.0
502,Female,385393,2020-09-15,50.5,6132.0,42.6,50.3
503,Male,371046,2020-09-15,48.6,8254.0,57.3,49.7
504,Unknown,6524,2020-09-15,0.9,25.0,0.2,0.0
505,Female,386895,2020-09-16,50.5,6176.0,42.5,50.3
506,Male,372752,2020-09-16,48.6,8315.0,57.3,49.7
507,Unknown,6554,2020-09-16,0.9,26.0,0.2,0.0
508,Female,388633,2020-09-17,50.5,6224.0,42.6,50.3
509,Male,374646,2020-09-17,48.7,8377.0,57.3,49.7
510,Unknown,6552,2020-09-17,0.9,26.0,0.2,0.0
511,Female,390834,2020-09-18,50.5,6277.0,42.5,50.3
512,Male,376730,2020-09-18,48.7,8457.0,57.3,49.7
513,Unknown,6571,2020-09-18,0.8,28.0,0.2,0.0
514,Female,392944,2020-09-19,50.5,6320.0,42.6,50.3
515,Male,378892,2020-09-19,48.7,8500.0,57.2,49.7
516,Unknown,6564,2020-09-19,0.8,28.0,0.2,0.0
517,Female,394632,2020-09-20,50.5,6329.0,42.6,50.3
518,Male,380480,2020-09-20,48.7,8516.0,57.3,49.7
519,Unknown,6582,2020-09-20,0.8,28.0,0.2,0.0
520,Female,395828,2020-09-21,50.5,6346.0,42.6,50.3
521,Male,381901,2020-09-21,48.7,8526.0,57.2,49.7
522,Unknown,6595,2020-09-21,0.8,28.0,0.2,0.0
523,Female,397436,2020-09-22,50.5,6397.0,42.5,50.3
524,Male,383438,2020-09-22,48.7,8611.0,57.3,49.7
525,Unknown,6596,2020-09-22,0.8,30.0,0.2,0.0
526,Female,399084,2020-09-23,50.5,6450.0,42.6,50.3
527,Male,384959,2020-09-23,48.7,8674.0,57.2,49.7
528,Unknown,6597,2020-09-23,0.8,30.0,0.2,0.0
529,Female,400779,2020-09-24,50.5,6500.0,42.6,50.3
530,Male,386661,2020-09-24,48.7,8725.0,57.2,49.7
531,Unknown,6600,2020-09-24,0.8,31.0,0.2,0.0
532,Female,402911,2020-09-25,50.5,6553.0,42.7,50.3
533,Male,388687,2020-09-25,48.7,8776.0,57.1,49.7
534,Unknown,6639,2020-09-25,0.8,32.0,0.2,0.0
535,Female,404887,2020-09-26,50.5,6585.0,42.7,50.3
536,Male,390753,2020-09-26,48.7,8815.0,57.1,49.7
537,Unknown,6668,2020-09-26,0.8,32.0,0.2,0.0
538,Female,406263,2020-09-27,50.5,6595.0,42.7,50.3
539,Male,392328,2020-09-27,48.7,8824.0,57.1,49.7
540,Unknown,6672,2020-09-27,0.8,32.0,0.2,0.0
541,Female,407312,2020-09-28,50.4,6598.0,42.7,50.3
542,Male,393417,2020-09-28,48.7,8834.0,57.1,49.7
543,Unknown,6696,2020-09-28,0.8,30.0,0.2,0.0
544,Female,408908,2020-09-29,50.4,6683.0,42.7,50.3
545,Male,395012,2020-09-29,48.7,8943.0,57.1,49.7
546,Unknown,6705,2020-09-29,0.8,31.0,0.2,0.0
547,Female,410433,2020-09-30,50.4,6729.0,42.7,50.3
548,Male,396552,2020-09-30,48.7,8997.0,57.1,49.7
549,Unknown,6702,2020-09-30,0.8,31.0,0.2,0.0
550,Female,412239,2020-10-01,50.4,6787.0,42.6,50.3
551,Male,398313,2020-10-01,48.7,9100.0,57.2,49.7
552,Unknown,6725,2020-10-01,0.8,31.0,0.2,0.0
553,Female,413300,2020-10-02,50.4,6795.0,42.7,50.3
554,Male,399431,2020-10-02,48.7,9106.0,57.2,49.7
555,Unknown,6705,2020-10-02,0.8,31.0,0.2,0.0
556,Female,415440,2020-10-03,50.4,6821.0,42.6,50.3
557,Male,401556,2020-10-03,48.7,9147.0,57.2,49.7
558,Unknown,6733,2020-10-03,0.8,31.0,0.2,0.0
559,Female,416956,2020-10-04,50.4,6829.0,42.6,50.3
560,Male,403070,2020-10-04,48.8,9160.0,57.2,49.7
561,Unknown,6758,2020-10-04,0.8,31.0,0.2,0.0
562,Female,417819,2020-10-05,50.4,6839.0,42.6,50.3
563,Male,403885,2020-10-05,48.8,9176.0,57.2,49.7
564,Unknown,6757,2020-10-05,0.8,31.0,0.2,0.0
565,Female,419257,2020-10-06,50.4,6883.0,42.7,50.3
566,Male,405212,2020-10-06,48.7,9220.0,57.2,49.7
567,Unknown,6756,2020-10-06,0.8,28.0,0.2,0.0
568,Female,421112,2020-10-07,50.4,6922.0,42.7,50.3
569,Male,406928,2020-10-07,48.7,9275.0,57.2,49.7
570,Unknown,6760,2020-10-07,0.8,28.0,0.2,0.0
571,Female,423126,2020-10-08,50.5,6958.0,42.7,50.3
572,Male,408687,2020-10-08,48.7,9311.0,57.1,49.7
573,Unknown,6793,2020-10-08,0.8,29.0,0.2,0.0
574,Female,425304,2020-10-09,50.5,6990.0,42.7,50.3
575,Male,410644,2020-10-09,48.7,9362.0,57.2,49.7
576,Unknown,6828,2020-10-09,0.8,28.0,0.2,0.0
577,Female,427180,2020-10-10,50.5,7026.0,42.7,50.3
578,Male,412555,2020-10-10,48.7,9406.0,57.1,49.7
579,Unknown,6844,2020-10-10,0.8,28.0,0.2,0.0
580,Female,428996,2020-10-11,50.5,7026.0,42.7,50.3
581,Male,414166,2020-10-11,48.7,9416.0,57.2,49.7
582,Unknown,6866,2020-10-11,0.8,28.0,0.2,0.0
583,Female,430237,2020-10-12,50.5,7032.0,42.7,50.3
584,Male,415294,2020-10-12,48.7,9420.0,57.2,49.7
585,Unknown,6875,2020-10-12,0.8,28.0,0.2,0.0
586,Female,431587,2020-10-13,50.5,7055.0,42.7,50.3
587,Male,416579,2020-10-13,48.7,9439.0,57.1,49.7
588,Unknown,6906,2020-10-13,0.8,28.0,0.2,0.0
589,Female,433299,2020-10-14,50.5,7105.0,42.7,50.3
590,Male,418205,2020-10-14,48.7,9488.0,57.1,49.7
591,Unknown,6897,2020-10-14,0.8,28.0,0.2,0.0
592,Female,434912,2020-10-15,50.5,7138.0,42.7,50.3
593,Male,419655,2020-10-15,48.7,9545.0,57.1,49.7
594,Unknown,6909,2020-10-15,0.8,29.0,0.2,0.0
595,Female,436495,2020-10-16,50.5,7184.0,42.8,50.3
596,Male,421047,2020-10-16,48.7,9576.0,57.0,49.7
597,Unknown,6913,2020-10-16,0.8,30.0,0.2,0.0
598,Female,437997,2020-10-17,50.5,7225.0,42.8,50.3
599,Male,422413,2020-10-17,48.7,9628.0,57.0,49.7
600,Unknown,6907,2020-10-17,0.8,30.0,0.2,0.0
601,Female,439844,2020-10-18,50.5,7230.0,42.8,50.3
602,Male,424039,2020-10-18,48.7,9634.0,57.0,49.7
603,Unknown,6908,2020-10-18,0.8,30.0,0.2,0.0
604,Female,441502,2020-10-19,50.5,7238.0,42.8,50.3
605,Male,425648,2020-10-19,48.7,9640.0,57.0,49.7
606,Unknown,6927,2020-10-19,0.8,30.0,0.2,0.0
607,Female,443416,2020-10-20,50.5,7273.0,42.8,50.3
608,Male,427427,2020-10-20,48.7,9684.0,57.0,49.7
609,Unknown,6941,2020-10-20,0.8,30.0,0.2,0.0
610,Female,444925,2020-10-21,50.5,7327.0,42.8,50.3
611,Male,428858,2020-10-21,48.7,9767.0,57.0,49.7
612,Unknown,6941,2020-10-21,0.8,29.0,0.2,0.0
613,Female,448100,2020-10-22,50.5,7358.0,42.8,50.3
614,Male,431774,2020-10-22,48.7,9798.0,57.0,49.7
615,Unknown,6991,2020-10-22,0.8,29.0,0.2,0.0
616,Female,451184,2020-10-23,50.5,7373.0,42.8,50.3
617,Male,434601,2020-10-23,48.7,9829.0,57.0,49.7
618,Unknown,7025,2020-10-23,0.8,29.0,0.2,0.0
619,Female,453853,2020-10-24,50.5,7393.0,42.8,50.3
620,Male,437115,2020-10-24,48.7,9864.0,57.1,49.7
621,Unknown,7061,2020-10-24,0.8,29.0,0.2,0.0
622,Female,455339,2020-10-25,50.5,7400.0,42.8,50.3
623,Male,438587,2020-10-25,48.7,9869.0,57.1,49.7
624,Unknown,7084,2020-10-25,0.8,29.0,0.2,0.0
625,Female,456990,2020-10-26,50.5,7409.0,42.8,50.3
626,Male,440111,2020-10-26,48.7,9875.0,57.0,49.7
627,Unknown,7097,2020-10-26,0.8,29.0,0.2,0.0
628,Female,459278,2020-10-27,50.5,7440.0,42.7,50.3
629,Male,442321,2020-10-27,48.7,9960.0,57.1,49.7
630,Unknown,7114,2020-10-27,0.8,29.0,0.2,0.0
631,Female,461383,2020-10-28,50.5,7475.0,42.7,50.3
632,Male,444378,2020-10-28,48.7,9996.0,57.1,49.7
633,Unknown,7143,2020-10-28,0.8,31.0,0.2,0.0
634,Female,463411,2020-10-29,50.5,7487.0,42.7,50.3
635,Male,446320,2020-10-29,48.7,10028.0,57.1,49.7
636,Unknown,7187,2020-10-29,0.8,32.0,0.2,0.0
637,Female,466008,2020-10-30,50.5,7506.0,42.6,50.3
638,Male,448772,2020-10-30,48.7,10067.0,57.2,49.7
639,Unknown,7225,2020-10-30,0.8,32.0,0.2,0.0
640,Female,468321,2020-10-31,50.5,7533.0,42.7,50.3
641,Male,450953,2020-10-31,48.7,10098.0,57.2,49.7
642,Unknown,7260,2020-10-31,0.8,31.0,0.2,0.0
643,Female,470424,2020-11-01,50.5,7541.0,42.6,50.3
644,Male,452908,2020-11-01,48.7,10111.0,57.2,49.7
645,Unknown,7296,2020-11-01,0.8,31.0,0.2,0.0
646,Female,472513,2020-11-02,50.6,7543.0,42.6,50.3
647,Male,454850,2020-11-02,48.7,10118.0,57.2,49.7
648,Unknown,7309,2020-11-02,0.8,31.0,0.2,0.0
649,Female,475256,2020-11-03,50.6,7574.0,42.6,50.3
650,Male,457423,2020-11-03,48.7,10166.0,57.2,49.7
651,Unknown,7331,2020-11-03,0.8,31.0,0.2,0.0
652,Female,477502,2020-11-04,50.6,7610.0,42.7,50.3
653,Male,459667,2020-11-04,48.7,10192.0,57.2,49.7
654,Unknown,7407,2020-11-04,0.8,31.0,0.2,0.0
655,Female,480900,2020-11-05,50.6,7642.0,42.7,50.3
656,Male,462738,2020-11-05,48.7,10225.0,57.1,49.7
657,Unknown,7456,2020-11-05,0.8,31.0,0.2,0.0
658,Female,483919,2020-11-06,50.6,7662.0,42.7,50.3
659,Male,465544,2020-11-06,48.6,10251.0,57.1,49.7
660,Unknown,7494,2020-11-06,0.8,31.0,0.2,0.0
661,Female,487884,2020-11-07,50.6,7689.0,42.7,50.3
662,Male,469207,2020-11-07,48.6,10297.0,57.2,49.7
663,Unknown,7548,2020-11-07,0.8,31.0,0.2,0.0
664,Female,491542,2020-11-08,50.6,7690.0,42.7,50.3
665,Male,472695,2020-11-08,48.6,10298.0,57.2,49.7
666,Unknown,7614,2020-11-08,0.8,31.0,0.2,0.0
667,Female,494286,2020-11-09,50.6,7695.0,42.7,50.3
668,Male,475297,2020-11-09,48.6,10301.0,57.1,49.7
669,Unknown,7635,2020-11-09,0.8,31.0,0.2,0.0
670,Female,497954,2020-11-10,50.6,7722.0,42.7,50.3
671,Male,479043,2020-11-10,48.6,10341.0,57.2,49.7
672,Unknown,7685,2020-11-10,0.8,31.0,0.2,0.0
673,Female,501490,2020-11-11,50.6,7740.0,42.7,50.3
674,Male,482394,2020-11-11,48.6,10366.0,57.2,49.7
675,Unknown,7725,2020-11-11,0.8,31.0,0.2,0.0
676,Female,505051,2020-11-12,50.6,7753.0,42.7,50.3
677,Male,485678,2020-11-12,48.6,10379.0,57.1,49.7
678,Unknown,7773,2020-11-12,0.8,31.0,0.2,0.0
679,Female,510169,2020-11-13,50.6,7780.0,42.7,50.3
680,Male,490387,2020-11-13,48.6,10426.0,57.2,49.7
681,Unknown,7821,2020-11-13,0.8,31.0,0.2,0.0
682,Female,515924,2020-11-14,50.6,7804.0,42.6,50.3
683,Male,495550,2020-11-14,48.6,10466.0,57.2,49.7
684,Unknown,7871,2020-11-14,0.8,32.0,0.2,0.0
685,Female,520859,2020-11-15,50.6,7817.0,42.7,50.3
686,Male,500408,2020-11-15,48.6,10475.0,57.2,49.7
687,Unknown,7968,2020-11-15,0.8,31.0,0.2,0.0
688,Female,525328,2020-11-16,50.6,7825.0,42.7,50.3
689,Male,504618,2020-11-16,48.6,10487.0,57.2,49.7
690,Unknown,8032,2020-11-16,0.8,31.0,0.2,0.0
691,Female,530421,2020-11-17,50.6,7848.0,42.7,50.3
692,Male,509304,2020-11-17,48.6,10516.0,57.2,49.7
693,Unknown,8064,2020-11-17,0.8,31.0,0.2,0.0
694,Female,536393,2020-11-18,50.6,7897.0,42.7,50.3
695,Male,514692,2020-11-18,48.6,10574.0,57.2,49.7
696,Unknown,8182,2020-11-18,0.8,31.0,0.2,0.0
697,Female,543000,2020-11-19,50.6,7925.0,42.6,50.3
698,Male,520928,2020-11-19,48.6,10637.0,57.2,49.7
699,Unknown,8344,2020-11-19,0.8,31.0,0.2,0.0
700,Female,550885,2020-11-20,50.6,7966.0,42.6,50.3
701,Male,528371,2020-11-20,48.6,10684.0,57.2,49.7
702,Unknown,8458,2020-11-20,0.8,31.0,0.2,0.0
703,Female,558242,2020-11-21,50.7,7996.0,42.6,50.3
704,Male,535242,2020-11-21,48.6,10727.0,57.2,49.7
705,Unknown,8549,2020-11-21,0.8,31.0,0.2,0.0
706,Female,562480,2020-11-22,50.7,8005.0,42.6,50.3
707,Male,539261,2020-11-22,48.6,10759.0,57.2,49.7
708,Unknown,8629,2020-11-22,0.8,32.0,0.2,0.0
709,Female,570248,2020-11-23,50.7,8013.0,42.6,50.3
710,Male,546676,2020-11-23,48.6,10772.0,57.2,49.7
711,Unknown,8775,2020-11-23,0.8,32.0,0.2,0.0
712,Female,579540,2020-11-24,50.7,8062.0,42.6,50.3
713,Male,555627,2020-11-24,48.6,10836.0,57.2,49.7
714,Unknown,8882,2020-11-24,0.8,32.0,0.2,0.0
715,Female,586945,2020-11-25,50.7,8109.0,42.6,50.3
716,Male,562702,2020-11-25,48.6,10890.0,57.2,49.7
717,Unknown,9042,2020-11-25,0.8,32.0,0.2,0.0
718,Female,593595,2020-11-26,50.7,8134.0,42.6,50.3
719,Male,568573,2020-11-26,48.5,10942.0,57.3,49.7
720,Unknown,9156,2020-11-26,0.8,33.0,0.2,0.0
721,Female,599687,2020-11-27,50.7,8153.0,42.6,50.3
722,Male,574323,2020-11-27,48.5,10969.0,57.3,49.7
723,Unknown,9310,2020-11-27,0.8,32.0,0.2,0.0
724,Female,607559,2020-11-28,50.7,8169.0,42.6,50.3
725,Male,581955,2020-11-28,48.5,10989.0,57.3,49.7
726,Unknown,9420,2020-11-28,0.8,31.0,0.2,0.0
727,Female,614770,2020-11-29,50.7,8185.0,42.6,50.3
728,Male,588688,2020-11-29,48.5,11004.0,57.3,49.7
729,Unknown,9510,2020-11-29,0.8,31.0,0.2,0.0
730,Female,620979,2020-11-30,50.7,8200.0,42.6,50.3
731,Male,594629,2020-11-30,48.5,11018.0,57.2,49.7
732,Unknown,9581,2020-11-30,0.8,31.0,0.2,0.0
733,Female,631636,2020-12-01,50.7,8253.0,42.6,50.3
734,Male,604591,2020-12-01,48.5,11084.0,57.2,49.7
735,Unknown,9721,2020-12-01,0.8,31.0,0.2,0.0
736,Female,641220,2020-12-02,50.7,8300.0,42.6,50.3
737,Male,613458,2020-12-02,48.5,11150.0,57.2,49.7
738,Unknown,9861,2020-12-02,0.8,31.0,0.2,0.0
739,Female,652467,2020-12-03,50.7,8387.0,42.6,50.3
740,Male,623621,2020-12-03,48.5,11260.0,57.2,49.7
741,Unknown,10469,2020-12-03,0.8,35.0,0.2,0.0
