# Cases Race/Ethnicity: American Indian,# Cases Race/Ethnicity: Asian,# Cases Race/Ethnicity: Black,# Cases Race/Ethnicity: Hispanic or Latino,# Cases Race/Ethnicity: NOT Hispanic or Latino,# Cases Race/Ethnicity: Native Hawaiian Pacific Islander,# Cases Race/Ethnicity: Refused During Interview Ethnicity,# Cases Race/Ethnicity: Refused During Interview Race,# Cases Race/Ethnicity: Two or More Races,# Cases Race/Ethnicity: Unknown Ethnicity,# Cases Race/Ethnicity: Unknown Race,# Cases Race/Ethnicity: White,# Deaths Race/Ethnicity: Asian,# Deaths Race/Ethnicity: Black,# Deaths Race/Ethnicity: Hispanic/Latinx,# Deaths Race/Ethnicity: Non-Hispanic White,# Deaths Race/Ethnicity: Other,Age [0-4]: Female Cases,Age [0-4]: Male Cases,Age [15-19]: Female Cases,Age [15-19]: Male Cases,Age [20-24]: Female Cases,Age [20-24]: Male Cases,Age [25-34]: Female Cases,Age [25-34]: Male Cases,Age [35-44]: Female Cases,Age [35-44]: Male Cases,Age [45-54]: Female Cases,Age [45-54]: Male Cases,Age [5-14]: Female Cases,Age [5-14]: Male Cases,Age [55-64]: Female Cases,Age [55-64]: Male Cases,Age [65-74]: Female Cases,Age [65-74]: Male Cases,Age [75+]: Female Cases,Age [75+]: Male Cases,ICU Beds Available,In-Use Ventilators in Hospitals,Number of Deaths,People Recovered,Total COVID-19 Patients in DC Hospitals,Total COVID-19 Patients in ICU,Total ICU Beds in Hospitals,Total Positives,Total Reported Ventilators in Hospitals,Total Residents Tested,Total Tests Overall,Ventilators Available in Hospitals,pullTime
25,157,491,2840,5900,29,19,148,2380,1040,180,1969,7.0,382.0,66.0,55.0,5.0,60.0,60.0,116.0,95.0,322.0,237.0,950.0,903.0,874.0,894.0,716.0,792.0,117.0,115.0,739.0,853.0,489.0,532.0,526.0,380.0,76.0,196.0,515.0,1555.0,191.0,76.0,345.0,9799.0,440.0,52448.0,65846.0,244.0,2020-06-15 17:08:47.314976
25,157,491,2840,5900,29,19,148,2380,1040,180,1969,7.0,382.0,66.0,55.0,5.0,60.0,60.0,116.0,95.0,322.0,237.0,950.0,903.0,874.0,894.0,716.0,792.0,117.0,115.0,739.0,853.0,489.0,532.0,526.0,380.0,76.0,196.0,515.0,1555.0,191.0,76.0,345.0,9799.0,440.0,52448.0,65846.0,244.0,2020-06-15 20:22:54.956505
25,158,4916,2848,5909,29,20,134,2420,1041,157,1979,7.0,385.0,67.0,56.0,5.0,60.0,61.0,117.0,95.0,321.0,237.0,955.0,906.0,878.0,892.0,717.0,792.0,118.0,116.0,738.0,855.0,490.0,531.0,528.0,380.0,78.0,202.0,520.0,1155.0,192.0,70.0,345.0,9818.0,440.0,53458.0,67126.0,238.0,2020-06-16 20:26:59.272926
25,159,4932,2856,5920,29,20,126,2438,1051,149,1989,7.0,388.0,67.0,56.0,5.0,60.0,61.0,119.0,95.0,323.0,237.0,958.0,909.0,879.0,896.0,719.0,792.0,118.0,117.0,737.0,858.0,492.0,534.0,529.0,382.0,71.0,202.0,523.0,1155.0,197.0,73.0,345.0,9847.0,440.0,56073.0,70086.0,238.0,2020-06-17 20:30:51.659786
25,158,4957,2866,5933,29,20,121,2468,1084,142,2003,7.0,391.0,68.0,56.0,5.0,60.0,61.0,119.0,95.0,323.0,237.0,958.0,909.0,879.0,896.0,719.0,792.0,118.0,117.0,737.0,858.0,492.0,534.0,529.0,382.0,71.0,206.0,527.0,1155.0,187.0,86.0,345.0,9903.0,440.0,57867.0,72199.0,234.0,2020-06-18 21:02:44.276284
25,159,4975,2875,5956,29,18,117,2483,1103,150,2014,7.0,394.0,68.0,56.0,5.0,62.0,61.0,119.0,95.0,326.0,240.0,976.0,919.0,889.0,906.0,727.0,796.0,120.0,119.0,750.0,867.0,495.0,536.0,532.0,385.0,59.0,215.0,530.0,1162.0,184.0,63.0,345.0,9952.0,440.0,59072.0,73791.0,225.0,2020-06-19 19:43:59.376399
25,162,4988,2888,5982,29,19,113,2495,1095,141,2031,7.0,394.0,57.0,68.0,5.0,63.0,61.0,119.0,95.0,327.0,242.0,980.0,922.0,892.0,911.0,730.0,800.0,120.0,121.0,750.0,869.0,495.0,537.0,533.0,385.0,88.0,208.0,531.0,1166.0,177.0,58.0,345.0,9984.0,440.0,60752.0,77953.0,232.0,2020-06-20 21:17:52.518962
25,163,5019,2906,6029,29,19,112,2500,1066,128,2044,8.0,395.0,68.0,57.0,5.0,63.0,62.0,119.0,95.0,328.0,244.0,986.0,926.0,894.0,914.0,730.0,804.0,120.0,122.0,753.0,874.0,497.0,538.0,533.0,386.0,76.0,210.0,533.0,1172.0,168.0,61.0,345.0,10020.0,440.0,62087.0,79522.0,230.0,2020-06-21 20:48:39.223685
25,163,5040,2910,6048,29,19,112,2504,1081,125,2060,8.0,397.0,68.0,57.0,5.0,63.0,64.0,119.0,96.0,331.0,244.0,991.0,934.0,898.0,917.0,732.0,805.0,122.0,123.0,755.0,875.0,498.0,538.0,534.0,387.0,96.0,208.0,535.0,1182.0,155.0,50.0,345.0,10058.0,440.0,64071.0,82004.0,232.0,2020-06-22 19:52:58.496590
26,164,5043,2918,6052,29,19,112,2518,1105,139,2063,8.0,398.0,68.0,58.0,5.0,63.0,64.0,120.0,96.0,334.0,244.0,993.0,939.0,902.0,919.0,733.0,808.0,123.0,124.0,760.0,877.0,500.0,540.0,535.0,388.0,88.0,199.0,537.0,1182.0,173.0,61.0,345.0,10094.0,440.0,65073.0,83302.0,241.0,2020-06-23 19:21:01.212065
25,158,4957,2866,5933,29,20,121,2468,1084,142,2003,8.0,401.0,69.0,58.0,5.0,63.0,64.0,120.0,96.0,335.0,245.0,999.0,942.0,904.0,922.0,734.0,811.0,125.0,126.0,761.0,881.0,500.0,544.0,535.0,389.0,86.0,213.0,541.0,1182.0,167.0,58.0,345.0,10128.0,440.0,65726.0,84173.0,227.0,2020-06-24 20:29:56.222950
26,163,5080,2937,6094,29,19,112,2539,1109,123,2087,8.0,402.0,58.0,70.0,5.0,63.0,64.0,122.0,96.0,335.0,246.0,1000.0,947.0,908.0,924.0,737.0,815.0,126.0,126.0,761.0,882.0,500.0,544.0,535.0,391.0,80.0,206.0,543.0,1182.0,157.0,53.0,345.0,10159.0,440.0,67594.0,86731.0,234.0,2020-06-25 19:51:23.969891
26,163,5095,2944,6113,29,18,112,2549,1110,117,2094,8.0,403.0,59.0,71.0,5.0,63.0,64.0,122.0,96.0,335.0,248.0,1006.0,950.0,912.0,928.0,740.0,818.0,126.0,126.0,761.0,883.0,500.0,544.0,537.0,390.0,71.0,204.0,546.0,1186.0,147.0,48.0,345.0,10185.0,440.0,68668.0,88123.0,236.0,2020-06-26 19:33:21.032035
26,163,5104,2947,6123,29,19,94,2590,1127,111,2099,8.0,403.0,73.0,59.0,5.0,64.0,66.0,122.0,96.0,337.0,250.0,1010.0,954.0,918.0,932.0,742.0,819.0,127.0,125.0,762.0,886.0,501.0,547.0,536.0,390.0,65.0,208.0,548.0,1194.0,136.0,43.0,345.0,10216.0,440.0,69699.0,89271.0,232.0,2020-06-27 21:26:33.167980
26,163,5117,2953,6140,29,19,94,2593,1136,123,2103,8.0,404.0,73.0,60.0,5.0,64.0,66.0,124.0,97.0,339.0,250.0,1013.0,957.0,922.0,937.0,742.0,820.0,128.0,126.0,764.0,890.0,502.0,547.0,536.0,392.0,87.0,208.0,550.0,1199.0,126.0,34.0,345.0,10248.0,440.0,72783.0,93132.0,232.0,2020-06-28 20:00:07.079389
26,163,5128,2953,6150,29,19,94,2598,1170,151,2103,8.0,405.0,73.0,60.0,5.0,64.0,67.0,124.0,97.0,342.0,254.0,1019.0,963.0,928.0,939.0,748.0,824.0,128.0,126.0,765.0,891.0,502.0,547.0,537.0,393.0,83.0,212.0,551.0,1200.0,121.0,34.0,345.0,10292.0,440.0,74575.0,95360.0,228.0,2020-06-29 22:51:14.553570
26,163,5144,2961,6176,30,19,93,2623,1171,137,2111,8.0,405.0,73.0,60.0,5.0,64.0,67.0,125.0,97.0,344.0,256.0,1022.0,968.0,931.0,944.0,750.0,827.0,129.0,129.0,767.0,892.0,503.0,547.0,537.0,393.0,89.0,201.0,551.0,1270.0,126.0,33.0,345.0,10327.0,440.0,76112.0,97295.0,237.0,2020-06-30 20:04:11.033323
26,166,5164,2968,6204,30,19,93,2637,1174,130,2119,8.0,407.0,73.0,60.0,5.0,64.0,67.0,126.0,97.0,346.0,258.0,1029.0,975.0,933.0,948.0,750.0,832.0,129.0,129.0,769.0,894.0,504.0,549.0,539.0,395.0,93.0,194.0,553.0,1451.0,119.0,33.0,345.0,10365.0,440.0,77908.0,100035.0,246.0,2020-07-01 20:04:24.966850
26,166,5174,2972,6214,30,19,93,2640,1185,141,2120,8.0,408.0,73.0,60.0,5.0,64.0,67.0,126.0,97.0,347.0,261.0,1032.0,977.0,936.0,950.0,752.0,834.0,130.0,129.0,772.0,894.0,504.0,549.0,541.0,397.0,83.0,196.0,554.0,1465.0,119.0,33.0,345.0,10390.0,440.0,78600.0,101063.0,244.0,2020-07-02 22:11:17.273013
26,166,5192,2980,6249,29,19,93,2669,1187,121,2139,8.0,409.0,60.0,73.0,5.0,64.0,68.0,127.0,98.0,349.0,264.0,1040.0,980.0,940.0,955.0,758.0,837.0,131.0,129.0,775.0,895.0,504.0,549.0,544.0,397.0,79.0,193.0,555.0,1497.0,110.0,38.0,345.0,10435.0,440.0,79967.0,102809.0,247.0,2020-07-03 22:41:31.473676
26,167,5200,2982,6259,29,19,93,2673,1187,115,2144,8.0,410.0,60.0,74.0,5.0,64.0,68.0,127.0,99.0,349.0,266.0,1042.0,982.0,940.0,955.0,758.0,837.0,131.0,129.0,776.0,895.0,505.0,551.0,544.0,397.0,94.0,199.0,557.0,1523.0,95.0,28.0,345.0,10447.0,440.0,81330.0,104554.0,241.0,2020-07-04 20:27:31.363177
26,167,5213,2989,6275,29,19,93,2687,1199,111,2156,8.0,412.0,74.0,60.0,5.0,64.0,69.0,128.0,100.0,353.0,267.0,1046.0,988.0,943.0,959.0,759.0,839.0,132.0,129.0,777.0,896.0,505.0,552.0,544.0,398.0,94.0,138.0,559.0,1542.0,87.0,26.0,345.0,10482.0,440.0,82375.0,105993.0,302.0,2020-07-05 20:01:21.612753
26,168,2695,2996,6287,29,19,93,2695,1213,120,2158,8.0,418.0,74.0,60.0,5.0,64.0,69.0,130.0,102.0,357.0,267.0,1052.0,993.0,944.0,966.0,763.0,839.0,133.0,129.0,778.0,897.0,505.0,554.0,544.0,398.0,80.0,187.0,561.0,1553.0,88.0,23.0,345.0,10515.0,440.0,83332.0,107650.0,253.0,2020-07-06 20:03:00.951715
26,168,5241,2997,6308,29,19,93,2709,1245,139,2164,8.0,418.0,74.0,60.0,5.0,64.0,69.0,133.0,104.0,363.0,269.0,1069.0,997.0,946.0,971.0,766.0,842.0,133.0,132.0,778.0,897.0,506.0,555.0,544.0,398.0,102.0,201.0,561.0,1574.0,90.0,25.0,345.0,10569.0,440.0,85157.0,110377.0,239.0,2020-07-07 19:58:34.973241
26,168,5256,2999,6320,29,19,93,2721,1304,181,2168,8.0,417.0,74.0,60.0,5.0,64.0,70.0,134.0,108.0,368.0,273.0,1073.0,1004.0,945.0,982.0,768.0,852.0,134.0,132.0,783.0,900.0,511.0,561.0,550.0,399.0,81.0,195.0,564.0,1625.0,86.0,30.0,345.0,10642.0,440.0,87086.0,114289.0,245.0,2020-07-08 21:00:50.735164
26,168,5266,3008,6337,29,19,93,2739,1315,183,2175,8.0,421.0,74.0,60.0,5.0,67.0,72.0,134.0,108.0,373.0,273.0,1077.0,1010.0,946.0,988.0,769.0,855.0,136.0,133.0,785.0,900.0,510.0,561.0,552.0,399.0,68.0,207.0,568.0,1662.0,92.0,26.0,345.0,10679.0,440.0,88060.0,115923.0,233.0,2020-07-09 20:11:33.596966
26,168,5315,3032,6423,29,18,92,2762,1270,142,2209,8.0,421.0,74.0,60.0,5.0,67.0,72.0,138.0,109.0,377.0,276.0,1083.0,1023.0,954.0,993.0,776.0,860.0,136.0,133.0,789.0,903.0,511.0,561.0,552.0,399.0,74.0,208.0,568.0,1703.0,96.0,26.0,345.0,10743.0,440.0,91143.0,120884.0,232.0,2020-07-10 20:14:35.959608
27,168,5341,3036,6456,29,18,91,2779,1291,149,2217,8.0,421.0,74.0,60.0,5.0,69.0,74.0,140.0,109.0,380.0,277.0,1091.0,1033.0,960.0,998.0,777.0,862.0,140.0,135.0,793.0,905.0,511.0,562.0,553.0,401.0,73.0,204.0,568.0,1717.0,92.0,29.0,345.0,10801.0,440.0,93312.0,124050.0,236.0,2020-07-11 20:13:06.771622
27,169,5354,3037,6464,29,18,91,2781,1328,178,2218,8.0,421.0,74.0,60.0,5.0,70.0,74.0,140.0,109.0,384.0,278.0,1096.0,1039.0,964.0,1004.0,780.0,866.0,140.0,135.0,794.0,909.0,512.0,563.0,556.0,403.0,83.0,205.0,568.0,1737.0,95.0,30.0,345.0,10847.0,440.0,94567.0,126883.0,235.0,2020-07-12 20:26:03.913622
27,170,2390,3056,6514,29,18,90,2818,1318,152,2230,8.0,421.0,74.0,60.0,5.0,70.0,74.0,143.0,109.0,389.0,278.0,1104.0,1049.0,967.0,1009.0,786.0,870.0,142.0,137.0,794.0,915.0,513.0,565.0,558.0,403.0,84.0,201.0,568.0,1756.0,93.0,25.0,345.0,10906.0,440.0,96163.0,130220.0,239.0,2020-07-13 20:09:20.922178
27,170,5395,3058,6521,29,18,90,2818,1349,183,2234,8.0,421.0,74.0,60.0,5.0,70.0,74.0,145.0,109.0,391.0,279.0,1111.0,1059.0,971.0,1013.0,790.0,871.0,143.0,138.0,794.0,915.0,514.0,567.0,558.0,403.0,82.0,204.0,568.0,1774.0,91.0,21.0,345.0,10946.0,440.0,97908.0,133916.0,236.0,2020-07-14 20:04:13.309787
27,170,5431,3069,6575,29,18,90,2840,1364,186,2253,8.0,424.0,74.0,60.0,5.0,70.0,75.0,146.0,109.0,396.0,284.0,1125.0,1073.0,977.0,1021.0,794.0,875.0,147.0,140.0,797.0,918.0,515.0,570.0,558.0,405.0,62.0,201.0,571.0,1809.0,95.0,24.0,345.0,11026.0,440.0,100691.0,137944.0,239.0,2020-07-15 20:05:59.029457
27,171,5448,3072,6594,29,19,90,2841,1391,207,2263,8.0,425.0,75.0,61.0,5.0,70.0,75.0,147.0,111.0,400.0,288.0,1134.0,1077.0,980.0,1026.0,797.0,878.0,148.0,140.0,798.0,920.0,516.0,573.0,560.0,407.0,68.0,191.0,574.0,1843.0,86.0,24.0,345.0,11076.0,440.0,102058.0,140242.0,249.0,2020-07-16 20:13:55.561585
27,171,5496,3082,6569,30,19,90,2867,1355,144,2290,8.0,426.0,75.0,62.0,6.0,70.0,75.0,148.0,111.0,402.0,288.0,1143.0,1083.0,987.0,1029.0,797.0,881.0,148.0,140.0,802.0,921.0,516.0,575.0,560.0,408.0,96.0,199.0,577.0,1863.0,87.0,17.0,345.0,11115.0,440.0,103849.0,141607.0,241.0,2020-07-17 20:07:20.563051
27,172,5530,3090,6712,30,18,90,2873,1374,168,2304,8.0,426.0,76.0,62.0,6.0,71.0,78.0,149.0,112.0,414.0,291.0,1150.0,1101.0,991.0,1035.0,802.0,887.0,149.0,145.0,803.0,922.0,517.0,576.0,560.0,410.0,84.0,200.0,578.0,1877.0,88.0,17.0,345.0,11194.0,440.0,105271.0,144955.0,240.0,2020-07-18 20:13:26.891188
27,175,5550,3096,6740,30,17,89,2882,1408,200,2308,8.0,426.0,76.0,62.0,6.0,71.0,82.0,149.0,113.0,417.0,299.0,1158.0,1115.0,997.0,1037.0,806.0,889.0,151.0,147.0,807.0,925.0,518.0,576.0,562.0,410.0,84.0,192.0,578.0,1886.0,91.0,17.0,345.0,11261.0,440.0,106925.0,147765.0,248.0,2020-07-19 20:04:54.054615
27,177,5576,3101,6774,30,17,89,2906,1447,214,2320,8.0,427.0,76.0,62.0,6.0,71.0,82.0,153.0,115.0,422.0,303.0,1172.0,1123.0,1000.0,1042.0,811.0,892.0,153.0,150.0,813.0,932.0,519.0,580.0,562.0,411.0,74.0,187.0,579.0,1909.0,83.0,19.0,345.0,11339.0,440.0,109067.0,151740.0,253.0,2020-07-20 20:07:51.323935
27,177,5591,3104,6791,30,17,89,2907,1515,281,2325,8.0,428.0,76.0,62.0,6.0,71.0,82.0,156.0,117.0,426.0,308.0,1187.0,1135.0,1004.0,1050.0,816.0,896.0,156.0,152.0,823.0,932.0,522.0,582.0,567.0,412.0,73.0,188.0,580.0,1932.0,83.0,19.0,345.0,11427.0,440.0,111244.0,155711.0,252.0,2020-07-21 21:52:05.606675
27,178,5637,3116,6857,30,16,88,2976,1540,250,2343,8.0,428.0,76.0,62.0,6.0,72.0,87.0,158.0,119.0,436.0,308.0,1211.0,1144.0,1011.0,1056.0,824.0,902.0,159.0,154.0,828.0,935.0,524.0,583.0,569.0,413.0,80.0,184.0,580.0,1974.0,81.0,18.0,345.0,11529.0,440.0,113858.0,159572.0,256.0,2020-07-22 21:44:18.017687
27,178,5681,3121,6901,30,16,87,3010,1533,210,2348,8.0,429.0,76.0,62.0,6.0,72.0,87.0,159.0,120.0,438.0,312.0,1218.0,1148.0,1017.0,1061.0,825.0,905.0,159.0,154.0,827.0,936.0,527.0,585.0,570.0,416.0,76.0,179.0,581.0,2020.0,91.0,22.0,345.0,11571.0,440.0,115353.0,162021.0,261.0,2020-07-23 19:41:25.567188
27,182,5750,3136,6985,30,16,87,3030,1512,176,2367,8.0,429.0,76.0,62.0,6.0,72.0,88.0,160.0,122.0,443.0,318.0,1230.0,1160.0,1025.0,1063.0,831.0,910.0,161.0,154.0,830.0,940.0,530.0,586.0,572.0,416.0,79.0,178.0,581.0,9582.0,97.0,21.0,345.0,11649.0,440.0,115353.0,165260.0,262.0,2020-07-24 20:12:43.783010
28,182,5781,3146,7029,30,16,87,3036,1526,195,2378,8.0,429.0,76.0,62.0,6.0,72.0,89.0,162.0,122.0,446.0,322.0,1243.0,1169.0,1032.0,1066.0,835.0,910.0,161.0,155.0,832.0,941.0,533.0,587.0,574.0,417.0,79.0,180.0,581.0,9603.0,95.0,28.0,345.0,11717.0,440.0,119013.0,169009.0,260.0,2020-07-25 20:09:46.196536
28,183,5802,3154,7067,31,16,88,3055,1543,204,2389,8.0,429.0,76.0,62.0,6.0,75.0,90.0,163.0,125.0,448.0,323.0,1251.0,1179.0,1041.0,1070.0,837.0,912.0,161.0,155.0,832.0,943.0,534.0,590.0,574.0,419.0,86.0,171.0,581.0,9607.0,85.0,22.0,345.0,11780.0,440.0,120259.0,171598.0,269.0,2020-07-26 20:11:28.045214
28,183,5834,163,7105,32,15,88,3070,1575,224,2399,8.0,430.0,76.0,62.0,6.0,76.0,91.0,167.0,126.0,457.0,327.0,1261.0,1193.0,1045.0,1075.0,846.0,919.0,161.0,156.0,835.0,944.0,537.0,590.0,574.0,420.0,72.0,177.0,582.0,9639.0,102.0,20.0,345.0,11858.0,440.0,121676.0,174148.0,263.0,2020-07-27 20:03:55.220739
28,184,5863,3174,7142,32,15,88,3091,1614,251,2408,8.0,430.0,77.0,62.0,6.0,77.0,91.0,167.0,128.0,462.0,330.0,1281.0,1205.0,1050.0,1087.0,854.0,926.0,162.0,157.0,838.0,949.0,539.0,592.0,573.0,420.0,87.0,171.0,583.0,9664.0,106.0,20.0,345.0,11945.0,440.0,124027.0,178022.0,269.0,2020-07-28 20:08:39.413655
28,184,5908,3199,7192,32,15,88,3138,1593,204,2417,8.0,431.0,77.0,62.0,6.0,78.0,93.0,169.0,130.0,467.0,331.0,1288.0,1211.0,1054.0,1090.0,857.0,928.0,164.0,159.0,839.0,953.0,541.0,595.0,574.0,421.0,93.0,164.0,584.0,9723.0,83.0,17.0,345.0,11999.0,440.0,125267.0,180049.0,276.0,2020-07-29 20:18:22.044834
28,184,5959,3207,7243,32,15,88,3165,1592,173,2428,8.0,431.0,77.0,62.0,6.0,78.0,93.0,172.0,132.0,471.0,336.0,1293.0,1221.0,1056.0,1096.0,862.0,935.0,167.0,159.0,840.0,955.0,542.0,596.0,575.0,421.0,88.0,177.0,584.0,9777.0,87.0,17.0,345.0,12057.0,440.0,126874.0,182990.0,263.0,2020-07-30 20:37:51.937491
28,184,5985,3209,7272,32,15,88,2181,1630,196,2432,8.0,432.0,77.0,62.0,6.0,79.0,93.0,174.0,134.0,474.0,342.0,1306.0,1233.0,1060.0,1099.0,866.0,942.0,168.0,159.0,843.0,956.0,544.0,600.0,576.0,421.0,82.0,182.0,585.0,9816.0,86.0,17.0,345.0,12126.0,440.0,129554.0,188741.0,258.0,2020-07-31 20:05:16.903679
28,184,6044,3216,7343,32,15,88,3198,1700,255,2445,8.0,433.0,77.0,62.0,6.0,80.0,96.0,176.0,139.0,489.0,345.0,1334.0,1254.0,1070.0,1108.0,875.0,958.0,167.0,163.0,851.0,959.0,549.0,605.0,576.0,423.0,75.0,169.0,586.0,9870.0,102.0,24.0,345.0,12274.0,440.0,133808.0,197192.0,271.0,2020-08-02 20:24:30.010336
28,186,6098,3234,7410,32,15,88,3245,1654,178,2458,8.0,433.0,77.0,62.0,6.0,80.0,96.0,177.0,141.0,492.0,347.0,1336.0,1261.0,1074.0,1113.0,878.0,959.0,167.0,163.0,853.0,959.0,549.0,608.0,580.0,423.0,99.0,155.0,586.0,9893.0,104.0,24.0,345.0,12313.0,440.0,134793.0,198815.0,285.0,2020-08-03 20:14:26.712825
29,186,6137,3235,7453,32,15,88,3263,1695,191,2472,8.0,434.0,77.0,62.0,6.0,83.0,96.0,177.0,146.0,497.0,350.0,1344.0,1266.0,1081.0,1120.0,886.0,968.0,169.0,164.0,854.0,964.0,559.0,610.0,581.0,425.0,102.0,157.0,587.0,9959.0,100.0,17.0,345.0,12398.0,440.0,135741.0,200127.0,283.0,2020-08-04 20:00:40.933379
29,187,6162,3236,7486,32,15,88,3268,1706,198,2479,8.0,434.0,77.0,62.0,6.0,84.0,99.0,177.0,147.0,498.0,352.0,1353.0,1270.0,1087.0,1123.0,890.0,969.0,171.0,165.0,855.0,966.0,560.0,611.0,582.0,426.0,99.0,170.0,587.0,10015.0,97.0,21.0,345.0,12443.0,440.0,137246.0,202825.0,270.0,2020-08-05 20:06:02.518680
29,188,6204,3244,7535,33,15,87,3294,1724,195,2488,8.0,434.0,77.0,62.0,6.0,84.0,100.0,178.0,149.0,505.0,356.0,1359.0,1280.0,1089.0,1128.0,895.0,972.0,175.0,167.0,860.0,968.0,565.0,613.0,587.0,426.0,102.0,182.0,587.0,10094.0,98.0,23.0,345.0,12518.0,440.0,138843.0,205983.0,258.0,2020-08-06 20:01:27.359297
29,189,6227,3256,7560,33,15,87,3312,1758,212,2500,8.0,436.0,77.0,62.0,6.0,85.0,101.0,180.0,150.0,508.0,359.0,1371.0,1293.0,1094.0,1135.0,902.0,978.0,176.0,167.0,861.0,971.0,568.0,614.0,588.0,426.0,102.0,126.0,589.0,10118.0,90.0,18.0,345.0,12589.0,440.0,140407.0,208725.0,314.0,2020-08-07 20:03:31.680243
29,189,6253,3261,7595,33,15,87,3316,1782,241,2505,8.0,437.0,77.0,62.0,6.0,87.0,102.0,181.0,151.0,511.0,362.0,1377.0,1299.0,1097.0,1139.0,907.0,987.0,180.0,169.0,867.0,973.0,569.0,615.0,591.0,426.0,72.0,180.0,590.0,10124.0,80.0,17.0,345.0,12653.0,440.0,142528.0,213334.0,260.0,2020-08-08 20:01:04.824288
29,189,6283,3265,7629,33,15,87,3322,1844,298,2512,8.0,437.0,77.0,63.0,6.0,89.0,105.0,186.0,153.0,517.0,369.0,1390.0,1310.0,1110.0,1145.0,913.0,987.0,188.0,175.0,872.0,976.0,569.0,616.0,592.0,428.0,85.0,171.0,591.0,10156.0,77.0,17.0,345.0,12753.0,440.0,145534.0,217942.0,269.0,2020-08-09 20:06:22.589343
29,193,6360,3276,7719,34,15,86,3348,1797,224,2533,8.0,437.0,77.0,63.0,6.0,89.0,106.0,188.0,153.0,518.0,373.0,1399.0,1312.0,1116.0,1148.0,919.0,991.0,190.0,177.0,876.0,977.0,570.0,617.0,594.0,429.0,88.0,179.0,591.0,10188.0,75.0,21.0,345.0,12807.0,440.0,146477.0,220391.0,261.0,2020-08-10 20:02:50.217800
29,194,6402,3285,7759,35,15,86,3370,1837,234,2546,8.0,439.0,77.0,63.0,6.0,89.0,109.0,189.0,154.0,522.0,375.0,1414.0,1321.0,1121.0,1155.0,929.0,997.0,191.0,183.0,883.0,983.0,570.0,619.0,599.0,428.0,73.0,178.0,593.0,10232.0,83.0,21.0,345.0,12896.0,440.0,148729.0,224749.0,262.0,2020-08-11 20:02:44.418307
29,195,6438,3306,7799,35,15,86,3389,1839,233,2554,8.0,439.0,77.0,63.0,6.0,91.0,112.0,189.0,155.0,525.0,376.0,1421.0,1328.0,1128.0,1162.0,934.0,1002.0,194.0,184.0,888.0,987.0,571.0,620.0,601.0,428.0,73.0,167.0,593.0,10300.0,85.0,25.0,345.0,12959.0,440.0,149644.0,226741.0,273.0,2020-08-12 20:55:47.419802
29,195,6475,3316,7842,35,15,86,3417,1851,222,2565,8.0,440.0,77.0,63.0,6.0,93.0,112.0,189.0,155.0,527.0,380.0,1433.0,1345.0,1137.0,1167.0,939.0,1001.0,195.0,185.0,889.0,988.0,573.0,621.0,602.0,430.0,74.0,171.0,594.0,10361.0,83.0,24.0,345.0,13024.0,440.0,151074.0,229649.0,269.0,2020-08-13 20:26:32.548862
29,195,6521,3320,7896,35,16,86,3434,1886,239,2579,8.0,440.0,77.0,63.0,6.0,93.0,113.0,195.0,154.0,534.0,382.0,1446.0,1362.0,1145.0,1176.0,943.0,1007.0,198.0,187.0,894.0,991.0,575.0,623.0,605.0,432.0,62.0,168.0,594.0,10416.0,84.0,22.0,345.0,13118.0,440.0,154323.0,236305.0,272.0,2020-08-14 20:04:15.318255
29,196,6553,3328,7941,35,16,86,3448,1874,220,2592,8.0,443.0,63.0,77.0,6.0,94.0,113.0,197.0,154.0,536.0,383.0,1452.0,1370.0,1146.0,1177.0,945.0,1011.0,198.0,188.0,897.0,992.0,576.0,625.0,609.0,433.0,63.0,172.0,597.0,10452.0,81.0,28.0,345.0,13159.0,440.0,155182.0,239216.0,268.0,2020-08-15 20:05:06.951287
29,197,6592,3334,7983,35,15,86,3473,1888,206,2602,8.0,443.0,63.0,77.0,6.0,95.0,114.0,199.0,157.0,539.0,385.0,1462.0,1378.0,1150.0,1185.0,947.0,1013.0,199.0,191.0,899.0,996.0,579.0,627.0,609.0,433.0,60.0,174.0,597.0,10493.0,79.0,28.0,345.0,13220.0,440.0,156592.0,242852.0,266.0,2020-08-16 20:13:29.434440
29,197,6636,3341,8032,35,15,86,3486,1885,192,2612,8.0,443.0,63.0,77.0,6.0,97.0,114.0,202.0,157.0,542.0,387.0,1469.0,1382.0,1155.0,1192.0,955.0,1015.0,200.0,191.0,899.0,1000.0,582.0,628.0,610.0,433.0,59.0,162.0,597.0,10521.0,82.0,30.0,345.0,13273.0,440.0,158319.0,245655.0,277.0,2020-08-17 19:48:57.747827
29,197,6667,3343,8074,35,15,86,3494,1893,201,2616,8.0,445.0,77.0,63.0,6.0,98.0,116.0,200.0,158.0,546.0,392.0,1478.0,1379.0,1158.0,1194.0,957.0,1020.0,202.0,195.0,904.0,1004.0,584.0,631.0,611.0,433.0,81.0,161.0,599.0,10595.0,79.0,27.0,345.0,13325.0,440.0,159943.0,249478.0,279.0,2020-08-18 19:53:47.649979
29,197,6695,3344,8105,35,15,86,3499,1890,193,2620,8.0,446.0,77.0,63.0,6.0,98.0,117.0,204.0,159.0,548.0,393.0,1485.0,1381.0,1161.0,1195.0,959.0,1020.0,203.0,195.0,904.0,1006.0,584.0,632.0,611.0,433.0,76.0,148.0,600.0,10596.0,84.0,30.0,345.0,13354.0,440.0,160545.0,251659.0,292.0,2020-08-19 20:11:03.188263
29,198,6726,3351,8143,35,15,86,3520,1900,182,2633,8.0,447.0,77.0,63.0,6.0,98.0,117.0,204.0,159.0,550.0,398.0,1489.0,1390.0,1165.0,1198.0,963.0,1023.0,205.0,196.0,910.0,1013.0,585.0,634.0,612.0,433.0,62.0,154.0,601.0,10720.0,78.0,26.0,345.0,13409.0,440.0,162158.0,253985.0,286.0,2020-08-20 20:09:16.991530
29,199,6738,3354,8157,35,15,86,3522,1943,224,2636,8.0,448.0,77.0,63.0,6.0,102.0,117.0,205.0,159.0,552.0,401.0,1500.0,1398.0,1170.0,1201.0,969.0,1025.0,206.0,196.0,916.0,1016.0,588.0,635.0,612.0,434.0,64.0,169.0,602.0,10772.0,78.0,27.0,345.0,13469.0,440.0,164509.0,259058.0,271.0,2020-08-21 21:57:18.446057
29,199,6751,3357,8168,35,15,86,3526,1994,268,2640,8.0,449.0,77.0,64.0,6.0,104.0,117.0,205.0,159.0,554.0,404.0,1519.0,1406.0,1177.0,1205.0,972.0,1029.0,206.0,196.0,921.0,1018.0,589.0,636.0,613.0,434.0,56.0,174.0,604.0,10800.0,81.0,26.0,345.0,13534.0,440.0,166153.0,262440.0,266.0,2020-08-22 19:08:29.792107
30,201,6804,3380,8227,36,15,86,3563,1968,210,2660,8.0,449.0,77.0,64.0,6.0,105.0,119.0,206.0,160.0,557.0,405.0,1525.0,1413.0,1182.0,1213.0,976.0,1032.0,208.0,196.0,926.0,1020.0,590.0,638.0,614.0,435.0,83.0,170.0,604.0,10812.0,80.0,27.0,345.0,13590.0,440.0,167808.0,266046.0,270.0,2020-08-23 20:04:14.006547
34,211,7027,3585,8810,38,15,86,3216,1229,150,2877,8.0,449.0,77.0,64.0,6.0,108.0,123.0,213.0,159.0,560.0,407.0,1540.0,1415.0,1181.0,1222.0,980.0,1034.0,213.0,200.0,929.0,1021.0,591.0,640.0,617.0,437.0,87.0,173.0,604.0,10835.0,85.0,26.0,345.0,13639.0,440.0,169346.0,269401.0,267.0,2020-08-24 19:09:48.674071
34,211,7043,3589,8838,38,16,86,3231,1241,156,2885,8.0,449.0,77.0,64.0,6.0,110.0,123.0,215.0,160.0,562.0,410.0,1546.0,1422.0,1183.0,1224.0,986.0,1036.0,214.0,201.0,929.0,1025.0,592.0,641.0,618.0,438.0,87.0,178.0,604.0,10885.0,87.0,28.0,345.0,3684.0,440.0,170662.0,271622.0,262.0,2020-08-25 20:06:40.042389
33,213,7066,3599,8879,38,15,86,3233,1229,148,2905,8.0,450.0,77.0,64.0,6.0,111.0,123.0,215.0,163.0,566.0,412.0,1549.0,1426.0,1186.0,1228.0,988.0,1040.0,214.0,204.0,931.0,1026.0,592.0,641.0,618.0,438.0,56.0,185.0,605.0,10923.0,77.0,25.0,345.0,13722.0,440.0,171613.0,273748.0,255.0,2020-08-26 20:09:41.138394
33,214,7088,3614,8907,38,15,85,3243,1258,174,2919,8,450,77,64,6,111.0,125.0,216.0,165.0,570.0,416.0,1562.0,1435.0,1196.0,1235.0,993.0,1039.0,219.0,206.0,934.0,1029.0,593.0,643.0,618.0,438.0,57.0,181.0,605.0,10986.0,83.0,24.0,345.0,13794.0,440.0,172898.0,276704.0,259.0,2020-08-27 22:10:51.677590
33,214,7127,3626,8965,38,16,85,3251,1244,159,2944,8,450,77,64,6,111.0,126.0,218.0,167.0,573.0,418.0,1574.0,1439.0,1201.0,1239.0,996.0,1044.0,222.0,209.0,936.0,1029.0,594.0,644.0,619.0,439.0,65.0,183.0,605.0,11010.0,83.0,22.0,345.0,13851.0,440.0,175106.0,281549.0,257.0,2020-08-28 20:10:23.157881
34,215,7151,3630,9007,38,15,85,3255,1273,195,2952,8,450,77,64,6,112.0,129.0,220.0,168.0,580.0,422.0,1580.0,1446.0,1214.0,1243.0,1000.0,1046.0,227.0,214.0,936.0,1030.0,597.0,647.0,620.0,440.0,55.0,180.0,605.0,11046.0,76.0,25.0,345.0,13925.0,440.0,177109.0,285756.0,260.0,2020-08-29 20:13:56.238711
33,216,7177,3643,9041,38,15,85,3264,1260,177,2969,8,451,77,64,6,112.0,130.0,222.0,170.0,584.0,424.0,1586.0,1448.0,1213.0,1246.0,1001.0,1046.0,228.0,215.0,936.0,1031.0,599.0,648.0,620.0,440.0,53.0,186.0,606.0,11087.0,69.0,24.0,345.0,13959.0,440.0,178083.0,288089.0,254.0,2020-08-30 20:05:53.998904
33,217,7202,3650,9069,38,15,85,3268,1258,174,2975,8,452,77,64,6,112.0,130.0,223.0,170.0,586.0,425.0,1590.0,1455.0,1217.0,1249.0,1003.0,1048.0,228.0,216.0,938.0,1032.0,601.0,649.0,620.0,440.0,61.0,185.0,607.0,11105.0,70.0,21.0,345.0,13992.0,440.0,179339.0,290682.0,255.0,2020-08-31 21:36:32.023683
34,217,7221,3658,9112,38,15,84,3293,1264,168,2994,8,452,77,64,6,114.0,131.0,226.0,172.0,586.0,426.0,1596.0,1462.0,1228.0,1254.0,1007.0,1055.0,229.0,217.0,937.0,1037.0,601.0,649.0,623.0,440.0,76.0,184.0,607.0,11150.0,71.0,22.0,345.0,14049.0,440.0,180494.0,292844.0,256.0,2020-09-01 20:33:16.444171
36,216,7245,3668,9150,38,15,84,3297,1244,155,3006,8,453,77,64,6,116.0,132.0,227.0,174.0,586.0,430.0,1598.0,1464.0,1231.0,1257.0,1008.0,1056.0,230.0,218.0,939.0,1038.0,602.0,648.0,624.0,440.0,60.0,196.0,608.0,11211.0,73.0,22.0,345.0,14077.0,440.0,181300.0,294797.0,244.0,2020-09-02 20:23:46.218335
36,217,7267,3678,9185,38,15,2,3465,1257,91,3019,8,454,77,64,6,117.0,133.0,228.0,175.0,591.0,432.0,1605.0,1473.0,1238.0,1264.0,1009.0,1059.0,230.0,221.0,943.0,1040.0,604.0,651.0,624.0,440.0,58.0,185.0,609.0,11254.0,76.0,23.0,345.0,14135.0,440.0,182922.0,298759.0,255.0,2020-09-03 21:21:04.760932
36,218,7296,3690,9240,38,15,2,3467,1241,83,3046,8,456,77,64,6,118.0,133.0,229.0,174.0,597.0,437.0,1610.0,1485.0,1241.0,1267.0,1010.0,1061.0,233.0,222.0,944.0,1043.0,606.0,652.0,625.0,441.0,81.0,184.0,611.0,11297.0,75.0,23.0,345.0,14186.0,440.0,184919.0,303351.0,256.0,2020-09-04 21:04:24.773522
36,218,7317,3695,9273,38,15,2,3473,1255,91,3063,8,456,77,64,6,118.0,133.0,229.0,178.0,598.0,441.0,1614.0,1490.0,1247.0,1273.0,1010.0,1066.0,235.0,223.0,946.0,1047.0,606.0,653.0,626.0,441.0,70.0,187.0,611.0,11323.0,80.0,22.0,345.0,14238.0,440.0,186236.0,307864.0,253.0,2020-09-05 20:22:39.262238
36,218,7343,3705,9310,38,15,2,3492,1249,76,3074,8,456,77,64,6,120.0,133.0,229.0,178.0,598.0,443.0,1617.0,1497.0,1248.0,1275.0,1014.0,1066.0,236.0,223.0,951.0,1050.0,606.0,656.0,630.0,442.0,79.0,185.0,611.0,11355.0,80.0,24.0,345.0,14279.0,440.0,187619.0,311510.0,255.0,2020-09-06 20:24:08.284757
36,218,7370,3715,9346,38,15,2,3497,1239,71,3083,8,456,77,64,6,121.0,135.0,229.0,178.0,601.0,445.0,1622.0,1501.0,1252.0,1275.0,1016.0,1069.0,237.0,225.0,953.0,1051.0,607.0,658.0,632.0,442.0,67.0,188.0,611.0,11366.0,85.0,23.0,345.0,14315.0,440.0,189267.0,313715.0,252.0,2020-09-07 20:48:21.743906
37,219,7376,3719,9359,38,15,2,3496,1269,99,3095,8,456,77,64,6,121.0,135.0,229.0,178.0,605.0,447.0,1631.0,1508.0,1255.0,1284.0,1018.0,1074.0,238.0,226.0,955.0,1055.0,608.0,658.0,633.0,442.0,66.0,175.0,611.0,11414.0,85.0,21.0,345.0,14362.0,440.0,190316.0,316598.0,265.0,2020-09-08 20:20:04.462186
37,221,7411,3724,9409,38,15,2,3508,1239,68,3102,8,458,77,66,6,122.0,136.0,229.0,178.0,608.0,448.0,1635.0,1513.0,1257.0,1285.0,1020.0,1074.0,238.0,227.0,955.0,1057.0,608.0,659.0,634.0,443.0,72.0,172.0,615.0,11452.0,93.0,21.0,345.0,14387.0,440.0,190735.0,317660.0,268.0,2020-09-09 20:23:34.677826
37,221,7422,3726,9429,38,15,2,3508,1242,73,3111,8,459,77,66,6,122.0,136.0,232.0,178.0,610.0,450.0,1640.0,1514.0,1261.0,1286.0,1021.0,1074.0,239.0,228.0,957.0,1058.0,608.0,660.0,635.0,443.0,63.0,180.0,616.0,11498.0,87.0,20.0,345.0,14412.0,440.0,190996.0,319188.0,260.0,2020-09-10 21:25:04.989590
37,221,7445,3732,9466,38,15,2,3523,1280,103,3124,8,459,77,66,6,123.0,139.0,241.0,179.0,622.0,453.0,1647.0,1526.0,1264.0,1292.0,1022.0,1077.0,239.0,229.0,962.0,1064.0,609.0,662.0,637.0,446.0,72.0,176.0,616.0,11526.0,95.0,25.0,345.0,14493.0,440.0,193856.0,321436.0,264.0,2020-09-11 20:43:20.947296
37,224,7472,3744,9510,39,15,2,3523,1283,113,3142,8,459,77,66,6,123.0,139.0,242.0,183.0,627.0,462.0,1651.0,1535.0,1266.0,1295.0,1027.0,1079.0,239.0,230.0,968.0,1067.0,611.0,664.0,638.0,446.0,66.0,179.0,616.0,11561.0,98.0,24.0,345.0,327437.0,14552.0,440.0,194043.0,261.0,2020-09-12 20:31:47.990438
37,226,7497,3753,9559,39,15,2,3531,1265,97,3163,8,459,77,66,6,123.0,140.0,244.0,183.0,631.0,466.0,1655.0,1538.0,1271.0,1296.0,1029.0,1082.0,240.0,231.0,969.0,1069.0,612.0,665.0,641.0,447.0,66.0,197.0,616.0,11574.0,88.0,23.0,345.0,330641.0,14592.0,440.0,195160.0,243.0,2020-09-13 20:34:17.525568
37,226,7516,3758,9598,39,15,2,3542,1251,80,3180,8,459,77,66,6,123.0,140.0,244.0,183.0,637.0,469.0,1657.0,1544.0,1271.0,1298.0,1030.0,1084.0,240.0,232.0,970.0,1071.0,614.0,667.0,641.0,447.0,56.0,180.0,616.0,11592.0,91.0,22.0,345.0,332148.0,14622.0,440.0,195691.0,260.0,2020-09-14 20:38:38.958850
37,230,7566,3780,9681,39,15,2,3573,1267,90,3206,8,459,77,67,6,125.0,144.0,247.0,184.0,648.0,480.0,1672.0,1568.0,1282.0,1311.0,1034.0,1086.0,242.0,233.0,975.0,1076.0,616.0,669.0,642.0,449.0,62.0,187.0,617.0,11691.0,91.0,24.0,345.0,338241.0,14743.0,440.0,198409.0,2533.0,2020-09-16 09:37:17.282959
37,230,7566,3780,9681,39,15,2,3573,1267,90,3206,8,459,77,67,6,125.0,144.0,247.0,184.0,648.0,480.0,1672.0,1568.0,1282.0,1311.0,1034.0,1086.0,242.0,233.0,975.0,1076.0,616.0,669.0,642.0,449.0,62.0,187.0,617.0,11691.0,91.0,24.0,345.0,338241.0,14743.0,440.0,198409.0,2533.0,2020-09-16 20:41:49.888014
38,232,7591,3789,9729,39,15,2,3577,1257,88,3223,8,461,77,67,6,125.0,146.0,248.0,184.0,654.0,485.0,1675.0,1574.0,1286.0,1313.0,1036.0,1090.0,242.0,234.0,977.0,1078.0,617.0,672.0,643.0,451.0,68.0,195.0,619.0,11763.0,100.0,22.0,345.0,341318.0,14790.0,440.0,199579.0,245.0,2020-09-17 20:51:26.282902
38,237,7637,3810,9802,39,16,2,3595,1274,101,3253,8,461,77,67,6,127.0,147.0,250.0,187.0,665.0,492.0,1692.0,1594.0,1293.0,1323.0,1041.0,1093.0,244.0,238.0,983.0,1081.0,620.0,674.0,644.0,454.0,57.0,192.0,619.0,11823.0,85.0,12.0,345.0,350877.0,14902.0,440.0,202618.0,248.0,2020-09-19 21:16:41.929368
38,240,7652,3824,9836,41,16,2,3604,1279,102,3276,8,461,78,67,6,127.0,147.0,253.0,191.0,670.0,498.0,1699.0,1600.0,1297.0,1327.0,1043.0,1094.0,247.0,238.0,985.0,1084.0,621.0,674.0,646.0,454.0,57.0,186.0,620.0,11829.0,86.0,25.0,345.0,355144.0,14955.0,440.0,204099.0,254.0,2020-09-20 20:24:17.942659
38,241,7680,3830,9873,41,16,2,3603,1259,82,3291,8,462,78,67,6,127.0,147.0,253.0,192.0,670.0,497.0,1702.0,1606.0,1298.0,1330.0,1043.0,1095.0,248.0,239.0,989.0,1085.0,622.0,675.0,646.0,454.0,64.0,183.0,621.0,11856.0,88.0,26.0,345.0,357744.0,14978.0,440.0,204781.0,257.0,2020-09-21 21:02:52.030447
38,243,7696,3837,9910,41,16,2,3608,1258,90,3303,8,462,78,67,6,128.0,147.0,253.0,193.0,672.0,500.0,1713.0,1614.0,1303.0,1332.0,1043.0,1095.0,250.0,244.0,990.0,1086.0,622.0,676.0,646.0,454.0,64.0,176.0,621.0,11886.0,95.0,22.0,345.0,361633.0,15021.0,440.0,206165.0,264.0,2020-09-22 21:35:45.358881
38,243,7711,3841,9931,41,17,2,3620,1261,84,3311,8,462,78,67,6,128.0,148.0,257.0,197.0,676.0,503.0,1713.0,1615.0,1305.0,1334.0,1045.0,1097.0,250.0,244.0,991.0,1086.0,624.0,676.0,646.0,454.0,73.0,183.0,621.0,11929.0,92.0,26.0,345.0,363448.0,15050.0,440.0,206817.0,257.0,2020-09-23 20:44:34.568221
38,245,7717,3851,9954,41,16,2,3628,1285,110,3325,8,462,78,67,6,128.0,149.0,260.0,198.0,683.0,505.0,1719.0,1624.0,1307.0,1336.0,1049.0,1101.0,251.0,244.0,992.0,1089.0,626.0,676.0,652.0,455.0,54.0,179.0,621.0,11956.0,97.0,29.0,345.0,367867.0,15106.0,440.0,208447.0,261.0,2020-09-24 20:32:48.206823
38,247,7745,3855,9995,41,16,2,3633,1297,115,3342,8,464,78,67,6,128.0,149.0,264.0,199.0,689.0,510.0,1720.0,1629.0,1312.0,1342.0,1054.0,1106.0,252.0,245.0,995.0,1092.0,628.0,676.0,655.0,456.0,55.0,189.0,623.0,11990.0,101.0,29.0,345.0,373586.0,15163.0,440.0,210143.0,251.0,2020-09-25 20:50:19.453882
36,247,7696,3839,10042,42,16,1,3825,1318,77,3291,8,465,78,67,6,129.0,151.0,267.0,201.0,693.0,512.0,1725.0,1637.0,1321.0,1346.0,1055.0,1107.0,254.0,247.0,1000.0,1094.0,628.0,676.0,656.0,456.0,52.0,178.0,624.0,12029.0,101.0,25.0,345.0,377979.0,15215.0,440.0,211599.0,262.0,2020-09-26 20:52:22.203281
36,247,7716,3853,10077,42,16,1,3839,1304,59,3310,8,465,78,67,6,129.0,153.0,267.0,204.0,694.0,513.0,1728.0,1639.0,1325.0,1347.0,1055.0,1114.0,255.0,247.0,1002.0,1097.0,629.0,676.0,657.0,458.0,52.0,189.0,624.0,12037.0,96.0,29.0,345.0,381159.0,15250.0,440.0,212701.0,251.0,2020-09-27 20:15:46.746700
36,247,7720,3855,10088,42,16,1,3839,1305,63,3316,8,465,78,67,6,130.0,153.0,267.0,205.0,697.0,513.0,1730.0,1641.0,1327.0,1348.0,1055.0,1114.0,255.0,247.0,1001.0,1097.0,630.0,677.0,657.0,458.0,43,189,624,12053,90,27,345,383048,15264,440,213296,251,2020-09-28 20:29:02.932446
36,248,7747,3865,10135,42,16,1,3828,1284,68,3330,8,467,78,67,6,131.0,157.0,268.0,208.0,698.0,518.0,1736.0,1646.0,1328.0,1350.0,1057.0,1115.0,255.0,247.0,1003.0,1098.0,631.0,677.0,657.0,458.0,46,196,626,12115,93,23,345,386396,15300,440,214731,244,2020-09-29 20:20:14.864981
36,248,7758,3870,10155,43,16,1,3832,1285,69,3339,8,467,79,67,6,131.0,155.0,270.0,209.0,700.0,519.0,1739.0,1649.0,1331.0,1351.0,1058.0,1116.0,256.0,248.0,1003.0,1099.0,632.0,678.0,660.0,459.0,55,205,627,12155,95,28,345,387860,15326,440,215204,235,2020-09-30 20:41:47.803447
36,251,7772,3879,10190,44,16,1,3838,1273,62,3354,8,467,80,67,6,132.0,155.0,274.0,211.0,703.0,524.0,1742.0,1653.0,1331.0,1352.0,1060.0,1117.0,257.0,248.0,1003.0,1101.0,634.0,679.0,660.0,459.0,69.0,182.0,628.0,12202.0,98.0,28.0,345.0,390180.0,15358.0,440.0,215920.0,258.0,2020-10-01 21:28:40.317334
36,251,7789,3887,10221,44,16,1,3845,1299,84,3373,8,468,80,67,6,136.0,157.0,280.0,212.0,709.0,532.0,1748.0,1657.0,1334.0,1355.0,1063.0,1119.0,259.0,249.0,1006.0,1107.0,636.0,680.0,662.0,459.0,48,172,629,12252,101,30,345,394118,15423,440,217484,268,2020-10-02 20:36:01.801303
38,255,7809,3898,10264,43,16,1,3863,1295,70,3394,8,468,80,67,6,136.0,158.0,281.0,218.0,714.0,534.0,1752.0,1663.0,1336.0,1355.0,1064.0,1121.0,265.0,253.0,1007.0,1108.0,638.0,682.0,663.0,460.0,48,180,629,12252,86,27,345,397549,15473,440,218633,260,2020-10-03 20:45:54.904654
38,256,7823,3910,10303,43,16,1,3866,1290,72,3420,8,469,81,67,6,136.0,158.0,289.0,221.0,719.0,539.0,1757.0,1665.0,1339.0,1357.0,1064.0,1124.0,265.0,254.0,1009.0,1111.0,639.0,683.0,665.0,462.0,54.0,187.0,631.0,12299.0,95.0,29.0,345.0,399825.0,15519.0,440.0,219389.0,253.0,2020-10-04 20:30:38.618512
38,257,7829,3914,10323,43,16,1,3867,1294,78,3434,8,469,81,67,6,136.0,158.0,292.0,221.0,721.0,541.0,1761.0,1670.0,1344.0,1358.0,1065.0,1125.0,265.0,254.0,1012.0,1111.0,640.0,683.0,665.0,463.0,59.0,191.0,631.0,12306.0,95.0,28.0,345.0,401568.0,15547.0,440.0,219912.0,249.0,2020-10-05 20:18:59.458970
38,257,7855,3925,10357,43,16,1,3876,1354,133,3449,8,469,81,67,6,138.0,163.0,294.0,225.0,726.0,549.0,1778.0,1677.0,1351.0,1367.0,1076.0,1131.0,268.0,257.0,1017.0,1116.0,642.0,686.0,665.0,463.0,61.0,170.0,631.0,12350.0,105.0,30.0,345.0,410029.0,15652.0,440.0,222724.0,270.0,2020-10-06 20:39:50.804075
38,257,7893,3940,10416,43,16,1,3920,1325,81,3464,8,470,81,67,6,139.0,163.0,295.0,226.0,728.0,551.0,1783.0,1685.0,1353.0,1370.0,1078.0,1133.0,269.0,258.0,1019.0,1119.0,645.0,688.0,666.0,464.0,61.0,173.0,632.0,12350.0,103.0,30.0,345.0,412656.0,15697.0,440.0,223620.0,268.0,2020-10-07 20:43:31.474527
38,258,7918,3956,10462,43,16,1,3910,1331,104,3493,8,472,81,67,6,141.0,164.0,302.0,234.0,735.0,556.0,1790.0,1689.0,1360.0,1373.0,1079.0,1135.0,268.0,260.0,1024.0,1123.0,646.0,689.0,667.0,467.0,43.0,180.0,634.0,12431.0,100.0,25.0,345.0,416816.0,15765.0,440.0,224978.0,260.0,2020-10-09 20:33:28.737346
38,259,7954,3972,10525,43,16,1,3921,1330,101,3526,8,472,81,67,6,144.0,167.0,303.0,239.0,744.0,557.0,1797.0,1700.0,1368.0,1379.0,1083.0,1138.0,269.0,263.0,1024.0,1129.0,647.0,691.0,671.0,468.0,45.0,175.0,634.0,12456.0,99.0,27.0,345.0,422225.0,15843.0,440.0,227401.0,265.0,2020-10-09 20:34:30.088381
38,259,7987,3977,10575,43,16,1,3944,1350,108,3538,8,474,81,67,6,144.0,169.0,304.0,240.0,749.0,565.0,1802.0,1711.0,1375.0,1386.0,1087.0,1145.0,271.0,265.0,1028.0,1130.0,649.0,695.0,673.0,468.0,51.0,171.0,636.0,12492.0,99.0,27.0,345.0,429099.0,15918.0,440.0,228668.0,269.0,2020-10-11 02:01:37.197672
38,260,8019,3994,10625,43,16,1,3973,1349,92,3558,8,475,81,67,6,146.0,171.0,304.0,241.0,752.0,568.0,1814.0,1719.0,1375.0,1390.0,1096.0,1150.0,273.0,269.0,1032.0,1131.0,650.0,698.0,673.0,469.0,59.0,179.0,637.0,12531.0,86.0,26.0,345.0,436167.0,15984.0,440.0,230929.0,261.0,2020-10-11 20:26:15.477945
38,260,8047,4007,10661,44,16,1,3979,1338,84,3569,8,475,81,67,6,146.0,171.0,306.0,245.0,752.0,570.0,1817.0,1723.0,1378.0,1393.0,1101.0,1152.0,274.0,272.0,1034.0,1133.0,651.0,699.0,673.0,469.0,50.0,172.0,637.0,12539.0,87.0,21.0,345.0,438819.0,16022.0,440.0,231817.0,268.0,2020-10-12 20:31:27.804319
38,260,8071,4027,10697,44,16,1,3992,1328,76,3586,8,475,81,67,6,146.0,172.0,307.0,247.0,756.0,571.0,1819.0,1729.0,1382.0,1399.0,1103.0,1156.0,275.0,273.0,1036.0,1136.0,654.0,700.0,675.0,469.0,50.0,169.0,637.0,12583.0,88.0,25.0,345.0,443081.0,16068.0,440.0,233450.0,271.0,2020-10-13 20:13:34.242618
38,261,8090,4031,10723,45,16,1,3998,1362,105,3594,8,476,81,67,6,146.0,172.0,311.0,245.0,760.0,575.0,1829.0,1734.0,1388.0,1406.0,1105.0,1160.0,277.0,276.0,1041.0,1140.0,656.0,700.0,679.0,469.0,61.0,172.0,638.0,12627.0,86.0,24.0,345.0,448262.0,16132.0,440.0,235263.0,268.0,2020-10-14 20:28:11.929812
38,266,8112,4054,10760,45,16,1,4021,1336,76,3607,8,476,81,67,6,146.0,172.0,313.0,245.0,761.0,579.0,1831.0,1741.0,1394.0,1409.0,1106.0,1160.0,278.0,276.0,1044.0,1143.0,656.0,700.0,680.0,469.0,74.0,166.0,638.0,12681.0,88.0,22.0,345.0,450614.0,16166.0,440.0,235875.0,274.0,2020-10-15 21:57:26.621971
38,265,8128,4060,10791,45,16,1,4037,1388,121,3620,8,479,81,67,6,148.0,174.0,314.0,247.0,769.0,583.0,1856.0,1748.0,1395.0,1422.0,1109.0,1165.0,278.0,278.0,1046.0,1149.0,658.0,701.0,682.0,470.0,64.0,159.0,641.0,12731.0,86.0,21.0,345.0,455787.0,16255.0,440.0,237674.0,281.0,2020-10-16 20:55:12.703975
38,269,8179,4094,10895,45,16,1,4083,1365,85,3670,8,479,81,67,6,152.0,176.0,317.0,248.0,781.0,589.0,1874.0,1757.0,1407.0,1434.0,1113.0,1172.0,282.0,280.0,1057.0,1151.0,661.0,702.0,683.0,470.0,40.0,175.0,641.0,12801.0,78.0,20.0,345.0,466805.0,16370.0,440.0,240959.0,265.0,2020-10-18 20:21:32.109891
38,267,8163,4078,10856,45,16,1,4057,1384,110,3653,8,479,81,67,6,151.0,175.0,316.0,247.0,778.0,586.0,1870.0,1755.0,1403.0,1430.0,1112.0,1170.0,282.0,279.0,1053.0,1151.0,658.0,701.0,683.0,470.0,70.0,166.0,641.0,12793.0,84.0,23.0,345.0,462968.0,16334.0,440.0,239835.0,281.0,2020-10-18 20:22:41.890655
38,269,8188,4101,10907,45,16,1,4098,1371,79,3677,8.0,479.0,81.0,67.0,6.0,153.0,176.0,317.0,248.0,781.0,589.0,1878.0,1766.0,1408.0,1438.0,1114.0,1174.0,283.0,281.0,1057.0,1152.0,661.0,702.0,684.0,469.0,46.0,178.0,641.0,12824.0,84.0,20.0,345.0,469040.0,16395.0,440.0,241621.0,262.0,2020-10-19 20:13:11.570092
38,270,8205,4112,10935,45,16,1,4097,1382,100,3689,8.0,480.0,81.0,67.0,6.0,153.0,176.0,318.0,248.0,785.0,591.0,1886.0,1773.0,1411.0,1441.0,1117.0,1178.0,285.0,282.0,1061.0,1155.0,662.0,703.0,684.0,469.0,75.0,162.0,642.0,12884.0,85.0,20.0,345.0,473807.0,16445.0,440.0,243299.0,278.0,2020-10-20 20:34:08.112382
38,269,8217,4116,10977,45,16,1,4146,1389,94,3688,8.0,480.0,81.0,67.0,6.0,154.0,176.0,319.0,249.0,789.0,596.0,1895.0,1781.0,1412.0,1442.0,1119.0,1181.0,286.0,283.0,1062.0,1160.0,664.0,706.0,686.0,471.0,69.0,166.0,642.0,12938.0,96.0,23.0,345.0,476443.0,16498.0,440.0,244181.0,274.0,2020-10-21 19:53:02.071493
38,273,8241,4127,11022,45,16,1,4153,1372,72,3714,8.0,480.0,81.0,67.0,6.0,154.0,177.0,320.0,249.0,791.0,599.0,1900.0,1783.0,1413.0,1447.0,1121.0,1181.0,287.0,283.0,1067.0,1163.0,666.0,708.0,689.0,472.0,56.0,166.0,642.0,12979.0,95.0,23.0,345.0,479435.0,16537.0,440.0,245551.0,274.0,2020-10-22 19:09:35.525133
38,274,8265,4130,11063,45,16,1,4153,1400,102,3731,8.0,480.0,81.0,67.0,6.0,154.0,178.0,322.0,249.0,793.0,603.0,1910.0,1795.0,1419.0,1454.0,1125.0,1187.0,287.0,288.0,1071.0,1165.0,670.0,708.0,690.0,474.0,65.0,174.0,642.0,13028.0,91.0,23.0,345.0,485753.0,16609.0,440.0,246627.0,266.0,2020-10-23 20:02:45.547454
38,275,8299,4146,11108,45,17,2,4170,1435,128,3749,8.0,480.0,81.0,67.0,6.0,154.0,178.0,323.0,251.0,800.0,607.0,1929.0,1809.0,1428.0,1461.0,1132.0,1192.0,290.0,290.0,1073.0,1170.0,674.0,708.0,695.0,475.0,69.0,158.0,642.0,13068.0,93.0,21.0,345.0,491553.0,16706.0,440.0,248189.0,282.0,2020-10-24 20:25:44.696181
38,275,8319,4158,11146,45,18,2,4181,1445,139,3768,8,480,81,67,6,155.0,180.0,323.0,251.0,806.0,611.0,1936.0,1822.0,1433.0,1464.0,1132.0,1198.0,290.0,291.0,1078.0,1172.0,676.0,709.0,696.0,477.0,59.0,176.0,642.0,13104.0,95.0,21.0,345.0,496232.0,16767.0,440.0,249572.0,264.0,2020-10-25 20:43:09.147349
38,280,8357,4184,11208,45,16,1,4216,1404,84,3791,8,480,81,67,6,155.0,180.0,323.0,251.0,809.0,611.0,1942.0,1830.0,1436.0,1468.0,1137.0,1203.0,290.0,291.0,1078.0,1174.0,677.0,711.0,698.0,480.0,68.0,168.0,642.0,13179.0,98.0,23.0,345.0,498190.0,16812.0,440.0,250043.0,272.0,2020-10-26 20:46:46.136731
39,281,8380,4199,11236,45,16,1,4223,1455,129,3808,8,482,81,67,6,157.0,182.0,327.0,251.0,818.0,616.0,1962.0,1836.0,1443.0,1473.0,1140.0,1208.0,291.0,292.0,1080.0,1180.0,685.0,715.0,699.0,483.0,59.0,172.0,644.0,13215.0,106.0,26.0,345.0,502538.0,16906.0,440.0,251532.0,268.0,2020-10-27 20:36:18.355744
39,280,8414,4220,11296,45,17,2,4247,1440,114,3832,8,482,81,67,6,158.0,182.0,329.0,252.0,823.0,618.0,1971.0,1846.0,1454.0,1477.0,1146.0,1213.0,293.0,293.0,1080.0,1184.0,684.0,717.0,700.0,485.0,53.0,199.0,644.0,13276.0,101.0,25.0,345.0,505407.0,16973.0,440.0,252520.0,241.0,2020-10-28 20:27:54.739927
39,284,8446,4245,11345,45,17,2,4252,1467,140,3866,8,483,81,67,6,159.0,186.0,332.0,253.0,833.0,625.0,1988.0,1857.0,1462.0,1485.0,1153.0,1215.0,293.0,295.0,1088.0,1188.0,687.0,721.0,703.0,487.0,71.0,176.0,645.0,13325.0,102.0,28.0,345.0,509864.0,17074.0,440.0,253947.0,264.0,2020-10-29 20:34:05.496194
39,282,8479,4270,11391,46,17,2,4262,1466,149,3885,8,484,81,67,6,159.0,186.0,336.0,255.0,836.0,630.0,2007.0,1870.0,1468.0,1486.0,1154.0,1218.0,296.0,295.0,1089.0,1191.0,689.0,723.0,704.0,487.0,68.0,172.0,646.0,13348.0,102.0,30.0,345.0,514130.0,17144.0,440.0,255048.0,268.0,2020-10-30 19:55:07.138946
39,284,8525,4293,11448,47,17,2,4316,1508,145,3908,8,484,81,67,6,161.0,191.0,337.0,256.0,842.0,636.0,2031.0,1878.0,1478.0,1502.0,1160.0,1220.0,298.0,298.0,1095.0,1196.0,695.0,729.0,707.0,489.0,72.0,182.0,646.0,13348.0,107.0,29.0,345.0,514130.0,17266.0,440.0,255048.0,258.0,2020-10-31 20:45:05.286445
40,285,8565,4312,11528,47,17,2,4366,1512,121,3943,8,484,81,67,6,162.0,196.0,337.0,258.0,854.0,639.0,2047.0,1897.0,1486.0,1507.0,1166.0,1225.0,300.0,301.0,1100.0,1202.0,697.0,731.0,707.0,488.0,52.0,182.0,646.0,13349.0,101.0,34.0,345.0,525246.0,17369.0,440.0,258131.0,258.0,2020-11-01 20:37:46.132108
40,287,8603,4340,11610,47,16,1,4349,1472,125,3986,8,484,81,67,7,165.0,196.0,339.0,261.0,858.0,642.0,2056.0,1906.0,1490.0,1514.0,1169.0,1227.0,303.0,306.0,1103.0,1206.0,698.0,734.0,707.0,490.0,56.0,183.0,647.0,13443.0,93.0,27.0,345.0,528174.0,17438.0,440.0,258983.0,257.0,2020-11-02 20:17:48.623769
39,287,8627,4365,11650,47,16,1,4363,1493,150,4010,8,484,81,67,7,167.0,201.0,343.0,262.0,861.0,644.0,2067.0,1922.0,1495.0,1526.0,1171.0,1231.0,305.0,309.0,1109.0,1209.0,698.0,737.0,709.0,490.0,48.0,169.0,647.0,13517.0,93.0,30.0,345.0,533419.0,17524.0,440.0,260618.0,271.0,2020-11-03 20:41:55.178940
39,288,8662,4396,11712,46,16,1,4396,1477,127,4042,8,484,81,67,7,167.0,204.0,345.0,264.0,867.0,646.0,2081.0,1931.0,1500.0,1531.0,1175.0,1240.0,305.0,311.0,1112.0,1211.0,703.0,737.0,711.0,491.0,62.0,171.0,647.0,13601.0,92.0,29.0,345.0,537091.0,17601.0,440.0,261707.0,269.0,2020-11-04 20:27:09.348323
39,292,8693,4418,11769,46,16,1,4415,1479,124,4072,8,486,82,67,7,169.0,206.0,347.0,266.0,872.0,652.0,2091.0,1940.0,1509.0,1534.0,1180.0,1244.0,306.0,312.0,1119.0,1214.0,705.0,741.0,713.0,493.0,62.0,193.0,650.0,13653.0,83.0,26.0,345.0,540502.0,17682.0,440.0,262829.0,247.0,2020-11-05 21:46:35.488916
