"","","Cases by Race and Ethnicity","","","","","","","","","","","","","","","","",""
"","","Not Hispanic","","","","","","Hispanic","","","","","","Unknown Ethnicity","","","","",""
"County","Total Cases","Black or African 
American","White","American 
Indian or Alaska 
Native","Asian","Other","Unknown","Black or African 
American","White","American 
Indian or Alaska 
Native","Asian","Other","Unknown","Black or African 
American","White","American 
Indian or Alaska 
Native","Asian","Other","Unknown"
"WINSTON","718","220","135","0","0","5","1","2","0","0","0","2","0","140","133","6","0","9","65"
"YALOBUSHA","406","151","89","0","0","2","2","1","2","0","0","0","0","20","15","0","0","7","117"
"YAZOO","1016","533","134","3","2","2","4","4","33","0","0","2","1","83","18","0","2","50","145"
"Total","90523","28873","24431","483","246","986","423","115","785","16","11","1632","109","7218","6819","778","67","4513","13018"
