County Name,Scrape Time,Total Deaths,Total Negative Cases,Total Positive Cases,Total Recovered Cases
Lincoln,2020-08-14 10:17:33.011070,2,6978,672,578
Lyman,2020-08-14 10:17:33.011070,3,969,91,80
Marshall,2020-08-14 10:17:33.011070,0,473,12,7
McCook,2020-08-14 10:17:33.011070,1,645,30,24
McPherson,2020-08-14 10:17:33.011070,0,219,8,7
Meade,2020-08-14 10:17:33.011070,1,2017,98,77
Mellette,2020-08-14 10:17:33.011070,0,389,24,23
Miner,2020-08-14 10:17:33.011070,0,256,15,14
Minnehaha,2020-08-14 10:17:33.011070,68,28015,4521,4077
Moody,2020-08-14 10:17:33.011070,0,637,32,29
Oglala Lakota,2020-08-14 10:17:33.011070,2,2951,157,136
Pennington,2020-08-14 10:17:33.011070,32,11160,915,774
Perkins,2020-08-14 10:17:33.011070,0,187,6,5
Potter,2020-08-14 10:17:33.011070,0,291,2,1
Roberts,2020-08-14 10:17:33.011070,1,1829,80,70
Sanborn,2020-08-14 10:17:33.011070,0,230,13,13
Spink,2020-08-14 10:17:33.011070,0,1159,26,21
Stanley,2020-08-14 10:17:33.011070,0,254,14,14
Sully,2020-08-14 10:17:33.011070,0,79,3,3
Todd,2020-08-14 10:17:33.011070,5,2164,74,62
Lincoln,2020-08-14 20:10:30.230711,2,7054,687,589
Lyman,2020-08-14 20:10:30.230711,3,974,91,81
Marshall,2020-08-14 20:10:30.230711,0,475,12,8
McCook,2020-08-14 20:10:30.230711,1,651,32,25
McPherson,2020-08-14 20:10:30.230711,0,220,8,7
Meade,2020-08-14 20:10:30.230711,1,2034,97,79
Mellette,2020-08-14 20:10:30.230711,0,391,24,23
Miner,2020-08-14 20:10:30.230711,0,256,15,14
Minnehaha,2020-08-14 20:10:30.230711,68,28324,4561,4101
Moody,2020-08-14 20:10:30.230711,0,640,33,30
Oglala Lakota,2020-08-14 20:10:30.230711,2,2959,157,137
Pennington,2020-08-14 20:10:30.230711,33,11227,924,782
Perkins,2020-08-14 20:10:30.230711,0,187,6,5
Potter,2020-08-14 20:10:30.230711,0,297,2,1
Roberts,2020-08-14 20:10:30.230711,1,1856,83,71
Sanborn,2020-08-14 20:10:30.230711,0,231,13,13
Spink,2020-08-14 20:10:30.230711,0,1162,26,21
Stanley,2020-08-14 20:10:30.230711,0,257,15,14
Sully,2020-08-14 20:10:30.230711,0,80,4,3
Todd,2020-08-14 20:10:30.230711,5,2176,75,62
Lincoln,2020-08-15 20:11:15.786114,2,7121,694,604
Lyman,2020-08-15 20:11:15.786114,3,980,91,81
Marshall,2020-08-15 20:11:15.786114,0,482,12,8
McCook,2020-08-15 20:11:15.786114,1,655,33,25
McPherson,2020-08-15 20:11:15.786114,0,220,8,7
Meade,2020-08-15 20:11:15.786114,1,2042,97,81
Mellette,2020-08-15 20:11:15.786114,0,392,24,24
Miner,2020-08-15 20:11:15.786114,0,258,15,14
Minnehaha,2020-08-15 20:11:15.786114,68,28580,4584,4144
Moody,2020-08-15 20:11:15.786114,0,642,33,30
Oglala Lakota,2020-08-15 20:11:15.786114,2,2960,158,138
Pennington,2020-08-15 20:11:15.786114,33,11300,930,787
Perkins,2020-08-15 20:11:15.786114,0,187,6,5
Potter,2020-08-15 20:11:15.786114,0,298,2,1
Roberts,2020-08-15 20:11:15.786114,1,1882,83,73
Sanborn,2020-08-15 20:11:15.786114,0,232,13,13
Spink,2020-08-15 20:11:15.786114,0,1174,26,21
Stanley,2020-08-15 20:11:15.786114,0,258,15,14
Sully,2020-08-15 20:11:15.786114,0,81,4,3
Todd,2020-08-15 20:11:15.786114,5,2249,75,62
Lincoln,2020-08-16 20:19:53.610538,2,7180,708,608
Lyman,2020-08-16 20:19:53.610538,3,997,91,82
Marshall,2020-08-16 20:19:53.610538,0,484,12,8
McCook,2020-08-16 20:19:53.610538,1,662,36,25
McPherson,2020-08-16 20:19:53.610538,0,223,8,7
Meade,2020-08-16 20:19:53.610538,1,2044,104,82
Mellette,2020-08-16 20:19:53.610538,0,392,24,24
Miner,2020-08-16 20:19:53.610538,0,259,15,15
Minnehaha,2020-08-16 20:19:53.610538,68,28778,4629,4156
Moody,2020-08-16 20:19:53.610538,0,647,33,30
Oglala Lakota,2020-08-16 20:19:53.610538,2,2972,158,138
Pennington,2020-08-16 20:19:53.610538,33,11356,942,795
Perkins,2020-08-16 20:19:53.610538,0,198,6,5
Potter,2020-08-16 20:19:53.610538,0,299,2,1
Roberts,2020-08-16 20:19:53.610538,1,1899,87,73
Sanborn,2020-08-16 20:19:53.610538,0,232,13,13
Spink,2020-08-16 20:19:53.610538,0,1181,27,21
Stanley,2020-08-16 20:19:53.610538,0,260,15,14
Sully,2020-08-16 20:19:53.610538,0,82,4,3
Todd,2020-08-16 20:19:53.610538,5,2251,75,62
Lincoln,2020-08-17 19:54:51.618910,2,7212,711,613
Lyman,2020-08-17 19:54:51.618910,3,986,91,82
Marshall,2020-08-17 19:54:51.618910,0,483,12,8
McCook,2020-08-17 19:54:51.618910,1,662,36,26
McPherson,2020-08-17 19:54:51.618910,0,224,8,7
Meade,2020-08-17 19:54:51.618910,1,2054,106,83
Mellette,2020-08-17 19:54:51.618910,0,393,24,24
Miner,2020-08-17 19:54:51.618910,0,259,15,15
Minnehaha,2020-08-17 19:54:51.618910,68,28876,4655,4189
Moody,2020-08-17 19:54:51.618910,0,655,33,30
Oglala Lakota,2020-08-17 19:54:51.618910,2,2971,158,140
Pennington,2020-08-17 19:54:51.618910,33,11369,951,804
Perkins,2020-08-17 19:54:51.618910,0,196,6,5
Potter,2020-08-17 19:54:51.618910,0,303,2,1
Roberts,2020-08-17 19:54:51.618910,1,1891,87,73
Sanborn,2020-08-17 19:54:51.618910,0,235,13,13
Spink,2020-08-17 19:54:51.618910,0,1182,27,21
Stanley,2020-08-17 19:54:51.618910,0,264,16,14
Sully,2020-08-17 19:54:51.618910,0,83,4,3
Todd,2020-08-17 19:54:51.618910,5,2249,75,62
Lincoln,2020-08-18 20:02:31.221649,2,7212,711,613
Lyman,2020-08-18 20:02:31.221649,3,986,91,82
Marshall,2020-08-18 20:02:31.221649,0,483,12,8
McCook,2020-08-18 20:02:31.221649,1,662,36,26
McPherson,2020-08-18 20:02:31.221649,0,224,8,7
Meade,2020-08-18 20:02:31.221649,1,2054,106,83
Mellette,2020-08-18 20:02:31.221649,0,393,24,24
Miner,2020-08-18 20:02:31.221649,0,259,15,15
Minnehaha,2020-08-18 20:02:31.221649,68,28876,4655,4189
Moody,2020-08-18 20:02:31.221649,0,655,33,30
Oglala Lakota,2020-08-18 20:02:31.221649,2,2971,158,140
Pennington,2020-08-18 20:02:31.221649,33,11369,951,804
Perkins,2020-08-18 20:02:31.221649,0,196,6,5
Potter,2020-08-18 20:02:31.221649,0,303,2,1
Roberts,2020-08-18 20:02:31.221649,1,1891,87,73
Sanborn,2020-08-18 20:02:31.221649,0,235,13,13
Spink,2020-08-18 20:02:31.221649,0,1182,27,21
Stanley,2020-08-18 20:02:31.221649,0,264,16,14
Sully,2020-08-18 20:02:31.221649,0,83,4,3
Todd,2020-08-18 20:02:31.221649,5,2249,75,62
Lincoln,2020-08-19 20:17:00.291812,2,7212,711,613
Lyman,2020-08-19 20:17:00.291812,3,986,91,82
Marshall,2020-08-19 20:17:00.291812,0,483,12,8
McCook,2020-08-19 20:17:00.291812,1,662,36,26
McPherson,2020-08-19 20:17:00.291812,0,224,8,7
Meade,2020-08-19 20:17:00.291812,1,2054,106,83
Mellette,2020-08-19 20:17:00.291812,0,393,24,24
Miner,2020-08-19 20:17:00.291812,0,259,15,15
Minnehaha,2020-08-19 20:17:00.291812,68,28876,4655,4189
Moody,2020-08-19 20:17:00.291812,0,655,33,30
Oglala Lakota,2020-08-19 20:17:00.291812,2,2971,158,140
Pennington,2020-08-19 20:17:00.291812,33,11369,951,804
Perkins,2020-08-19 20:17:00.291812,0,196,6,5
Potter,2020-08-19 20:17:00.291812,0,303,2,1
Roberts,2020-08-19 20:17:00.291812,1,1891,87,73
Sanborn,2020-08-19 20:17:00.291812,0,235,13,13
Spink,2020-08-19 20:17:00.291812,0,1182,27,21
Stanley,2020-08-19 20:17:00.291812,0,264,16,14
Sully,2020-08-19 20:17:00.291812,0,83,4,3
Todd,2020-08-19 20:17:00.291812,5,2249,75,62
Lincoln,2020-08-20 20:18:17.251018,2,7212,711,613
Lyman,2020-08-20 20:18:17.251018,3,986,91,82
Marshall,2020-08-20 20:18:17.251018,0,483,12,8
McCook,2020-08-20 20:18:17.251018,1,662,36,26
McPherson,2020-08-20 20:18:17.251018,0,224,8,7
Meade,2020-08-20 20:18:17.251018,1,2054,106,83
Mellette,2020-08-20 20:18:17.251018,0,393,24,24
Miner,2020-08-20 20:18:17.251018,0,259,15,15
Minnehaha,2020-08-20 20:18:17.251018,68,28876,4655,4189
Moody,2020-08-20 20:18:17.251018,0,655,33,30
Oglala Lakota,2020-08-20 20:18:17.251018,2,2971,158,140
Pennington,2020-08-20 20:18:17.251018,33,11369,951,804
Perkins,2020-08-20 20:18:17.251018,0,196,6,5
Potter,2020-08-20 20:18:17.251018,0,303,2,1
Roberts,2020-08-20 20:18:17.251018,1,1891,87,73
Sanborn,2020-08-20 20:18:17.251018,0,235,13,13
Spink,2020-08-20 20:18:17.251018,0,1182,27,21
Stanley,2020-08-20 20:18:17.251018,0,264,16,14
Sully,2020-08-20 20:18:17.251018,0,83,4,3
Todd,2020-08-20 20:18:17.251018,5,2249,75,62
Lincoln,2020-08-21 22:05:45.563490,2,7212,711,613
Lyman,2020-08-21 22:05:45.563490,3,986,91,82
Marshall,2020-08-21 22:05:45.563490,0,483,12,8
McCook,2020-08-21 22:05:45.563490,1,662,36,26
McPherson,2020-08-21 22:05:45.563490,0,224,8,7
Meade,2020-08-21 22:05:45.563490,1,2054,106,83
Mellette,2020-08-21 22:05:45.563490,0,393,24,24
Miner,2020-08-21 22:05:45.563490,0,259,15,15
Minnehaha,2020-08-21 22:05:45.563490,68,28876,4655,4189
Moody,2020-08-21 22:05:45.563490,0,655,33,30
Oglala Lakota,2020-08-21 22:05:45.563490,2,2971,158,140
Pennington,2020-08-21 22:05:45.563490,33,11369,951,804
Perkins,2020-08-21 22:05:45.563490,0,196,6,5
Potter,2020-08-21 22:05:45.563490,0,303,2,1
Roberts,2020-08-21 22:05:45.563490,1,1891,87,73
Sanborn,2020-08-21 22:05:45.563490,0,235,13,13
Spink,2020-08-21 22:05:45.563490,0,1182,27,21
Stanley,2020-08-21 22:05:45.563490,0,264,16,14
Sully,2020-08-21 22:05:45.563490,0,83,4,3
Todd,2020-08-21 22:05:45.563490,5,2249,75,62
Lincoln,2020-08-22 19:17:38.809865,2,7212,711,613
Lyman,2020-08-22 19:17:38.809865,3,986,91,82
Marshall,2020-08-22 19:17:38.809865,0,483,12,8
McCook,2020-08-22 19:17:38.809865,1,662,36,26
McPherson,2020-08-22 19:17:38.809865,0,224,8,7
Meade,2020-08-22 19:17:38.809865,1,2054,106,83
Mellette,2020-08-22 19:17:38.809865,0,393,24,24
Miner,2020-08-22 19:17:38.809865,0,259,15,15
Minnehaha,2020-08-22 19:17:38.809865,68,28876,4655,4189
Moody,2020-08-22 19:17:38.809865,0,655,33,30
Oglala Lakota,2020-08-22 19:17:38.809865,2,2971,158,140
Pennington,2020-08-22 19:17:38.809865,33,11369,951,804
Perkins,2020-08-22 19:17:38.809865,0,196,6,5
Potter,2020-08-22 19:17:38.809865,0,303,2,1
Roberts,2020-08-22 19:17:38.809865,1,1891,87,73
Sanborn,2020-08-22 19:17:38.809865,0,235,13,13
Spink,2020-08-22 19:17:38.809865,0,1182,27,21
Stanley,2020-08-22 19:17:38.809865,0,264,16,14
Sully,2020-08-22 19:17:38.809865,0,83,4,3
Todd,2020-08-22 19:17:38.809865,5,2249,75,62
Lincoln,2020-08-23 20:33:20.459657,2,7587,787,671
Lyman,2020-08-23 20:33:20.459657,3,1015,94,83
Marshall,2020-08-23 20:33:20.459657,0,493,15,9
McCook,2020-08-23 20:33:20.459657,1,688,39,31
McPherson,2020-08-23 20:33:20.459657,0,232,10,7
Meade,2020-08-23 20:33:20.459657,1,2193,164,98
Mellette,2020-08-23 20:33:20.459657,0,399,24,24
Miner,2020-08-23 20:33:20.459657,0,265,15,15
Minnehaha,2020-08-23 20:33:20.459657,70,30156,4896,4344
Moody,2020-08-23 20:33:20.459657,0,689,37,30
Oglala Lakota,2020-08-23 20:33:20.459657,2,3010,163,144
Pennington,2020-08-23 20:33:20.459657,33,11775,1042,857
Perkins,2020-08-23 20:33:20.459657,0,200,6,5
Potter,2020-08-23 20:33:20.459657,0,317,4,1
Roberts,2020-08-23 20:33:20.459657,1,1971,89,78
Sanborn,2020-08-23 20:33:20.459657,0,244,13,13
Spink,2020-08-23 20:33:20.459657,0,1237,35,24
Stanley,2020-08-23 20:33:20.459657,0,289,20,17
Sully,2020-08-23 20:33:20.459657,0,96,7,4
Todd,2020-08-23 20:33:20.459657,5,2360,76,68
Lincoln,2020-08-24 19:18:04.086624,2,7629,795,680
Lyman,2020-08-24 19:18:04.086624,3,1017,94,83
Marshall,2020-08-24 19:18:04.086624,0,496,15,9
McCook,2020-08-24 19:18:04.086624,1,691,39,31
McPherson,2020-08-24 19:18:04.086624,0,233,10,7
Meade,2020-08-24 19:18:04.086624,1,2198,170,102
Mellette,2020-08-24 19:18:04.086624,0,402,24,24
Miner,2020-08-24 19:18:04.086624,0,270,15,15
Minnehaha,2020-08-24 19:18:04.086624,70,30328,4924,4388
Moody,2020-08-24 19:18:04.086624,0,692,38,30
Oglala Lakota,2020-08-24 19:18:04.086624,2,3013,163,145
Pennington,2020-08-24 19:18:04.086624,33,11821,1070,864
Perkins,2020-08-24 19:18:04.086624,0,208,8,5
Potter,2020-08-24 19:18:04.086624,0,320,4,1
Roberts,2020-08-24 19:18:04.086624,1,1982,91,79
Sanborn,2020-08-24 19:18:04.086624,0,247,13,13
Spink,2020-08-24 19:18:04.086624,0,1237,35,25
Stanley,2020-08-24 19:18:04.086624,0,291,20,19
Sully,2020-08-24 19:18:04.086624,0,97,8,4
Todd,2020-08-24 19:18:04.086624,5,2359,76,69
Lincoln,2020-08-25 20:15:30.495215,2,7646,798,690
Lyman,2020-08-25 20:15:30.495215,3,1017,94,83
Marshall,2020-08-25 20:15:30.495215,0,494,15,10
McCook,2020-08-25 20:15:30.495215,1,693,39,33
McPherson,2020-08-25 20:15:30.495215,0,233,10,7
Meade,2020-08-25 20:15:30.495215,1,2201,176,105
Mellette,2020-08-25 20:15:30.495215,0,401,24,24
Miner,2020-08-25 20:15:30.495215,0,270,15,15
Minnehaha,2020-08-25 20:15:30.495215,70,30359,4938,4422
Moody,2020-08-25 20:15:30.495215,0,694,38,30
Oglala Lakota,2020-08-25 20:15:30.495215,2,3010,163,145
Pennington,2020-08-25 20:15:30.495215,33,11825,1082,870
Perkins,2020-08-25 20:15:30.495215,0,208,9,5
Potter,2020-08-25 20:15:30.495215,0,319,4,2
Roberts,2020-08-25 20:15:30.495215,1,1973,91,81
Sanborn,2020-08-25 20:15:30.495215,0,247,13,13
Spink,2020-08-25 20:15:30.495215,0,1228,37,25
Stanley,2020-08-25 20:15:30.495215,0,292,20,19
Sully,2020-08-25 20:15:30.495215,0,97,8,4
Todd,2020-08-25 20:15:30.495215,5,2351,77,69
Lincoln,2020-08-26 20:19:52.085379,2,7647,805,696
Lyman,2020-08-26 20:19:52.085379,3,1016,95,83
Marshall,2020-08-26 20:19:52.085379,0,495,16,10
McCook,2020-08-26 20:19:52.085379,1,693,39,33
McPherson,2020-08-26 20:19:52.085379,0,233,10,7
Meade,2020-08-26 20:19:52.085379,1,2199,179,107
Mellette,2020-08-26 20:19:52.085379,0,402,24,24
Miner,2020-08-26 20:19:52.085379,0,270,15,15
Minnehaha,2020-08-26 20:19:52.085379,70,30370,4954,4450
Moody,2020-08-26 20:19:52.085379,0,694,38,32
Oglala Lakota,2020-08-26 20:19:52.085379,2,3011,163,145
Pennington,2020-08-26 20:19:52.085379,33,11821,1091,877
Perkins,2020-08-26 20:19:52.085379,0,208,9,5
Potter,2020-08-26 20:19:52.085379,0,319,4,2
Roberts,2020-08-26 20:19:52.085379,1,1973,91,81
Sanborn,2020-08-26 20:19:52.085379,0,247,13,13
Spink,2020-08-26 20:19:52.085379,0,1227,38,26
Stanley,2020-08-26 20:19:52.085379,0,292,20,19
Sully,2020-08-26 20:19:52.085379,0,97,8,4
Todd,2020-08-26 20:19:52.085379,5,2351,77,69
Lincoln,2020-08-27 20:09:37.552741,2,7787,830,710
Lyman,2020-08-27 20:09:37.552741,3,1050,99,83
Marshall,2020-08-27 20:09:37.552741,0,509,16,10
McCook,2020-08-27 20:09:37.552741,1,703,41,34
McPherson,2020-08-27 20:09:37.552741,0,243,10,7
Meade,2020-08-27 20:09:37.552741,1,2247,247,113
Mellette,2020-08-27 20:09:37.552741,0,403,24,24
Miner,2020-08-27 20:09:37.552741,0,271,15,15
Minnehaha,2020-08-27 20:09:37.552741,70,30904,5028,4488
Moody,2020-08-27 20:09:37.552741,0,700,39,34
Oglala Lakota,2020-08-27 20:09:37.552741,2,3037,169,146
Pennington,2020-08-27 20:09:37.552741,33,12089,1211,889
Perkins,2020-08-27 20:09:37.552741,0,221,13,5
Potter,2020-08-27 20:09:37.552741,0,328,7,2
Roberts,2020-08-27 20:09:37.552741,1,2044,93,81
Sanborn,2020-08-27 20:09:37.552741,0,251,13,13
Spink,2020-08-27 20:09:37.552741,0,1278,44,27
Stanley,2020-08-27 20:09:37.552741,0,298,20,19
Sully,2020-08-27 20:09:37.552741,0,97,8,5
Todd,2020-08-27 20:09:37.552741,5,2393,77,69
Lincoln,2020-08-28 20:01:26.673684,2,7850,844,725
Lyman,2020-08-28 20:01:26.673684,3,1052,102,84
Marshall,2020-08-28 20:01:26.673684,0,512,16,11
McCook,2020-08-28 20:01:26.673684,1,704,44,36
McPherson,2020-08-28 20:01:26.673684,0,243,10,7
Meade,2020-08-28 20:01:26.673684,1,2273,261,120
Mellette,2020-08-28 20:01:26.673684,0,404,24,24
Miner,2020-08-28 20:01:26.673684,0,271,16,15
Minnehaha,2020-08-28 20:01:26.673684,70,31157,5079,4529
Moody,2020-08-28 20:01:26.673684,0,705,41,34
Oglala Lakota,2020-08-28 20:01:26.673684,2,3052,172,146
Pennington,2020-08-28 20:01:26.673684,33,12233,1284,906
Perkins,2020-08-28 20:01:26.673684,0,223,14,5
Potter,2020-08-28 20:01:26.673684,0,334,7,2
Roberts,2020-08-28 20:01:26.673684,1,2090,93,81
Sanborn,2020-08-28 20:01:26.673684,0,252,14,13
Spink,2020-08-28 20:01:26.673684,0,1289,47,28
Stanley,2020-08-28 20:01:26.673684,0,301,20,19
Sully,2020-08-28 20:01:26.673684,0,100,8,5
Todd,2020-08-28 20:01:26.673684,5,2418,78,70
Lincoln,2020-08-29 20:03:49.545483,2,7920,869,738
Lyman,2020-08-29 20:03:49.545483,3,1061,102,85
Marshall,2020-08-29 20:03:49.545483,0,521,19,11
McCook,2020-08-29 20:03:49.545483,1,712,47,36
McPherson,2020-08-29 20:03:49.545483,0,243,10,9
Meade,2020-08-29 20:03:49.545483,1,2290,279,129
Mellette,2020-08-29 20:03:49.545483,0,406,24,24
Miner,2020-08-29 20:03:49.545483,0,276,16,15
Minnehaha,2020-08-29 20:03:49.545483,70,31359,5178,4583
Moody,2020-08-29 20:03:49.545483,0,708,41,35
Oglala Lakota,2020-08-29 20:03:49.545483,2,3056,173,147
Pennington,2020-08-29 20:03:49.545483,33,12230,1337,922
Perkins,2020-08-29 20:03:49.545483,0,223,14,5
Potter,2020-08-29 20:03:49.545483,0,339,11,3
Roberts,2020-08-29 20:03:49.545483,1,2125,95,83
Sanborn,2020-08-29 20:03:49.545483,0,256,15,13
Spink,2020-08-29 20:03:49.545483,0,1293,48,31
Stanley,2020-08-29 20:03:49.545483,0,305,20,20
Sully,2020-08-29 20:03:49.545483,0,101,8,5
Todd,2020-08-29 20:03:49.545483,5,2451,78,70
Lincoln,2020-08-30 19:55:40.823887,2,7975,888,747
Lyman,2020-08-30 19:55:40.823887,3,1075,105,86
Marshall,2020-08-30 19:55:40.823887,0,527,19,12
McCook,2020-08-30 19:55:40.823887,1,717,49,36
McPherson,2020-08-30 19:55:40.823887,0,246,11,9
Meade,2020-08-30 19:55:40.823887,1,2290,294,135
Mellette,2020-08-30 19:55:40.823887,0,408,24,24
Miner,2020-08-30 19:55:40.823887,0,277,16,15
Minnehaha,2020-08-30 19:55:40.823887,70,31522,5235,4615
Moody,2020-08-30 19:55:40.823887,0,717,41,35
Oglala Lakota,2020-08-30 19:55:40.823887,2,3060,173,148
Pennington,2020-08-30 19:55:40.823887,33,12263,1406,945
Perkins,2020-08-30 19:55:40.823887,0,223,13,6
Potter,2020-08-30 19:55:40.823887,0,343,16,5
Roberts,2020-08-30 19:55:40.823887,1,2133,97,84
Sanborn,2020-08-30 19:55:40.823887,0,259,15,13
Spink,2020-08-30 19:55:40.823887,0,1294,52,31
Stanley,2020-08-30 19:55:40.823887,0,306,21,20
Sully,2020-08-30 19:55:40.823887,0,103,8,6
Todd,2020-08-30 19:55:40.823887,5,2451,78,70
Lincoln,2020-08-31 21:25:06.272091,2,8040,907,757
Lyman,2020-08-31 21:25:06.272091,3,1080,105,86
Marshall,2020-08-31 21:25:06.272091,0,528,19,12
McCook,2020-08-31 21:25:06.272091,1,727,52,36
McPherson,2020-08-31 21:25:06.272091,0,250,10,9
Meade,2020-08-31 21:25:06.272091,1,2289,300,140
Mellette,2020-08-31 21:25:06.272091,0,409,24,24
Miner,2020-08-31 21:25:06.272091,0,279,16,15
Minnehaha,2020-08-31 21:25:06.272091,70,31650,5267,4641
Moody,2020-08-31 21:25:06.272091,0,718,41,36
Oglala Lakota,2020-08-31 21:25:06.272091,2,3063,174,149
Pennington,2020-08-31 21:25:06.272091,33,12313,1432,952
Perkins,2020-08-31 21:25:06.272091,0,228,16,6
Potter,2020-08-31 21:25:06.272091,0,346,16,5
Roberts,2020-08-31 21:25:06.272091,1,2143,100,86
Sanborn,2020-08-31 21:25:06.272091,0,260,15,13
Spink,2020-08-31 21:25:06.272091,0,1299,52,33
Stanley,2020-08-31 21:25:06.272091,0,307,21,20
Sully,2020-08-31 21:25:06.272091,0,104,8,6
Todd,2020-08-31 21:25:06.272091,5,2455,78,70
Lincoln,2020-09-01 20:07:26.520193,2,8125,919,763
Lyman,2020-09-01 20:07:26.520193,3,1093,105,86
Marshall,2020-09-01 20:07:26.520193,0,531,19,14
McCook,2020-09-01 20:07:26.520193,1,731,53,36
McPherson,2020-09-01 20:07:26.520193,0,252,10,9
Meade,2020-09-01 20:07:26.520193,1,2286,305,156
Mellette,2020-09-01 20:07:26.520193,0,409,24,24
Miner,2020-09-01 20:07:26.520193,0,280,16,15
Minnehaha,2020-09-01 20:07:26.520193,70,31907,5340,4688
Moody,2020-09-01 20:07:26.520193,0,721,42,36
Oglala Lakota,2020-09-01 20:07:26.520193,2,3064,176,151
Pennington,2020-09-01 20:07:26.520193,33,12341,1448,987
Perkins,2020-09-01 20:07:26.520193,0,230,16,7
Potter,2020-09-01 20:07:26.520193,0,346,16,5
Roberts,2020-09-01 20:07:26.520193,1,2127,100,87
Sanborn,2020-09-01 20:07:26.520193,0,262,15,13
Spink,2020-09-01 20:07:26.520193,0,1295,54,35
Stanley,2020-09-01 20:07:26.520193,0,306,21,20
Sully,2020-09-01 20:07:26.520193,0,106,8,7
Todd,2020-09-01 20:07:26.520193,5,2456,82,70
Lincoln,2020-09-02 20:10:29.112057,2,8209,935,767
Lyman,2020-09-02 20:10:29.112057,3,1093,104,86
Marshall,2020-09-02 20:10:29.112057,0,537,19,14
McCook,2020-09-02 20:10:29.112057,1,737,53,36
McPherson,2020-09-02 20:10:29.112057,0,254,10,9
Meade,2020-09-02 20:10:29.112057,1,2290,317,171
Mellette,2020-09-02 20:10:29.112057,0,408,25,24
Miner,2020-09-02 20:10:29.112057,0,282,17,15
Minnehaha,2020-09-02 20:10:29.112057,70,32226,5389,4715
Moody,2020-09-02 20:10:29.112057,0,722,47,37
Oglala Lakota,2020-09-02 20:10:29.112057,2,3075,185,152
Pennington,2020-09-02 20:10:29.112057,33,12410,1475,1010
Perkins,2020-09-02 20:10:29.112057,0,227,19,7
Potter,2020-09-02 20:10:29.112057,0,350,18,5
Roberts,2020-09-02 20:10:29.112057,1,2137,100,87
Sanborn,2020-09-02 20:10:29.112057,0,262,16,13
Spink,2020-09-02 20:10:29.112057,0,1304,54,35
Stanley,2020-09-02 20:10:29.112057,0,308,21,20
Sully,2020-09-02 20:10:29.112057,0,106,8,8
Todd,2020-09-02 20:10:29.112057,5,2487,82,70
Lincoln,2020-09-03 21:02:30.815964,2,8275,952,778
Lyman,2020-09-03 21:02:30.815964,3,1095,104,87
Marshall,2020-09-03 21:02:30.815964,0,544,19,14
McCook,2020-09-03 21:02:30.815964,1,742,53,37
McPherson,2020-09-03 21:02:30.815964,0,255,10,9
Meade,2020-09-03 21:02:30.815964,1,2329,324,182
Mellette,2020-09-03 21:02:30.815964,0,409,25,24
Miner,2020-09-03 21:02:30.815964,0,283,17,15
Minnehaha,2020-09-03 21:02:30.815964,70,32412,5457,4741
Moody,2020-09-03 21:02:30.815964,0,729,47,38
Oglala Lakota,2020-09-03 21:02:30.815964,2,3081,186,153
Pennington,2020-09-03 21:02:30.815964,33,12614,1536,1055
Perkins,2020-09-03 21:02:30.815964,0,231,19,7
Potter,2020-09-03 21:02:30.815964,0,351,18,5
Roberts,2020-09-03 21:02:30.815964,1,2175,102,88
Sanborn,2020-09-03 21:02:30.815964,0,264,15,13
Spink,2020-09-03 21:02:30.815964,0,1315,56,35
Stanley,2020-09-03 21:02:30.815964,0,310,21,20
Sully,2020-09-03 21:02:30.815964,0,107,8,8
Todd,2020-09-03 21:02:30.815964,5,2506,83,71
Lincoln,2020-09-04 20:57:45.223077,2,8372,958,794
Lyman,2020-09-04 20:57:45.223077,3,1102,104,87
Marshall,2020-09-04 20:57:45.223077,0,552,19,15
McCook,2020-09-04 20:57:45.223077,1,751,54,39
McPherson,2020-09-04 20:57:45.223077,0,257,11,9
Meade,2020-09-04 20:57:45.223077,1,2344,332,195
Mellette,2020-09-04 20:57:45.223077,0,410,25,24
Miner,2020-09-04 20:57:45.223077,0,290,17,15
Minnehaha,2020-09-04 20:57:45.223077,71,32711,5496,4776
Moody,2020-09-04 20:57:45.223077,0,737,48,37
Oglala Lakota,2020-09-04 20:57:45.223077,2,3094,187,153
Pennington,2020-09-04 20:57:45.223077,33,12724,1560,1085
Perkins,2020-09-04 20:57:45.223077,0,231,23,10
Potter,2020-09-04 20:57:45.223077,0,353,20,5
Roberts,2020-09-04 20:57:45.223077,1,2220,104,88
Sanborn,2020-09-04 20:57:45.223077,0,268,16,13
Spink,2020-09-04 20:57:45.223077,0,1330,57,37
Stanley,2020-09-04 20:57:45.223077,0,317,22,20
Sully,2020-09-04 20:57:45.223077,0,108,8,8
Todd,2020-09-04 20:57:45.223077,5,2510,86,71
Lincoln,2020-09-05 20:15:53.686463,2,8448,972,807
Lyman,2020-09-05 20:15:53.686463,3,1116,104,88
Marshall,2020-09-05 20:15:53.686463,0,557,19,17
McCook,2020-09-05 20:15:53.686463,1,752,58,39
McPherson,2020-09-05 20:15:53.686463,0,257,12,9
Meade,2020-09-05 20:15:53.686463,1,2342,338,201
Mellette,2020-09-05 20:15:53.686463,0,410,25,24
Miner,2020-09-05 20:15:53.686463,0,292,17,15
Minnehaha,2020-09-05 20:15:53.686463,71,32918,5548,4817
Moody,2020-09-05 20:15:53.686463,0,740,51,37
Oglala Lakota,2020-09-05 20:15:53.686463,2,3100,193,157
Pennington,2020-09-05 20:15:53.686463,33,12769,1598,1116
Perkins,2020-09-05 20:15:53.686463,0,232,23,10
Potter,2020-09-05 20:15:53.686463,0,362,24,6
Roberts,2020-09-05 20:15:53.686463,1,2250,105,88
Sanborn,2020-09-05 20:15:53.686463,0,269,16,13
Spink,2020-09-05 20:15:53.686463,0,1343,60,38
Stanley,2020-09-05 20:15:53.686463,0,319,22,20
Sully,2020-09-05 20:15:53.686463,0,112,8,8
Todd,2020-09-05 20:15:53.686463,5,2523,87,72
Lincoln,2020-09-06 20:15:17.055465,2,8511,993,827
Lyman,2020-09-06 20:15:17.055465,3,1121,104,89
Marshall,2020-09-06 20:15:17.055465,0,558,19,17
McCook,2020-09-06 20:15:17.055465,1,758,59,43
McPherson,2020-09-06 20:15:17.055465,0,258,12,10
Meade,2020-09-06 20:15:17.055465,1,2342,344,213
Mellette,2020-09-06 20:15:17.055465,0,410,25,24
Miner,2020-09-06 20:15:17.055465,0,293,17,17
Minnehaha,2020-09-06 20:15:17.055465,71,33122,5578,4864
Moody,2020-09-06 20:15:17.055465,0,750,55,37
Oglala Lakota,2020-09-06 20:15:17.055465,2,3103,195,158
Pennington,2020-09-06 20:15:17.055465,33,12811,1617,1140
Perkins,2020-09-06 20:15:17.055465,0,235,23,11
Potter,2020-09-06 20:15:17.055465,0,370,24,10
Roberts,2020-09-06 20:15:17.055465,1,2244,105,88
Sanborn,2020-09-06 20:15:17.055465,0,269,16,14
Spink,2020-09-06 20:15:17.055465,0,1346,67,40
Stanley,2020-09-06 20:15:17.055465,0,326,22,21
Sully,2020-09-06 20:15:17.055465,0,113,8,8
Todd,2020-09-06 20:15:17.055465,5,2525,87,73
Lincoln,2020-09-07 20:35:00.524075,2,8552,998,845
Lyman,2020-09-07 20:35:00.524075,3,1123,104,90
Marshall,2020-09-07 20:35:00.524075,0,561,19,17
McCook,2020-09-07 20:35:00.524075,1,763,60,44
McPherson,2020-09-07 20:35:00.524075,0,261,14,10
Meade,2020-09-07 20:35:00.524075,1,2344,348,230
Mellette,2020-09-07 20:35:00.524075,0,410,25,24
Miner,2020-09-07 20:35:00.524075,0,296,17,17
Minnehaha,2020-09-07 20:35:00.524075,71,33295,5601,4918
Moody,2020-09-07 20:35:00.524075,0,755,55,37
Oglala Lakota,2020-09-07 20:35:00.524075,2,3109,196,163
Pennington,2020-09-07 20:35:00.524075,33,12840,1635,1187
Perkins,2020-09-07 20:35:00.524075,0,243,22,11
Potter,2020-09-07 20:35:00.524075,0,372,25,12
Roberts,2020-09-07 20:35:00.524075,1,2250,105,89
Sanborn,2020-09-07 20:35:00.524075,0,271,16,14
Spink,2020-09-07 20:35:00.524075,0,1349,70,44
Stanley,2020-09-07 20:35:00.524075,0,328,23,22
Sully,2020-09-07 20:35:00.524075,0,113,8,8
Todd,2020-09-07 20:35:00.524075,5,2526,87,73
Lincoln,2020-09-08 20:10:39.758441,2,8593,1007,862
Lyman,2020-09-08 20:10:39.758441,3,1123,104,90
Marshall,2020-09-08 20:10:39.758441,0,565,20,17
McCook,2020-09-08 20:10:39.758441,1,769,61,48
McPherson,2020-09-08 20:10:39.758441,0,263,16,11
Meade,2020-09-08 20:10:39.758441,1,2344,346,247
Mellette,2020-09-08 20:10:39.758441,0,410,25,24
Miner,2020-09-08 20:10:39.758441,0,296,17,17
Minnehaha,2020-09-08 20:10:39.758441,71,33423,5625,4983
Moody,2020-09-08 20:10:39.758441,0,758,56,37
Oglala Lakota,2020-09-08 20:10:39.758441,2,3106,196,163
Pennington,2020-09-08 20:10:39.758441,33,12850,1642,1239
Perkins,2020-09-08 20:10:39.758441,0,246,24,12
Potter,2020-09-08 20:10:39.758441,0,379,25,15
Roberts,2020-09-08 20:10:39.758441,1,2255,105,91
Sanborn,2020-09-08 20:10:39.758441,0,273,16,14
Spink,2020-09-08 20:10:39.758441,0,1356,70,45
Stanley,2020-09-08 20:10:39.758441,0,329,23,22
Sully,2020-09-08 20:10:39.758441,0,113,8,8
Todd,2020-09-08 20:10:39.758441,5,2526,87,73
Lincoln,2020-09-09 20:11:27.829646,2,8711,1015,877
Lyman,2020-09-09 20:11:27.829646,3,1119,104,98
Marshall,2020-09-09 20:11:27.829646,0,566,21,17
McCook,2020-09-09 20:11:27.829646,1,772,61,49
McPherson,2020-09-09 20:11:27.829646,0,264,16,11
Meade,2020-09-09 20:11:27.829646,1,2354,348,269
Mellette,2020-09-09 20:11:27.829646,0,414,25,25
Miner,2020-09-09 20:11:27.829646,0,297,17,17
Minnehaha,2020-09-09 20:11:27.829646,71,33714,5653,5068
Moody,2020-09-09 20:11:27.829646,0,761,57,39
Oglala Lakota,2020-09-09 20:11:27.829646,2,3109,195,168
Pennington,2020-09-09 20:11:27.829646,33,12964,1666,1298
Perkins,2020-09-09 20:11:27.829646,0,247,24,16
Potter,2020-09-09 20:11:27.829646,0,382,25,15
Roberts,2020-09-09 20:11:27.829646,1,2266,107,92
Sanborn,2020-09-09 20:11:27.829646,0,274,15,14
Spink,2020-09-09 20:11:27.829646,0,1360,72,46
Stanley,2020-09-09 20:11:27.829646,0,330,23,22
Sully,2020-09-09 20:11:27.829646,0,113,8,8
Todd,2020-09-09 20:11:27.829646,5,2571,87,76
Lincoln,2020-09-10 20:37:21.523746,2,8813,1030,889
Lyman,2020-09-10 20:37:21.523746,3,1126,104,98
Marshall,2020-09-10 20:37:21.523746,0,566,22,18
McCook,2020-09-10 20:37:21.523746,1,778,66,49
McPherson,2020-09-10 20:37:21.523746,0,267,16,11
Meade,2020-09-10 20:37:21.523746,1,2372,364,277
Mellette,2020-09-10 20:37:21.523746,0,420,25,25
Miner,2020-09-10 20:37:21.523746,0,298,17,17
Minnehaha,2020-09-10 20:37:21.523746,72,33947,5689,5113
Moody,2020-09-10 20:37:21.523746,0,765,58,40
Oglala Lakota,2020-09-10 20:37:21.523746,2,3117,198,169
Pennington,2020-09-10 20:37:21.523746,33,13075,1701,1341
Perkins,2020-09-10 20:37:21.523746,0,247,24,17
Potter,2020-09-10 20:37:21.523746,0,381,26,15
Roberts,2020-09-10 20:37:21.523746,1,2287,109,94
Sanborn,2020-09-10 20:37:21.523746,0,276,15,14
Spink,2020-09-10 20:37:21.523746,0,1377,73,46
Stanley,2020-09-10 20:37:21.523746,0,333,23,22
Sully,2020-09-10 20:37:21.523746,0,113,8,8
Todd,2020-09-10 20:37:21.523746,5,2570,87,76
Lincoln,2020-09-11 20:34:29.341075,2,8923,1046,896
Lyman,2020-09-11 20:34:29.341075,3,1127,104,99
Marshall,2020-09-11 20:34:29.341075,0,569,22,18
McCook,2020-09-11 20:34:29.341075,1,789,67,53
McPherson,2020-09-11 20:34:29.341075,0,267,18,12
Meade,2020-09-11 20:34:29.341075,1,2387,371,283
Mellette,2020-09-11 20:34:29.341075,0,420,25,25
Miner,2020-09-11 20:34:29.341075,0,299,17,17
Minnehaha,2020-09-11 20:34:29.341075,72,34235,5772,5164
Moody,2020-09-11 20:34:29.341075,0,767,62,42
Oglala Lakota,2020-09-11 20:34:29.341075,2,3122,198,171
Pennington,2020-09-11 20:34:29.341075,33,13192,1731,1369
Perkins,2020-09-11 20:34:29.341075,0,247,24,17
Potter,2020-09-11 20:34:29.341075,0,386,27,15
Roberts,2020-09-11 20:34:29.341075,1,2310,110,97
Sanborn,2020-09-11 20:34:29.341075,0,277,16,14
Spink,2020-09-11 20:34:29.341075,0,1376,78,51
Stanley,2020-09-11 20:34:29.341075,0,339,23,22
Sully,2020-09-11 20:34:29.341075,0,113,8,8
Todd,2020-09-11 20:34:29.341075,5,2565,90,77
Lincoln,2020-09-12 20:16:43.726638,2,8977,1064,914
Lyman,2020-09-12 20:16:43.726638,3,1134,106,99
Marshall,2020-09-12 20:16:43.726638,0,570,24,18
McCook,2020-09-12 20:16:43.726638,1,795,68,55
McPherson,2020-09-12 20:16:43.726638,0,270,18,12
Meade,2020-09-12 20:16:43.726638,2,2411,378,295
Mellette,2020-09-12 20:16:43.726638,0,420,25,25
Miner,2020-09-12 20:16:43.726638,0,300,17,17
Minnehaha,2020-09-12 20:16:43.726638,74,34555,5839,5216
Moody,2020-09-12 20:16:43.726638,0,778,63,47
Oglala Lakota,2020-09-12 20:16:43.726638,3,3125,200,180
Pennington,2020-09-12 20:16:43.726638,33,13268,1766,1408
Perkins,2020-09-12 20:16:43.726638,0,247,24,18
Potter,2020-09-12 20:16:43.726638,0,384,28,16
Roberts,2020-09-12 20:16:43.726638,1,2339,122,97
Sanborn,2020-09-12 20:16:43.726638,0,278,16,14
Spink,2020-09-12 20:16:43.726638,0,1376,79,52
Stanley,2020-09-12 20:16:43.726638,0,342,25,22
Sully,2020-09-12 20:16:43.726638,0,113,8,8
Todd,2020-09-12 20:16:43.726638,5,2595,90,78
Lincoln,2020-09-13 20:15:57.185196,2,9051,1079,924
Lyman,2020-09-13 20:15:57.185196,3,1136,106,101
Marshall,2020-09-13 20:15:57.185196,0,574,26,18
McCook,2020-09-13 20:15:57.185196,1,800,70,56
McPherson,2020-09-13 20:15:57.185196,0,273,19,11
Meade,2020-09-13 20:15:57.185196,3,2424,384,302
Mellette,2020-09-13 20:15:57.185196,0,420,25,25
Miner,2020-09-13 20:15:57.185196,0,301,19,17
Minnehaha,2020-09-13 20:15:57.185196,74,34852,5874,5259
Moody,2020-09-13 20:15:57.185196,0,787,63,50
Oglala Lakota,2020-09-13 20:15:57.185196,3,3151,203,181
Pennington,2020-09-13 20:15:57.185196,33,13331,1795,1442
Perkins,2020-09-13 20:15:57.185196,0,247,24,19
Potter,2020-09-13 20:15:57.185196,0,387,30,17
Roberts,2020-09-13 20:15:57.185196,1,2349,123,97
Sanborn,2020-09-13 20:15:57.185196,0,279,17,15
Spink,2020-09-13 20:15:57.185196,0,1383,83,53
Stanley,2020-09-13 20:15:57.185196,0,344,27,22
Sully,2020-09-13 20:15:57.185196,0,116,8,8
Todd,2020-09-13 20:15:57.185196,5,2597,91,78
Lincoln,2020-09-14 20:14:29.329851,2,9100,1087,932
Lyman,2020-09-14 20:14:29.329851,3,1142,107,101
Marshall,2020-09-14 20:14:29.329851,0,578,27,18
McCook,2020-09-14 20:14:29.329851,1,804,71,57
McPherson,2020-09-14 20:14:29.329851,0,274,19,13
Meade,2020-09-14 20:14:29.329851,3,2440,392,305
Mellette,2020-09-14 20:14:29.329851,0,422,25,25
Miner,2020-09-14 20:14:29.329851,0,303,19,17
Minnehaha,2020-09-14 20:14:29.329851,74,35042,5898,5283
Moody,2020-09-14 20:14:29.329851,0,790,63,50
Oglala Lakota,2020-09-14 20:14:29.329851,3,3162,205,182
Pennington,2020-09-14 20:14:29.329851,33,13382,1814,1455
Perkins,2020-09-14 20:14:29.329851,0,253,24,19
Potter,2020-09-14 20:14:29.329851,0,390,30,19
Roberts,2020-09-14 20:14:29.329851,1,2370,126,97
Sanborn,2020-09-14 20:14:29.329851,0,284,17,15
Spink,2020-09-14 20:14:29.329851,0,1393,83,53
Stanley,2020-09-14 20:14:29.329851,0,348,27,22
Sully,2020-09-14 20:14:29.329851,0,116,8,8
Todd,2020-09-14 20:14:29.329851,5,2608,92,79
Lincoln,2020-09-16 09:20:13.612598,2,9162,1108,954
Lyman,2020-09-16 09:20:13.612598,3,1129,107,103
Marshall,2020-09-16 09:20:13.612598,0,581,28,18
McCook,2020-09-16 09:20:13.612598,1,807,75,58
McPherson,2020-09-16 09:20:13.612598,0,275,19,14
Meade,2020-09-16 09:20:13.612598,3,2453,405,319
Mellette,2020-09-16 09:20:13.612598,0,425,25,25
Miner,2020-09-16 09:20:13.612598,0,306,19,17
Minnehaha,2020-09-16 09:20:13.612598,74,35224,5938,5337
Moody,2020-09-16 09:20:13.612598,0,793,63,51
Oglala Lakota,2020-09-16 09:20:13.612598,3,3156,206,183
Pennington,2020-09-16 09:20:13.612598,33,13387,1841,1490
Perkins,2020-09-16 09:20:13.612598,0,253,25,20
Potter,2020-09-16 09:20:13.612598,0,395,31,20
Roberts,2020-09-16 09:20:13.612598,1,2361,128,99
Sanborn,2020-09-16 09:20:13.612598,0,287,17,15
Spink,2020-09-16 09:20:13.612598,0,1387,83,56
Stanley,2020-09-16 09:20:13.612598,0,351,27,23
Sully,2020-09-16 09:20:13.612598,0,117,8,8
Todd,2020-09-16 09:20:13.612598,5,2619,92,82
Lincoln,2020-09-16 20:20:32.628227,2,9257,1142,963
Lyman,2020-09-16 20:20:32.628227,3,1134,107,103
Marshall,2020-09-16 20:20:32.628227,0,588,29,18
McCook,2020-09-16 20:20:32.628227,1,812,77,60
McPherson,2020-09-16 20:20:32.628227,0,276,20,16
Meade,2020-09-16 20:20:32.628227,3,2817,416,323
Mellette,2020-09-16 20:20:32.628227,0,430,27,25
Miner,2020-09-16 20:20:32.628227,0,309,19,17
Minnehaha,2020-09-16 20:20:32.628227,76,35481,5992,5372
Moody,2020-09-16 20:20:32.628227,0,803,63,52
Oglala Lakota,2020-09-16 20:20:32.628227,3,3166,213,189
Pennington,2020-09-16 20:20:32.628227,34,14138,1862,1514
Perkins,2020-09-16 20:20:32.628227,0,260,27,21
Potter,2020-09-16 20:20:32.628227,0,397,31,20
Roberts,2020-09-16 20:20:32.628227,1,2384,131,102
Sanborn,2020-09-16 20:20:32.628227,0,287,17,15
Spink,2020-09-16 20:20:32.628227,0,1391,83,61
Stanley,2020-09-16 20:20:32.628227,0,356,27,23
Sully,2020-09-16 20:20:32.628227,0,118,8,8
Todd,2020-09-16 20:20:32.628227,5,2625,97,82
Lincoln,2020-09-17 20:27:03.291699,2,9320,1150,978
Lyman,2020-09-17 20:27:03.291699,3,1146,109,103
Marshall,2020-09-17 20:27:03.291699,0,589,31,18
McCook,2020-09-17 20:27:03.291699,1,819,78,62
McPherson,2020-09-17 20:27:03.291699,0,279,22,16
Meade,2020-09-17 20:27:03.291699,3,2842,422,330
Mellette,2020-09-17 20:27:03.291699,0,436,29,25
Miner,2020-09-17 20:27:03.291699,0,310,19,18
Minnehaha,2020-09-17 20:27:03.291699,76,35753,6033,5422
Moody,2020-09-17 20:27:03.291699,0,810,65,55
Oglala Lakota,2020-09-17 20:27:03.291699,3,3259,215,191
Pennington,2020-09-17 20:27:03.291699,34,14202,1897,1540
Perkins,2020-09-17 20:27:03.291699,0,270,27,21
Potter,2020-09-17 20:27:03.291699,0,399,33,21
Roberts,2020-09-17 20:27:03.291699,1,2407,139,104
Sanborn,2020-09-17 20:27:03.291699,0,292,17,15
Spink,2020-09-17 20:27:03.291699,0,1397,92,66
Stanley,2020-09-17 20:27:03.291699,0,361,28,23
Sully,2020-09-17 20:27:03.291699,0,119,9,8
Todd,2020-09-17 20:27:03.291699,5,2622,100,82
Lincoln,2020-09-18 20:14:28.026749,2,9408,1169,995
Lyman,2020-09-18 20:14:28.026749,3,1151,109,103
Marshall,2020-09-18 20:14:28.026749,0,602,33,20
McCook,2020-09-18 20:14:28.026749,1,827,78,63
McPherson,2020-09-18 20:14:28.026749,0,283,25,16
Meade,2020-09-18 20:14:28.026749,4,2877,430,334
Mellette,2020-09-18 20:14:28.026749,0,440,30,25
Miner,2020-09-18 20:14:28.026749,0,311,19,19
Minnehaha,2020-09-18 20:14:28.026749,76,36222,6105,5462
Moody,2020-09-18 20:14:28.026749,0,817,68,56
Oglala Lakota,2020-09-18 20:14:28.026749,3,3327,215,192
Pennington,2020-09-18 20:14:28.026749,34,14291,1926,1563
Perkins,2020-09-18 20:14:28.026749,0,277,28,21
Potter,2020-09-18 20:14:28.026749,0,402,33,21
Roberts,2020-09-18 20:14:28.026749,1,2485,139,106
Sanborn,2020-09-18 20:14:28.026749,0,289,17,15
Spink,2020-09-18 20:14:28.026749,0,1399,97,70
Stanley,2020-09-18 20:14:28.026749,0,374,29,24
Sully,2020-09-18 20:14:28.026749,0,122,9,8
Todd,2020-09-18 20:14:28.026749,5,2624,102,83
Lincoln,2020-09-19 21:06:28.754317,2,9479,1190,1012
Lyman,2020-09-19 21:06:28.754317,3,1158,110,103
Marshall,2020-09-19 21:06:28.754317,0,608,33,23
McCook,2020-09-19 21:06:28.754317,1,839,80,64
McPherson,2020-09-19 21:06:28.754317,0,285,27,16
Meade,2020-09-19 21:06:28.754317,4,2892,444,343
Mellette,2020-09-19 21:06:28.754317,0,444,29,25
Miner,2020-09-19 21:06:28.754317,0,313,19,19
Minnehaha,2020-09-19 21:06:28.754317,76,36557,6170,5491
Moody,2020-09-19 21:06:28.754317,0,821,69,58
Oglala Lakota,2020-09-19 21:06:28.754317,3,3395,219,193
Pennington,2020-09-19 21:06:28.754317,35,14387,1960,1588
Perkins,2020-09-19 21:06:28.754317,0,280,28,21
Potter,2020-09-19 21:06:28.754317,0,410,35,21
Roberts,2020-09-19 21:06:28.754317,1,2526,148,110
Sanborn,2020-09-19 21:06:28.754317,0,292,18,17
Spink,2020-09-19 21:06:28.754317,0,1403,102,73
Stanley,2020-09-19 21:06:28.754317,0,377,32,25
Sully,2020-09-19 21:06:28.754317,0,123,9,8
Todd,2020-09-19 21:06:28.754317,5,2626,104,84
Lincoln,2020-09-20 19:41:15.057197,2,9545,1204,1033
Lyman,2020-09-20 19:41:15.057197,3,1163,111,103
Marshall,2020-09-20 19:41:15.057197,0,612,35,26
McCook,2020-09-20 19:41:15.057197,1,845,83,67
McPherson,2020-09-20 19:41:15.057197,0,286,27,17
Meade,2020-09-20 19:41:15.057197,4,2931,453,358
Mellette,2020-09-20 19:41:15.057197,0,445,29,25
Miner,2020-09-20 19:41:15.057197,0,315,19,19
Minnehaha,2020-09-20 19:41:15.057197,78,36822,6216,5582
Moody,2020-09-20 19:41:15.057197,0,824,70,59
Oglala Lakota,2020-09-20 19:41:15.057197,3,3446,222,194
Pennington,2020-09-20 19:41:15.057197,35,14471,1984,1641
Perkins,2020-09-20 19:41:15.057197,0,288,30,21
Potter,2020-09-20 19:41:15.057197,0,443,37,23
Roberts,2020-09-20 19:41:15.057197,1,2522,157,117
Sanborn,2020-09-20 19:41:15.057197,0,294,19,17
Spink,2020-09-20 19:41:15.057197,0,1403,106,75
Stanley,2020-09-20 19:41:15.057197,0,382,32,25
Sully,2020-09-20 19:41:15.057197,0,124,9,8
Todd,2020-09-20 19:41:15.057197,5,2625,104,85
Lincoln,2020-09-21 20:52:22.333923,2,9578,1212,1045
Lyman,2020-09-21 20:52:22.333923,3,1162,112,103
Marshall,2020-09-21 20:52:22.333923,0,618,35,26
McCook,2020-09-21 20:52:22.333923,1,847,83,67
McPherson,2020-09-21 20:52:22.333923,0,286,27,17
Meade,2020-09-21 20:52:22.333923,4,2952,462,358
Mellette,2020-09-21 20:52:22.333923,0,445,29,25
Miner,2020-09-21 20:52:22.333923,0,320,19,19
Minnehaha,2020-09-21 20:52:22.333923,78,36927,6231,5641
Moody,2020-09-21 20:52:22.333923,0,830,71,59
Oglala Lakota,2020-09-21 20:52:22.333923,3,3456,229,194
Pennington,2020-09-21 20:52:22.333923,35,14541,2004,1647
Perkins,2020-09-21 20:52:22.333923,0,290,30,21
Potter,2020-09-21 20:52:22.333923,0,447,39,24
Roberts,2020-09-21 20:52:22.333923,1,2517,163,118
Sanborn,2020-09-21 20:52:22.333923,0,297,20,17
Spink,2020-09-21 20:52:22.333923,0,1405,106,77
Stanley,2020-09-21 20:52:22.333923,0,386,32,25
Sully,2020-09-21 20:52:22.333923,0,125,9,8
Todd,2020-09-21 20:52:22.333923,5,2629,105,85
Lincoln,2020-09-22 20:31:29.962313,2,9661,1223,1061
Lyman,2020-09-22 20:31:29.962313,3,1154,112,104
Marshall,2020-09-22 20:31:29.962313,0,623,37,27
McCook,2020-09-22 20:31:29.962313,1,859,85,69
McPherson,2020-09-22 20:31:29.962313,0,291,29,21
Meade,2020-09-22 20:31:29.962313,4,2982,475,374
Mellette,2020-09-22 20:31:29.962313,0,454,29,26
Miner,2020-09-22 20:31:29.962313,0,322,19,19
Minnehaha,2020-09-22 20:31:29.962313,78,37310,6293,5715
Moody,2020-09-22 20:31:29.962313,0,833,75,62
Oglala Lakota,2020-09-22 20:31:29.962313,3,3442,228,197
Pennington,2020-09-22 20:31:29.962313,35,14628,2041,1707
Perkins,2020-09-22 20:31:29.962313,0,299,34,24
Potter,2020-09-22 20:31:29.962313,0,448,39,25
Roberts,2020-09-22 20:31:29.962313,1,2510,163,119
Sanborn,2020-09-22 20:31:29.962313,0,297,22,17
Spink,2020-09-22 20:31:29.962313,0,1411,113,86
Stanley,2020-09-22 20:31:29.962313,0,388,32,27
Sully,2020-09-22 20:31:29.962313,0,127,9,8
Todd,2020-09-22 20:31:29.962313,5,2676,108,89
Lincoln,2020-09-23 20:15:32.868954,2,9765,1251,1071
Lyman,2020-09-23 20:15:32.868954,3,1174,120,105
Marshall,2020-09-23 20:15:32.868954,0,627,38,29
McCook,2020-09-23 20:15:32.868954,1,862,88,69
McPherson,2020-09-23 20:15:32.868954,0,293,29,21
Meade,2020-09-23 20:15:32.868954,4,3021,487,378
Mellette,2020-09-23 20:15:32.868954,0,455,30,26
Miner,2020-09-23 20:15:32.868954,0,330,19,19
Minnehaha,2020-09-23 20:15:32.868954,78,37746,6383,5739
Moody,2020-09-23 20:15:32.868954,0,838,78,63
Oglala Lakota,2020-09-23 20:15:32.868954,3,3458,235,199
Pennington,2020-09-23 20:15:32.868954,35,14767,2091,1728
Perkins,2020-09-23 20:15:32.868954,0,300,36,26
Potter,2020-09-23 20:15:32.868954,0,455,40,27
Roberts,2020-09-23 20:15:32.868954,1,2543,167,123
Sanborn,2020-09-23 20:15:32.868954,0,304,23,18
Spink,2020-09-23 20:15:32.868954,0,1458,115,87
Stanley,2020-09-23 20:15:32.868954,0,391,34,27
Sully,2020-09-23 20:15:32.868954,0,127,9,8
Todd,2020-09-23 20:15:32.868954,5,2672,112,91
Lincoln,2020-09-24 20:19:16.544413,2,9841,1264,1091
Lyman,2020-09-24 20:19:16.544413,3,1181,127,105
Marshall,2020-09-24 20:19:16.544413,0,628,37,29
McCook,2020-09-24 20:19:16.544413,1,863,91,70
McPherson,2020-09-24 20:19:16.544413,0,293,29,22
Meade,2020-09-24 20:19:16.544413,4,3071,500,387
Mellette,2020-09-24 20:19:16.544413,0,455,30,27
Miner,2020-09-24 20:19:16.544413,0,334,19,19
Minnehaha,2020-09-24 20:19:16.544413,80,37972,6453,5807
Moody,2020-09-24 20:19:16.544413,0,838,83,63
Oglala Lakota,2020-09-24 20:19:16.544413,3,3543,243,200
Pennington,2020-09-24 20:19:16.544413,36,14923,2142,1754
Perkins,2020-09-24 20:19:16.544413,0,304,36,27
Potter,2020-09-24 20:19:16.544413,0,458,42,27
Roberts,2020-09-24 20:19:16.544413,1,2578,174,127
Sanborn,2020-09-24 20:19:16.544413,0,307,24,18
Spink,2020-09-24 20:19:16.544413,0,1468,120,91
Stanley,2020-09-24 20:19:16.544413,0,396,36,28
Sully,2020-09-24 20:19:16.544413,0,127,9,8
Todd,2020-09-24 20:19:16.544413,5,2668,118,92
Lincoln,2020-09-25 20:24:09.988534,2,9931,1296,1114
Lyman,2020-09-25 20:24:09.988534,3,1212,146,107
Marshall,2020-09-25 20:24:09.988534,0,631,38,30
McCook,2020-09-25 20:24:09.988534,1,867,92,73
McPherson,2020-09-25 20:24:09.988534,0,299,31,26
Meade,2020-09-25 20:24:09.988534,5,3096,509,391
Mellette,2020-09-25 20:24:09.988534,0,457,30,27
Miner,2020-09-25 20:24:09.988534,0,334,20,19
Minnehaha,2020-09-25 20:24:09.988534,81,38417,6508,5852
Moody,2020-09-25 20:24:09.988534,0,848,85,64
Oglala Lakota,2020-09-25 20:24:09.988534,3,3657,252,202
Pennington,2020-09-25 20:24:09.988534,36,15121,2198,1778
Perkins,2020-09-25 20:24:09.988534,0,306,37,27
Potter,2020-09-25 20:24:09.988534,0,462,42,29
Roberts,2020-09-25 20:24:09.988534,1,2639,181,129
Sanborn,2020-09-25 20:24:09.988534,0,310,27,18
Spink,2020-09-25 20:24:09.988534,0,1475,124,92
Stanley,2020-09-25 20:24:09.988534,0,407,40,29
Sully,2020-09-25 20:24:09.988534,0,130,10,8
Todd,2020-09-25 20:24:09.988534,5,2673,122,92
