"","","Cases by Race and Ethnicity","","","","","","","","","","","","","","","","",""
"","","Not Hispanic","","","","","","Hispanic","","","","","","Unknown Ethnicity","","","","",""
"County","Total Cases","Black or African 
American","White","American 
Indian or Alaska 
Native","Asian","Other","Unknown","Black or African 
American","White","American 
Indian or Alaska 
Native","Asian","Other","Unknown","Black or African 
American","White","American 
Indian or Alaska 
Native","Asian","Other","Unknown"
"WINSTON","723","221","135","0","0","5","1","2","0","0","0","2","0","139","137","6","0","9","66"
"YALOBUSHA","416","158","93","0","0","5","0","1","2","0","0","0","0","21","16","0","0","7","113"
"YAZOO","1036","549","138","3","2","2","4","4","33","0","0","2","1","83","18","0","2","50","145"
"Total","93087","29502","25207","486","258","1013","415","116","810","16","11","1658","115","7398","7209","778","70","4532","13493"
