state,stateAbbrev,date,Hospitalizations,Deaths,Cases,Tested,Age_Cases [0-17],Age_Cases [18-59],Age_Cases [60+],Age_Cases [Unknown],Sex_Cases [Female],Sex_Cases [Unknown],Sex_Cases [Male],Race_Cases [American Indian/Alaska Native],Race_Cases [Asian],Race_Cases [African-American/Black],Race_Cases [Native Hawaiian/Pacific Islander],Race_Cases [Other],Race_Cases [Unknown],Race_Cases [White],Ethnicity_Cases [Hispanic/Latino],Ethnicity_Cases [Non-Hispanic/Latino],Ethnicity_Cases [Unknown],Race_Deaths [American Indian/Alaska Native],Race_Deaths [Asian],Race_Deaths [African-American/Black],Race_Deaths [Native Hawaiian/Pacific Islander],Race_Deaths [Other],Race_Deaths [Unknown],Race_Deaths [White],Ethnicity_Deaths [Hispanic/Latino],Ethnicity_Deaths [Non-Hispanic/Latino],Ethnicity_Deaths [Unknown],pullTime,ICU,Age_Cases [0-1],Age_Cases [01-04],Age_Cases [05-09],Age_Cases [10-17],Age_Cases [18-29],Age_Cases [30-39],Age_Cases [40-49],Age_Cases [50-59],Age_Cases [60-69],Age_Cases [70-79],Age_Cases [80+],Age_Cases [Missing/Unknown],Age_Deaths [0-1],Age_Deaths [01-04],Age_Deaths [05-09],Age_Deaths [10-17],Age_Deaths [18-29],Age_Deaths [30-39],Age_Deaths [40-49],Age_Deaths [50-59],Age_Deaths [60-69],Age_Deaths [70-79],Age_Deaths [80+],Age_Deaths [Missing/Unknown],Age_Hospitalizations [0-1],Age_Hospitalizations [01-04],Age_Hospitalizations [05-09],Age_Hospitalizations [10-17],Age_Hospitalizations [18-29],Age_Hospitalizations [30-39],Age_Hospitalizations [40-49],Age_Hospitalizations [50-59],Age_Hospitalizations [60-69],Age_Hospitalizations [70-79],Age_Hospitalizations [80+],Age_Hospitalizations [Missing/Unknown],Ethnicity_Hospitalizations [Hispanic/Latino],Ethnicity_Hospitalizations [Non-Hispanic/Latino],Ethnicity_Hospitalizations [Unknown],Race_Hospitalizations [African-American/Black],Race_Hospitalizations [American Indian/Alaska Native],Race_Hospitalizations [Asian],Race_Hospitalizations [Native Hawaiian/Pacific Islander],Race_Hospitalizations [Other],Race_Hospitalizations [Unknown],Race_Hospitalizations [White],Age_Deaths [Unknown],Age_Hospitalizations [Unknown]
Georgia,GA,2020-03-14,,1,42,,1.0,20.0,19.0,2.0,,,,,,,,,,,,,,,,,,,,,,,,2020-03-30 10:00:00,,,,,,,,,,,,,,,,,,,,,,,,,,,,,,,,,,,,,,,,,,,,,,,,,
Georgia,GA,2020-03-15,,1,66,,1.0,28.0,35.0,2.0,,,,,,,,,,,,,,,,,,,,,,,,2020-03-30 10:00:00,,,,,,,,,,,,,,,,,,,,,,,,,,,,,,,,,,,,,,,,,,,,,,,,,
Georgia,GA,2020-03-16,,1,121,,2.0,53.0,53.0,13.0,,,,,,,,,,,,,,,,,,,,,,,,2020-03-30 10:00:00,,,,,,,,,,,,,,,,,,,,,,,,,,,,,,,,,,,,,,,,,,,,,,,,,
Georgia,GA,2020-03-17,,1,146,,1.0,67.0,58.0,19.0,,,,,,,,,,,,,,,,,,,,,,,,2020-03-30 10:00:00,,,,,,,,,,,,,,,,,,,,,,,,,,,,,,,,,,,,,,,,,,,,,,,,,
Georgia,GA,2020-03-18,,1,197,1065.0,4.0,85.0,77.0,32.0,,,,,,,,,,,,,,,,,,,,,,,,2020-03-30 10:00:00,,,,,,,,,,,,,,,,,,,,,,,,,,,,,,,,,,,,,,,,,,,,,,,,,
Georgia,GA,2020-03-19,,10,287,1323.0,3.0,132.0,100.0,52.0,,,,,,,,,,,,,,,,,,,,,,,,2020-03-30 10:00:00,,,,,,,,,,,,,,,,,,,,,,,,,,,,,,,,,,,,,,,,,,,,,,,,,
Georgia,GA,2020-03-20,,13,420,1682.0,4.0,172.0,139.0,105.0,,,,,,,,,,,,,,,,,,,,,,,,2020-03-30 10:00:00,,,,,,,,,,,,,,,,,,,,,,,,,,,,,,,,,,,,,,,,,,,,,,,,,
Georgia,GA,2020-03-21,,20,555,2798.0,6.0,228.0,178.0,144.0,,,,,,,,,,,,,,,,,,,,,,,,2020-03-30 10:00:00,,,,,,,,,,,,,,,,,,,,,,,,,,,,,,,,,,,,,,,,,,,,,,,,,
Georgia,GA,2020-03-22,,25,620,3099.0,6.0,372.0,223.0,19.0,,,,,,,,,,,,,,,,,,,,,,,,2020-03-30 10:00:00,,,,,,,,,,,,,,,,,,,,,,,,,,,,,,,,,,,,,,,,,,,,,,,,,
Georgia,GA,2020-03-23,,26,800,3824.0,8.0,472.0,288.0,32.0,,,,,,,,,,,,,,,,,,,,,,,,2020-03-30 10:00:00,,,,,,,,,,,,,,,,,,,,,,,,,,,,,,,,,,,,,,,,,,,,,,,,,
Georgia,GA,2020-03-24,,38,1097,4106.0,11.0,614.0,384.0,88.0,,,,,,,,,,,,,,,,,,,,,,,,2020-03-30 10:00:00,,,,,,,,,,,,,,,,,,,,,,,,,,,,,,,,,,,,,,,,,,,,,,,,,
Georgia,GA,2020-03-25,,47,1387,4697.0,14.0,832.0,499.0,42.0,,,,,,,,,,,,,,,,,,,,,,,,2020-03-30 10:00:00,,,,,,,,,,,,,,,,,,,,,,,,,,,,,,,,,,,,,,,,,,,,,,,,,
Georgia,GA,2020-03-26,,47,1387,4697.0,14.0,832.0,499.0,42.0,,,,,,,,,,,,,,,,,,,,,,,,2020-03-30 10:00:00,,,,,,,,,,,,,,,,,,,,,,,,,,,,,,,,,,,,,,,,,,,,,,,,,
Georgia,GA,2020-03-27,,56,1643,7302.0,16.0,937.0,575.0,115.0,,,,,,,,,,,,,,,,,,,,,,,,2020-03-30 10:00:00,,,,,,,,,,,,,,,,,,,,,,,,,,,,,,,,,,,,,,,,,,,,,,,,,
Georgia,GA,2020-03-28,660.0,79,2446,11051.0,24.0,1370.0,856.0,196.0,1199.0,98.0,1150.0,,,,,,,,,,,,,,,,,,,,,2020-03-28 00:00:00,,,,,,,,,,,,,,,,,,,,,,,,,,,,,,,,,,,,,,,,,,,,,,,,,
Georgia,GA,2020-03-29,678.0,83,2683,12564.0,27.0,1502.0,939.0,215.0,1315.0,80.0,1288.0,,,,,,,,,,,,,,,,,,,,,2020-03-29 00:00:00,,,,,,,,,,,,,,,,,,,,,,,,,,,,,,,,,,,,,,,,,,,,,,,,,
Georgia,GA,2020-03-30,773.0,102,3032,13457.0,30.0,1728.0,1061.0,212.0,1516.0,61.0,1455.0,,,,,,,,,,,,,,,,,,,,,2020-03-30 00:00:00,,,,,,,,,,,,,,,,,,,,,,,,,,,,,,,,,,,,,,,,,,,,,,,,,
Georgia,GA,2020-03-31,885.0,125,4117,16181.0,41.0,2388.0,1441.0,247.0,1853.0,124.0,1729.0,,,,,,,,,,,,,,,,,,,,,2020-03-31 00:00:00,,,,,,,,,,,,,,,,,,,,,,,,,,,,,,,,,,,,,,,,,,,,,,,,,
Georgia,GA,2020-04-01,1013.0,154,4748,20328.0,47.0,2754.0,1662.0,285.0,2421.0,142.0,2184.0,,,,,,,,,,,,,,,,,,,,,2020-04-01 00:00:00,,,,,,,,,,,,,,,,,,,,,,,,,,,,,,,,,,,,,,,,,,,,,,,,,
Georgia,GA,2020-04-02,1129.0,176,5444,22957.0,54.0,3158.0,1960.0,272.0,2831.0,109.0,2504.0,,,,,,,,,,,,,,,,,,,,,2020-04-02 00:00:00,,,,,,,,,,,,,,,,,,,,,,,,,,,,,,,,,,,,,,,,,,,,,,,,,
Georgia,GA,2020-04-03,1222.0,198,5967,25265.0,60.0,3521.0,2088.0,298.0,3103.0,119.0,2745.0,,,,,,,,,,,,,,,,,,,,,2020-04-03 00:00:00,,,,,,,,,,,,,,,,,,,,,,,,,,,,,,,,,,,,,,,,,,,,,,,,,
Georgia,GA,2020-04-04,1266.0,208,6383,26294.0,64.0,3766.0,2298.0,255.0,3319.0,128.0,2936.0,,,,,,,,,,,,,,,,,,,,,2020-04-04 00:00:00,,,,,,,,,,,,,,,,,,,,,,,,,,,,,,,,,,,,,,,,,,,,,,,,,
Georgia,GA,2020-04-05,1296.0,219,6742,27832.0,67.0,3978.0,2427.0,270.0,3506.0,135.0,3101.0,,,,,,,,,,,,,,,,,,,,,2020-04-05 00:00:00,,,,,,,,,,,,,,,,,,,,,,,,,,,,,,,,,,,,,,,,,,,,,,,,,
Georgia,GA,2020-04-06,1393.0,294,7558,31274.0,76.0,4535.0,2645.0,302.0,4006.0,151.0,3401.0,,,,,,,,,,,,,,,,,,,,,2020-04-06 00:00:00,,,,,,,,,,,,,,,,,,,,,,,,,,,,,,,,,,,,,,,,,,,,,,,,,
Georgia,GA,2020-04-07,1899.0,348,9156,33785.0,92.0,5402.0,3296.0,366.0,4853.0,183.0,4120.0,,,,,,,,,,,,,,,,,,,,,2020-04-07 00:00:00,,,,,,,,,,,,,,,,,,,,,,,,,,,,,,,,,,,,,,,,,,,,,,,,,
Georgia,GA,2020-04-08,2082.0,369,10189,38787.0,102.0,6113.0,3566.0,408.0,5502.0,204.0,4483.0,,,,,,,,,,,,,,,,,,,,,2020-04-08 00:00:00,,,,,,,,,,,,,,,,,,,,,,,,,,,,,,,,,,,,,,,,,,,,,,,,,
Georgia,GA,2020-04-09,2298.0,412,10885,41085.0,109.0,6531.0,3810.0,435.0,5878.0,218.0,4789.0,10.0,73.0,2315.0,7.0,159.0,6576.0,1727.0,300.0,3636.0,6949.0,,,,,,,,,,,2020-04-09 00:00:00,,,,,,,,,,,,,,,,,,,,,,,,,,,,,,,,,,,,,,,,,,,,,,,,,
Georgia,GA,2020-04-10,2454.0,425,11859,46147.0,119.0,7234.0,4151.0,356.0,6404.0,237.0,5218.0,10.0,80.0,2579.0,7.0,179.0,7078.0,1898.0,349.0,4060.0,7450.0,,,,,,,,,,,2020-04-10 00:00:00,,,,,,,,,,,,,,,,,,,,,,,,,,,,,,,,,,,,,,,,,,,,,,,,,
Georgia,GA,2020-04-11,2491.0,432,12261,51715.0,123.0,7479.0,4291.0,368.0,6621.0,245.0,5395.0,10.0,85.0,2671.0,7.0,185.0,7307.0,1967.0,366.0,4191.0,7704.0,,,,,,,,,,,2020-04-11 00:00:00,,,,,,,,,,,,,,,,,,,,,,,,,,,,,,,,,,,,,,,,,,,,,,,,,
Georgia,GA,2020-04-12,2518.0,442,12550,54453.0,126.0,7656.0,4392.0,376.0,6777.0,251.0,5522.0,10.0,86.0,2741.0,7.0,186.0,7469.0,2023.0,372.0,4299.0,7879.0,,,,,,,,,,,2020-04-12 00:00:00,,,,,,,,,,,,,,,,,,,,,,,,,,,,,,,,,,,,,,,,,,,,,,,,,
Georgia,GA,2020-04-13,2702.0,480,13621,57038.0,136.0,8173.0,4767.0,545.0,7355.0,272.0,5993.0,12.0,102.0,3008.0,8.0,220.0,8007.0,2231.0,449.0,4766.0,8406.0,1.0,6.0,244.0,0.0,7.0,41.0,181.0,14.0,419.0,47.0,2020-04-13 00:00:00,,,,,,,,,,,,,,,,,,,,,,,,,,,,,,,,,,,,,,,,,,,,,,,,,
Georgia,GA,2020-04-14,2858.0,524,14578,61795.0,146.0,8747.0,5102.0,583.0,7872.0,292.0,6414.0,12.0,118.0,3422.0,10.0,33.0,8554.0,2429.0,513.0,5187.0,8878.0,1.0,8.0,273.0,0.0,0.0,48.0,194.0,15.0,457.0,52.0,2020-04-14 00:00:00,,,,,,,,,,,,,,,,,,,,,,,,,,,,,,,,,,,,,,,,,,,,,,,,,
Georgia,GA,2020-04-15,3006.0,576,15260,64099.0,153.0,9156.0,5341.0,610.0,8240.0,305.0,6714.0,12.0,131.0,3780.0,10.0,98.0,8584.0,2645.0,568.0,5630.0,9062.0,1.0,8.0,299.0,0.0,7.0,45.0,216.0,20.0,503.0,53.0,2020-04-15 00:00:00,,,,,,,,,,,,,,,,,,,,,,,,,,,,,,,,,,,,,,,,,,,,,,,,,
Georgia,GA,2020-04-16,3260.0,617,16368,67939.0,164.0,9984.0,5729.0,491.0,8839.0,327.0,7202.0,15.0,153.0,4339.0,10.0,229.0,8464.0,3158.0,712.0,6471.0,9185.0,1.0,8.0,321.0,0.0,8.0,46.0,233.0,19.0,537.0,61.0,2020-04-16 00:00:00,,,,,,,,,,,,,,,,,,,,,,,,,,,,,,,,,,,,,,,,,,,,,,,,,
Georgia,GA,2020-04-17,3395.0,668,17432,71693.0,174.0,10634.0,5927.0,697.0,9413.0,349.0,7670.0,16.0,169.0,4709.0,12.0,310.0,8741.0,3475.0,828.0,7004.0,9600.0,1.0,8.0,349.0,1.0,11.0,43.0,255.0,22.0,581.0,65.0,2020-04-17 00:00:00,,,,,,,,,,,,,,,,,,,,,,,,,,,,,,,,,,,,,,,,,,,,,,,,,
Georgia,GA,2020-04-18,3447.0,677,17841,74208.0,178.0,10883.0,6066.0,714.0,9634.0,357.0,7850.0,17.0,173.0,4808.0,13.0,336.0,8923.0,3571.0,853.0,7194.0,9794.0,1.0,9.0,355.0,1.0,10.0,42.0,259.0,23.0,592.0,62.0,2020-04-18 00:00:00,,,,,,,,,,,,,,,,,,,,,,,,,,,,,,,,,,,,,,,,,,,,,,,,,
Georgia,GA,2020-04-19,3426.0,681,18157,79933.0,182.0,11257.0,6173.0,545.0,9805.0,363.0,7989.0,17.0,177.0,4745.0,13.0,350.0,9274.0,3581.0,870.0,7188.0,10099.0,1.0,9.0,359.0,1.0,10.0,41.0,260.0,24.0,595.0,62.0,2020-04-19 00:00:00,,,,,,,,,,,,,,,,,,,,,,,,,,,,,,,,,,,,,,,,,,,,,,,,,
Georgia,GA,2020-04-20,3703.0,775,19399,84328.0,194.0,12027.0,6596.0,582.0,10475.0,388.0,8536.0,17.0,189.0,5292.0,16.0,463.0,9425.0,3997.0,991.0,7929.0,10479.0,1.0,10.0,412.0,1.0,9.0,49.0,293.0,26.0,675.0,74.0,2020-04-20 00:00:00,,,,,,,,,,,,,,,,,,,,,,,,,,,,,,,,,,,,,,,,,,,,,,,,,
Georgia,GA,2020-04-21,3885.0,818,20166,88140.0,202.0,12503.0,6856.0,605.0,10890.0,403.0,8873.0,18.0,201.0,5775.0,15.0,569.0,9197.0,4391.0,1088.0,8628.0,10450.0,1.0,9.0,430.0,1.0,10.0,44.0,323.0,27.0,729.0,62.0,2020-04-21 00:00:00,,,,,,,,,,,,,,,,,,,,,,,,,,,,,,,,,,,,,,,,,,,,,,,,,
Georgia,GA,2020-04-22,4018.0,846,21102,94072.0,422.0,13083.0,6964.0,633.0,11395.0,422.0,9285.0,17.0,246.0,6445.0,,699.0,8787.0,4908.0,1305.0,9332.0,10465.0,1.0,10.0,442.0,,10.0,48.0,335.0,27.0,749.0,70.0,2020-04-22 00:00:00,,,,,,,,,,,,,,,,,,,,,,,,,,,,,,,,,,,,,,,,,,,,,,,,,
Georgia,GA,2020-04-23,4154.0,881,21883,101062.0,438.0,13567.0,7440.0,438.0,11817.0,438.0,9629.0,20.0,271.0,7080.0,1.0,797.0,8355.0,5359.0,1452.0,10145.0,10286.0,1.0,12.0,474.0,0.0,11.0,27.0,356.0,30.0,812.0,39.0,2020-04-23 00:00:00,,,,,,,,,,,,,,,,,,,,,,,,,,,,,,,,,,,,,,,,,,,,,,,,,
Georgia,GA,2020-04-24,4322.0,899,22491,107176.0,450.0,13944.0,7647.0,450.0,12145.0,450.0,9896.0,23.0,285.0,7528.0,3.0,874.0,8003.0,5775.0,1573.0,10817.0,10101.0,1.0,14.0,472.0,0.0,12.0,26.0,374.0,31.0,826.0,42.0,2020-04-24 00:00:00,,,,,,,,,,,,,,,,,,,,,,,,,,,,,,,,,,,,,,,,,,,,,,,,,
Georgia,GA,2020-04-25,4353.0,907,23216,119014.0,464.0,14394.0,7661.0,696.0,12537.0,464.0,10215.0,23.0,302.0,7858.0,3.0,917.0,8065.0,6048.0,1652.0,11190.0,10374.0,1.0,14.0,476.0,0.0,12.0,28.0,376.0,31.0,831.0,45.0,2020-04-25 00:00:00,,,,,,,,,,,,,,,,,,,,,,,,,,,,,,,,,,,,,,,,,,,,,,,,,
Georgia,GA,2020-04-26,4377.0,916,23481,122604.0,470.0,14558.0,7984.0,470.0,12680.0,470.0,10332.0,23.0,308.0,8181.0,4.0,941.0,7744.0,6280.0,1700.0,11570.0,10211.0,1.0,14.0,478.0,0.0,11.0,29.0,383.0,32.0,839.0,45.0,2020-04-26 00:00:00,,,,,,,,,,,,,,,,,,,,,,,,,,,,,,,,,,,,,,,,,,,,,,,,,
Georgia,GA,2020-04-27,4566.0,994,24219,127169.0,484.0,15016.0,7992.0,727.0,13320.0,484.0,10414.0,26.0,333.0,8549.0,6.0,1017.0,7613.0,6675.0,1861.0,12189.0,10169.0,1.0,18.0,517.0,0.0,13.0,31.0,414.0,33.0,905.0,56.0,2020-04-27 00:00:00,,,,,,,,,,,,,,,,,,,,,,,,,,,,,,,,,,,,,,,,,,,,,,,,,
Georgia,GA,2020-04-28,4738.0,1036,24854,140223.0,497.0,15409.0,8450.0,497.0,13670.0,497.0,10687.0,29.0,346.0,8951.0,8.0,1085.0,7376.0,7059.0,1980.0,12840.0,10034.0,1.0,18.0,535.0,0.0,12.0,27.0,443.0,36.0,961.0,39.0,2020-04-28 00:00:00,,,,,,,,,,,,,,,,,,,,,,,,,,,,,,,,,,,,,,,,,,,,,,,,,
Georgia,GA,2020-04-29,4926.0,1095,25644,143790.0,513.0,15899.0,8719.0,513.0,14104.0,513.0,11027.0,33.0,366.0,9312.0,10.0,1146.0,7365.0,7412.0,2091.0,13481.0,10072.0,1.0,20.0,563.0,0.0,15.0,33.0,463.0,36.0,1006.0,53.0,2020-04-29 00:00:00,,,,,,,,,,,,,,,,,,,,,,,,,,,,,,,,,,,,,,,,,,,,,,,,,
Georgia,GA,2020-04-30,5048.0,1132,26261,164465.0,525.0,16282.0,8666.0,788.0,14444.0,525.0,11292.0,36.0,375.0,9730.0,11.0,1236.0,7121.0,7752.0,2251.0,14149.0,9861.0,1.0,21.0,583.0,0.0,17.0,29.0,481.0,37.0,1042.0,53.0,2020-04-30 00:00:00,,,,,,,,,,,,,,,,,,,,,,,,,,,,,,,,,,,,,,,,,,,,,,,,,
Georgia,GA,2020-05-01,5181.0,1165,27496,168367.0,550.0,17048.0,9074.0,825.0,14848.0,825.0,11823.0,37.0,390.0,9978.0,11.0,1337.0,7662.0,8081.0,2473.0,14607.0,10416.0,2.0,22.0,599.0,0.0,18.0,26.0,498.0,37.0,1076.0,52.0,2020-05-01 00:00:00,,,,,,,,,,,,,,,,,,,,,,,,,,,,,,,,,,,,,,,,,,,,,,,,,
Georgia,GA,2020-05-02,5261.0,1174,28330,174800.0,567.0,17565.0,9349.0,850.0,15298.0,850.0,12182.0,37.0,400.0,10154.0,12.0,1448.0,7881.0,8398.0,2647.0,15004.0,10679.0,2.0,22.0,604.0,0.0,19.0,26.0,501.0,37.0,1081.0,56.0,2020-05-02 00:00:00,,,,,,,,,,,,,,,,,,,,,,,,,,,,,,,,,,,,,,,,,,,,,,,,,
Georgia,GA,2020-05-03,5282.0,1179,28665,183002.0,573.0,18059.0,9459.0,573.0,15479.0,860.0,12326.0,37.0,408.0,10292.0,12.0,1471.0,7962.0,8483.0,2662.0,15196.0,10807.0,2.0,22.0,607.0,0.0,20.0,28.0,500.0,37.0,1085.0,57.0,2020-05-03 00:00:00,,,,,,,,,,,,,,,,,,,,,,,,,,,,,,,,,,,,,,,,,,,,,,,,,
Georgia,GA,2020-05-04,5419.0,1244,29438,183012.0,589.0,18546.0,9715.0,589.0,15897.0,883.0,12658.0,41.0,420.0,10545.0,14.0,1549.0,8107.0,8762.0,2806.0,15620.0,11012.0,2.0,21.0,632.0,1.0,21.0,35.0,532.0,43.0,1139.0,62.0,2020-05-04 00:00:00,,,,,,,,,,,,,,,,,,,,,,,,,,,,,,,,,,,,,,,,,,,,,,,,,
Georgia,GA,2020-05-05,5542.0,1294,29852,200814.0,597.0,18508.0,9851.0,896.0,16120.0,896.0,12836.0,41.0,439.0,10859.0,15.0,1627.0,7778.0,9093.0,2951.0,16156.0,10745.0,2.0,25.0,645.0,3.0,25.0,32.0,562.0,47.0,1192.0,55.0,2020-05-05 00:00:00,,,,,,,,,,,,,,,,,,,,,,,,,,,,,,,,,,,,,,,,,,,,,,,,,
Georgia,GA,2020-05-06,5678.0,1326,30739,204137.0,615.0,19058.0,10144.0,922.0,16599.0,922.0,13218.0,41.0,451.0,11140.0,15.0,1696.0,8009.0,9387.0,3082.0,16606.0,11051.0,2.0,25.0,651.0,3.0,26.0,30.0,589.0,48.0,1227.0,51.0,2020-05-06 00:00:00,,,,,,,,,,,,,,,,,,,,,,,,,,,,,,,,,,,,,,,,,,,,,,,,,
Georgia,GA,2020-05-07,5762.0,1352,31584,225937.0,632.0,19898.0,10423.0,632.0,17055.0,948.0,13581.0,42.0,457.0,11356.0,18.0,1741.0,8302.0,9668.0,3220.0,16959.0,11405.0,2.0,24.0,665.0,3.0,26.0,23.0,609.0,49.0,1264.0,39.0,2020-05-07 00:00:00,,,,,,,,,,,,,,,,,,,,,,,,,,,,,,,,,,,,,,,,,,,,,,,,,
Georgia,GA,2020-05-08,5877.0,1399,32181,227477.0,644.0,20596.0,10620.0,322.0,17378.0,965.0,13838.0,42.0,469.0,11585.0,17.0,1775.0,8417.0,9876.0,3301.0,17320.0,11560.0,3.0,26.0,694.0,2.0,21.0,23.0,630.0,47.0,1321.0,31.0,2020-05-08 22:08:02.594375,,,,,,,,,,,,,,,,,,,,,,,,,,,,,,,,,,,,,,,,,,,,,,,,,
Georgia,GA,2020-05-09,5889.0,1401,32582,235324.0,652.0,20852.0,10752.0,326.0,17594.0,977.0,14010.0,41.0,472.0,11653.0,17.0,1793.0,8670.0,9936.0,3345.0,17430.0,11807.0,3.0,26.0,695.0,2.0,22.0,23.0,630.0,47.0,1322.0,32.0,2020-05-09 20:32:03.678694,,,,,,,,,,,,,,,,,,,,,,,,,,,,,,,,,,,,,,,,,,,,,,,,,
Georgia,GA,2020-05-10,5902.0,1405,33524,244458.0,670.0,21455.0,11063.0,335.0,18103.0,1006.0,14415.0,41.0,476.0,11859.0,17.0,1799.0,9248.0,10084.0,3370.0,17562.0,12592.0,3.0,26.0,697.0,2.0,22.0,25.0,630.0,48.0,1325.0,32.0,2020-05-10 20:08:50.842620,,,,,,,,,,,,,,,,,,,,,,,,,,,,,,,,,,,,,,,,,,,,,,,,,
Georgia,GA,2020-05-11,6018.0,1460,34165,251290.0,683.0,21866.0,11274.0,342.0,18449.0,683.0,15033.0,45.0,487.0,12080.0,18.0,1846.0,9385.0,10304.0,3472.0,17889.0,12804.0,3.0,27.0,722.0,2.0,21.0,28.0,657.0,50.0,1376.0,34.0,2020-05-11 20:53:51.265856,,,,,,,,,,,,,,,,,,,,,,,,,,,,,,,,,,,,,,,,,,,,,,,,,
Georgia,GA,2020-05-12,6133.0,1494,34851,262179.0,697.0,22305.0,11501.0,349.0,18820.0,697.0,15334.0,46.0,500.0,12370.0,18.0,1945.0,9419.0,10553.0,3549.0,18158.0,13144.0,3.0,27.0,732.0,2.0,23.0,25.0,682.0,50.0,1412.0,32.0,2020-05-12 20:18:19.767495,,,,,,,,,,,,,,,,,,,,,,,,,,,,,,,,,,,,,,,,,,,,,,,,,
Georgia,GA,2020-05-13,6216.0,1517,35429,273904.0,709.0,22675.0,11692.0,354.0,19132.0,709.0,15589.0,49.0,506.0,12523.0,19.0,1996.0,9515.0,10821.0,3739.0,18426.0,13264.0,3.0,27.0,741.0,2.0,24.0,30.0,690.0,51.0,1427.0,39.0,2020-05-13 20:17:13.848786,,,,,,,,,,,,,,,,,,,,,,,,,,,,,,,,,,,,,,,,,,,,,,,,,
Georgia,GA,2020-05-14,6287.0,1550,36004,285881.0,720.0,23043.0,11881.0,360.0,19442.0,720.0,15842.0,48.0,525.0,12705.0,19.0,2037.0,9678.0,10992.0,3833.0,18704.0,13467.0,3.0,27.0,760.0,2.0,25.0,36.0,697.0,53.0,1452.0,45.0,2020-05-14 21:06:43.858643,,,,,,,,,,,,,,,,,,,,,,,,,,,,,,,,,,,,,,,,,,,,,,,,,
Georgia,GA,2020-05-15,6447.0,1588,36778,301874.0,736.0,23538.0,12137.0,368.0,19492.0,1103.0,16182.0,48.0,538.0,12863.0,20.0,2073.0,10060.0,11176.0,3932.0,18978.0,13868.0,4.0,27.0,779.0,2.0,25.0,46.0,705.0,56.0,1468.0,64.0,2020-05-15 20:30:49.128456,,,,,,,,,,,,,,,,,,,,,,,,,,,,,,,,,,,,,,,,,,,,,,,,,
Georgia,GA,2020-05-16,6695.0,1598,37179,321069.0,744.0,23795.0,12269.0,372.0,20077.0,744.0,16359.0,47.0,541.0,12949.0,20.0,2100.0,10268.0,11254.0,3967.0,19134.0,14078.0,4.0,27.0,782.0,2.0,26.0,49.0,708.0,57.0,1473.0,68.0,2020-05-16 20:00:46.274794,,,,,,,,,,,,,,,,,,,,,,,,,,,,,,,,,,,,,,,,,,,,,,,,,
Georgia,GA,2020-05-17,6715.0,1602,37643,351175.0,753.0,24092.0,12422.0,376.0,20327.0,753.0,16563.0,47.0,546.0,13078.0,20.0,2110.0,10465.0,11377.0,3987.0,19311.0,14345.0,4.0,27.0,782.0,2.0,26.0,49.0,712.0,57.0,1476.0,69.0,2020-05-17 00:00:00,,,,,,,,,,,,,,,,,,,,,,,,,,,,,,,,,,,,,,,,,,,,,,,,,
Georgia,GA,2020-05-18,6922.0,1649,38287,364289.0,1149.0,24504.0,12252.0,383.0,20675.0,766.0,16846.0,48.0,559.0,13299.0,25.0,2276.0,10351.0,11729.0,4121.0,19717.0,14449.0,4.0,28.0,804.0,2.0,22.0,27.0,762.0,61.0,1550.0,38.0,2020-05-18 18:45:56.287743,,,,,,,,,,,,,,,,,,,,,,,,,,,,,,,,,,,,,,,,,,,,,,,,,
Georgia,GA,2020-05-19,7013.0,1680,38858,378156.0,1166.0,24869.0,12435.0,389.0,20983.0,777.0,17098.0,48.0,567.0,13495.0,25.0,2338.0,10398.0,11987.0,4249.0,20120.0,14489.0,4.0,28.0,824.0,2.0,22.0,29.0,771.0,62.0,1574.0,44.0,2020-05-19 20:03:17.625665,,,,,,,,,,,,,,,,,,,,,,,,,,,,,,,,,,,,,,,,,,,,,,,,,
Georgia,GA,2020-05-20,7178.0,1756,40432,407748.0,1213.0,25876.0,12938.0,404.0,21429.0,1213.0,17790.0,48.0,585.0,13788.0,25.0,2485.0,10991.0,12510.0,4510.0,20710.0,15212.0,4.0,29.0,860.0,2.0,23.0,37.0,801.0,67.0,1630.0,59.0,2020-05-20 00:00:00,,,,,,,,,,,,,,,,,,,,,,,,,,,,,,,,,,,,,,,,,,,,,,,,,
Georgia,GA,2020-05-21,7231.0,1783,40665,407748.0,1220.0,26026.0,13013.0,407.0,21552.0,1220.0,17893.0,47.0,592.0,13891.0,25.0,2515.0,10937.0,12658.0,4588.0,20934.0,15143.0,4.0,28.0,872.0,2.0,26.0,25.0,826.0,73.0,1676.0,34.0,2020-05-21 21:02:24.498165,,,,,,,,,,,,,,,,,,,,,,,,,,,,,,,,,,,,,,,,,,,,,,,,,
Georgia,GA,2020-05-22,7319.0,1808,41523,427249.0,1246.0,26575.0,13287.0,415.0,22007.0,1246.0,18270.0,48.0,602.0,14109.0,26.0,2572.0,11197.0,12969.0,4738.0,21370.0,15415.0,4.0,28.0,887.0,2.0,26.0,26.0,835.0,76.0,1700.0,32.0,2020-05-22 20:09:43.633165,,,,,,,,,,,,,,,,,,,,,,,,,,,,,,,,,,,,,,,,,,,,,,,,,
Georgia,GA,2020-05-23,7375.0,1823,42257,453537.0,1268.0,27044.0,13522.0,423.0,22396.0,1268.0,18593.0,49.0,606.0,14216.0,26.0,2649.0,11623.0,13088.0,4798.0,21599.0,15860.0,4.0,28.0,894.0,2.0,26.0,29.0,840.0,76.0,1708.0,39.0,2020-05-23 20:48:44.879841,,,,,,,,,,,,,,,,,,,,,,,,,,,,,,,,,,,,,,,,,,,,,,,,,
Georgia,GA,2020-05-24,7395.0,1827,42923,481889.0,1288.0,27471.0,13735.0,429.0,22749.0,1288.0,18886.0,49.0,610.0,14277.0,26.0,2673.0,12105.0,13183.0,4857.0,21704.0,16362.0,4.0,28.0,894.0,2.0,26.0,32.0,841.0,76.0,1709.0,42.0,2020-05-24 20:39:01.649169,,,,,,,,,,,,,,,,,,,,,,,,,,,,,,,,,,,,,,,,,,,,,,,,,
Georgia,GA,2020-05-25,7450.0,1849,43407,510545.0,1302.0,27780.0,13890.0,434.0,23006.0,1302.0,19099.0,49.0,614.0,14365.0,27.0,2725.0,12322.0,13305.0,4937.0,21883.0,16587.0,4.0,28.0,904.0,2.0,26.0,38.0,847.0,76.0,1721.0,52.0,2020-05-25 20:56:55.615637,,,,,,,,,,,,,,,,,,,,,,,,,,,,,,,,,,,,,,,,,,,,,,,,,
Georgia,GA,2020-05-26,7587.0,1899,44026,514945.0,1321.0,28177.0,13648.0,881.0,23334.0,1321.0,19371.0,48.0,631.0,14563.0,28.0,2828.0,12334.0,13594.0,5167.0,22267.0,16592.0,4.0,28.0,924.0,2.0,30.0,42.0,869.0,80.0,1760.0,59.0,2020-05-26 21:07:42.374395,,,,,,,,,,,,,,,,,,,,,,,,,,,,,,,,,,,,,,,,,,,,,,,,,
Georgia,GA,2020-05-27,7686.0,1944,44642,518591.0,1339.0,28571.0,13839.0,893.0,23660.0,1339.0,19642.0,48.0,654.0,14756.0,30.0,2872.0,12290.0,13992.0,5389.0,22715.0,16538.0,4.0,29.0,942.0,2.0,32.0,38.0,897.0,81.0,1810.0,53.0,2020-05-27 20:53:52.682864,,,,,,,,,,,,,,,,,,,,,,,,,,,,,,,,,,,,,,,,,,,,,,,,,
Georgia,GA,2020-05-28,7776.0,1973,45291,523359.0,1359.0,28986.0,14040.0,906.0,24004.0,1359.0,19928.0,49.0,662.0,14894.0,33.0,2919.0,12462.0,14272.0,5576.0,23045.0,16670.0,4.0,29.0,958.0,3.0,31.0,30.0,918.0,81.0,1849.0,43.0,2020-05-28 20:20:23.518750,,,,,,,,,,,,,,,,,,,,,,,,,,,,,,,,,,,,,,,,,,,,,,,,,
Georgia,GA,2020-05-29,7860.0,2003,45874,532007.0,1376.0,29818.0,14221.0,459.0,24313.0,917.0,20643.0,52.0,674.0,15046.0,36.0,2957.0,12590.0,14519.0,5799.0,23314.0,16761.0,4.0,30.0,978.0,3.0,31.0,30.0,927.0,80.0,1878.0,45.0,2020-05-29 20:15:37.794487,,,,,,,,,,,,,,,,,,,,,,,,,,,,,,,,,,,,,,,,,,,,,,,,,
Georgia,GA,2020-05-30,7873.0,2005,46349,539641.0,1390.0,30127.0,14368.0,463.0,24565.0,1390.0,20394.0,52.0,678.0,15122.0,36.0,2972.0,12866.0,14623.0,5848.0,23468.0,17033.0,4.0,30.0,979.0,3.0,31.0,30.0,928.0,80.0,1879.0,46.0,2020-05-30 19:55:05.329572,,,,,,,,,,,,,,,,,,,,,,,,,,,,,,,,,,,,,,,,,,,,,,,,,
Georgia,GA,2020-05-31,7897.0,2053,47096,553986.0,1884.0,30612.0,14600.0,0.0,24961.0,942.0,21193.0,53.0,684.0,15213.0,38.0,3041.0,13293.0,14774.0,5937.0,23682.0,17477.0,4.0,31.0,1007.0,4.0,35.0,12.0,960.0,83.0,1947.0,23.0,2020-05-31 20:14:57.894411,,,,,,,,,,,,,,,,,,,,,,,,,,,,,,,,,,,,,,,,,,,,,,,,,
Georgia,GA,2020-06-01,8257.0,2089,47916,562815.0,1917.0,31145.0,14854.0,0.0,25395.0,958.0,21562.0,53.0,692.0,15395.0,40.0,3121.0,13495.0,15120.0,6142.0,24042.0,17732.0,4.0,31.0,1024.0,4.0,34.0,15.0,977.0,84.0,1977.0,28.0,2020-06-01 20:12:26.515092,,,,,,,,,,,,,,,,,,,,,,,,,,,,,,,,,,,,,,,,,,,,,,,,,
Georgia,GA,2020-06-02,8334.0,2102,48207,565034.0,,,,216.0,,,,53.0,700.0,15483.0,39.0,3131.0,13495.0,15306.0,6224.0,24228.0,17755.0,4.0,31.0,1031.0,4.0,36.0,12.0,984.0,87.0,1990.0,25.0,2020-06-02 00:00:00,1821.0,97.0,233.0,342.0,1104.0,7239.0,7542.0,8066.0,8594.0,6650.0,4281.0,3843.0,,0.0,0.0,0.0,1.0,10.0,35.0,72.0,169.0,409.0,566.0,840.0,,9.0,11.0,3.0,40.0,353.0,657.0,1020.0,1538.0,1793.0,1539.0,1362.0,,992.0,6124.0,1218.0,4213.0,14.0,139.0,9.0,540.0,575.0,2844.0,0.0,9.0
Georgia,GA,2020-06-03,8419.0,2123,48894,573816.0,,,,253.0,,,,53.0,721.0,15709.0,41.0,3168.0,13507.0,15695.0,6476.0,24637.0,17781.0,4.0,31.0,1039.0,4.0,37.0,12.0,996.0,88.0,2008.0,27.0,2020-06-03 00:00:00,1841.0,99.0,243.0,352.0,1131.0,7418.0,7626.0,8181.0,8707.0,6694.0,4338.0,3852.0,,0.0,0.0,0.0,1.0,10.0,35.0,73.0,171.0,413.0,573.0,847.0,,9.0,11.0,4.0,40.0,364.0,664.0,1027.0,1557.0,1805.0,1556.0,1373.0,,1012.0,6193.0,1214.0,4241.0,14.0,141.0,8.0,552.0,570.0,2893.0,0.0,9.0
Georgia,GA,2020-06-04,8557.0,2147,49847,590356.0,,,,255.0,,,,54.0,736.0,15887.0,45.0,3238.0,13848.0,16039.0,6699.0,25012.0,18136.0,4.0,31.0,1042.0,5.0,39.0,17.0,1009.0,91.0,2021.0,35.0,2020-06-04 00:00:00,1872.0,106.0,249.0,364.0,1182.0,7658.0,7765.0,8340.0,8833.0,6808.0,4400.0,3887.0,,0.0,0.0,0.0,1.0,10.0,36.0,73.0,176.0,416.0,579.0,856.0,,9.0,11.0,4.0,40.0,372.0,679.0,1047.0,1587.0,1824.0,1578.0,1395.0,,1042.0,6286.0,1229.0,4286.0,15.0,141.0,10.0,573.0,585.0,2947.0,0.0,11.0
Georgia,GA,2020-06-05,8646.0,2174,50621,604467.0,,,,211.0,,,,55.0,752.0,16137.0,47.0,3341.0,13907.0,16382.0,6897.0,25455.0,18269.0,4.0,32.0,1058.0,5.0,40.0,11.0,1024.0,93.0,2053.0,28.0,2020-06-05 00:00:00,1897.0,106.0,257.0,381.0,1226.0,7859.0,7904.0,8471.0,8947.0,6898.0,4449.0,3912.0,,0.0,0.0,0.0,1.0,10.0,38.0,74.0,179.0,420.0,588.0,863.0,,9.0,12.0,4.0,40.0,389.0,689.0,1056.0,1608.0,1840.0,1591.0,1400.0,,1070.0,6353.0,1223.0,4323.0,13.0,144.0,10.0,589.0,585.0,2982.0,1.0,8.0
Georgia,GA,2020-06-06,8682.0,2178,51359,622122.0,,,,209.0,,,,57.0,769.0,16309.0,48.0,3466.0,14064.0,16646.0,7098.0,25810.0,18451.0,4.0,32.0,1059.0,5.0,41.0,14.0,1023.0,93.0,2055.0,30.0,2020-06-06 00:00:00,1907.0,108.0,266.0,400.0,1272.0,8083.0,8042.0,8597.0,9034.0,6944.0,4478.0,3926.0,,0.0,0.0,0.0,1.0,10.0,38.0,74.0,181.0,420.0,591.0,863.0,,9.0,12.0,4.0,40.0,393.0,691.0,1061.0,1622.0,1845.0,1598.0,1399.0,,1081.0,6374.0,1227.0,4336.0,13.0,144.0,10.0,595.0,587.0,2997.0,0.0,8.0
Georgia,GA,2020-06-07,8685.0,2180,51898,636859.0,,,,227.0,,,,57.0,771.0,16376.0,48.0,3482.0,14453.0,16711.0,7137.0,25905.0,18856.0,4.0,32.0,1060.0,5.0,41.0,14.0,1024.0,93.0,2057.0,30.0,2020-06-07 00:00:00,1909.0,110.0,272.0,416.0,1299.0,8233.0,8120.0,8679.0,9114.0,6977.0,4502.0,3949.0,,0.0,0.0,0.0,1.0,10.0,38.0,75.0,181.0,420.0,592.0,863.0,,9.0,12.0,4.0,40.0,393.0,690.0,1060.0,1623.0,1846.0,1599.0,1400.0,,1081.0,6377.0,1227.0,4339.0,13.0,144.0,10.0,595.0,587.0,2997.0,0.0,9.0
Georgia,GA,2020-06-08,8746.0,2208,52497,648730.0,,,,206.0,,,,57.0,783.0,16538.0,48.0,3524.0,14608.0,16939.0,7294.0,26238.0,18965.0,4.0,32.0,1077.0,5.0,41.0,10.0,1039.0,99.0,2082.0,27.0,2020-06-08 00:00:00,1925.0,113.0,284.0,422.0,1316.0,8393.0,8240.0,8782.0,9220.0,7025.0,4527.0,3969.0,,0.0,0.0,0.0,1.0,10.0,38.0,76.0,184.0,426.0,600.0,873.0,,10.0,12.0,4.0,39.0,400.0,694.0,1068.0,1636.0,1858.0,1610.0,1406.0,,1099.0,6428.0,1219.0,4364.0,13.0,145.0,10.0,608.0,587.0,3019.0,0.0,9.0
Georgia,GA,2020-06-09,8872.0,2285,53249,656411.0,,,,209.0,,,,59.0,810.0,16779.0,49.0,3615.0,14652.0,17285.0,7558.0,26682.0,19009.0,4.0,35.0,1108.0,6.0,44.0,25.0,1063.0,104.0,2135.0,46.0,2020-06-09 00:00:00,1960.0,112.0,297.0,436.0,1344.0,8565.0,8378.0,8920.0,9323.0,7104.0,4561.0,4000.0,,0.0,0.0,0.0,1.0,10.0,40.0,79.0,191.0,435.0,617.0,911.0,,10.0,12.0,4.0,40.0,409.0,705.0,1073.0,1675.0,1881.0,1627.0,1425.0,,1130.0,6508.0,1234.0,4412.0,13.0,150.0,10.0,622.0,602.0,3063.0,1.0,11.0
Georgia,GA,2020-06-10,8974.0,2329,53980,670575.0,,,,222.0,,,,59.0,825.0,16965.0,53.0,3666.0,14786.0,17626.0,7789.0,27054.0,19137.0,4.0,35.0,1123.0,6.0,49.0,33.0,1079.0,106.0,2158.0,65.0,2020-06-10 00:00:00,1991.0,121.0,309.0,450.0,1391.0,8748.0,8520.0,9040.0,9406.0,7151.0,4593.0,4029.0,,0.0,0.0,0.0,1.0,10.0,41.0,83.0,195.0,442.0,627.0,929.0,,12.0,13.0,4.0,41.0,417.0,722.0,1080.0,1693.0,1899.0,1644.0,1438.0,,1148.0,6592.0,1234.0,4453.0,13.0,152.0,11.0,630.0,609.0,3106.0,1.0,11.0
Georgia,GA,2020-06-11,9073.0,2375,54973,686441.0,,,,235.0,,,,60.0,849.0,17144.0,55.0,3748.0,15015.0,18102.0,8050.0,27512.0,19411.0,4.0,35.0,1134.0,6.0,52.0,39.0,1105.0,111.0,2189.0,75.0,2020-06-11 00:00:00,2006.0,126.0,322.0,468.0,1432.0,9006.0,8709.0,9184.0,9557.0,7235.0,4628.0,4071.0,,0.0,0.0,0.0,1.0,10.0,42.0,83.0,200.0,445.0,640.0,954.0,,12.0,14.0,4.0,42.0,421.0,732.0,1099.0,1715.0,1921.0,1656.0,1448.0,,1175.0,6657.0,1241.0,4482.0,13.0,152.0,11.0,646.0,616.0,3153.0,0.0,9.0
Georgia,GA,2020-06-12,9181.0,2418,55783,696549.0,,,,201.0,,,,61.0,870.0,17370.0,55.0,3852.0,15096.0,18479.0,8269.0,28072.0,19442.0,4.0,38.0,1163.0,5.0,53.0,24.0,1131.0,115.0,2259.0,44.0,2020-06-12 00:00:00,2021.0,126.0,334.0,484.0,1482.0,9244.0,8826.0,9323.0,9665.0,7317.0,4669.0,4112.0,,0.0,0.0,0.0,1.0,10.0,42.0,84.0,203.0,451.0,651.0,976.0,,12.0,14.0,4.0,42.0,427.0,747.0,1118.0,1731.0,1949.0,1673.0,1456.0,,1206.0,6737.0,1238.0,4521.0,13.0,153.0,10.0,675.0,618.0,3191.0,0.0,8.0
Georgia,GA,2020-06-13,9224.0,2446,56801,712362.0,,,,247.0,,,,63.0,883.0,17543.0,58.0,3953.0,15550.0,18751.0,8489.0,28444.0,19868.0,4.0,39.0,1173.0,5.0,57.0,32.0,1136.0,115.0,2273.0,58.0,2020-06-13 00:00:00,2029.0,127.0,345.0,498.0,1534.0,9520.0,9028.0,9474.0,9796.0,7388.0,4702.0,4142.0,,0.0,0.0,0.0,1.0,10.0,42.0,84.0,206.0,456.0,660.0,987.0,,12.0,14.0,4.0,44.0,430.0,751.0,1122.0,1739.0,1959.0,1680.0,1461.0,,1214.0,6772.0,1238.0,4536.0,13.0,153.0,11.0,681.0,620.0,3210.0,0.0,8.0
Georgia,GA,2020-06-14,9248.0,2451,57681,730451.0,,,,269.0,,,,64.0,891.0,17638.0,58.0,3999.0,16164.0,18867.0,8573.0,28633.0,20475.0,4.0,38.0,1176.0,5.0,57.0,32.0,1139.0,116.0,2277.0,58.0,2020-06-14 00:00:00,2034.0,128.0,354.0,514.0,1574.0,9796.0,9189.0,9616.0,9907.0,7446.0,4730.0,4158.0,,0.0,0.0,0.0,1.0,10.0,42.0,85.0,206.0,456.0,661.0,990.0,,12.0,14.0,4.0,45.0,432.0,757.0,1124.0,1742.0,1964.0,1680.0,1462.0,,1218.0,6789.0,1241.0,4546.0,13.0,153.0,11.0,684.0,623.0,3218.0,0.0,12.0
Georgia,GA,2020-06-15,9322.0,2494,58414,742191.0,,,,219.0,,,,64.0,901.0,17807.0,59.0,4067.0,16436.0,19080.0,8743.0,28936.0,20735.0,4.0,38.0,1195.0,5.0,59.0,37.0,1156.0,120.0,2307.0,67.0,2020-06-15 00:00:00,2043.0,136.0,365.0,528.0,1619.0,10004.0,9320.0,9751.0,10014.0,7516.0,4763.0,4179.0,,0.0,0.0,0.0,1.0,10.0,44.0,88.0,208.0,465.0,672.0,1006.0,,12.0,14.0,4.0,45.0,444.0,768.0,1140.0,1759.0,1977.0,1688.0,1463.0,,1240.0,6829.0,1253.0,4574.0,13.0,155.0,11.0,703.0,625.0,3241.0,0.0,8.0
Georgia,GA,2020-06-16,9454.0,2529,59078,746579.0,,,,217.0,,,,63.0,932.0,18110.0,60.0,4198.0,16063.0,19652.0,9090.0,29580.0,20408.0,4.0,39.0,1219.0,5.0,51.0,20.0,1191.0,121.0,2373.0,35.0,2020-06-16 00:00:00,2065.0,130.0,377.0,538.0,1648.0,10189.0,9425.0,9854.0,10098.0,7595.0,4800.0,4207.0,,0.0,0.0,0.0,1.0,10.0,44.0,91.0,208.0,477.0,680.0,1018.0,,8.0,14.0,4.0,46.0,456.0,781.0,1168.0,1782.0,2008.0,1702.0,1476.0,,1274.0,6935.0,1245.0,4620.0,13.0,156.0,11.0,726.0,622.0,3306.0,0.0,9.0
Georgia,GA,2020-06-17,9543.0,2575,60030,762336.0,,,,214.0,,,,63.0,946.0,18443.0,61.0,4314.0,16069.0,20134.0,9372.0,30196.0,20462.0,4.0,39.0,1237.0,5.0,51.0,23.0,1216.0,122.0,2413.0,40.0,2020-06-17 00:00:00,2084.0,130.0,396.0,559.0,1695.0,10461.0,9595.0,10027.0,10231.0,7659.0,4821.0,4242.0,,0.0,0.0,0.0,1.0,11.0,45.0,94.0,211.0,480.0,690.0,1043.0,,8.0,15.0,4.0,47.0,466.0,792.0,1179.0,1794.0,2027.0,1713.0,1489.0,,1298.0,7009.0,1236.0,4662.0,14.0,157.0,11.0,737.0,616.0,3346.0,0.0,9.0
Georgia,GA,2020-06-18,9663.0,2605,60912,777724.0,,,,219.0,,,,65.0,985.0,18882.0,61.0,4425.0,15740.0,20754.0,9686.0,31019.0,20207.0,4.0,40.0,1251.0,5.0,53.0,17.0,1235.0,126.0,2445.0,34.0,2020-06-18 00:00:00,2109.0,130.0,407.0,568.0,1754.0,10702.0,9746.0,10170.0,10359.0,7726.0,4859.0,4272.0,,0.0,0.0,0.0,1.0,11.0,44.0,96.0,217.0,490.0,696.0,1050.0,,8.0,15.0,4.0,50.0,468.0,801.0,1197.0,1820.0,2050.0,1731.0,1510.0,,1326.0,7108.0,1229.0,4706.0,14.0,161.0,11.0,753.0,602.0,3416.0,0.0,9.0
Georgia,GA,2020-06-19,9772.0,2636,62009,797435.0,,,,262.0,,,,64.0,1009.0,19114.0,65.0,4534.0,16004.0,21219.0,9968.0,31576.0,20465.0,4.0,41.0,1265.0,5.0,53.0,19.0,1249.0,126.0,2472.0,38.0,2020-06-19 00:00:00,2122.0,138.0,418.0,592.0,1816.0,11026.0,9915.0,10327.0,10489.0,7812.0,4904.0,4310.0,,0.0,0.0,0.0,1.0,11.0,44.0,100.0,220.0,494.0,706.0,1060.0,,8.0,15.0,4.0,53.0,475.0,819.0,1207.0,1846.0,2067.0,1746.0,1523.0,,1353.0,7186.0,1233.0,4734.0,14.0,164.0,11.0,768.0,605.0,3476.0,0.0,9.0
Georgia,GA,2020-06-20,9837.0,2642,63809,825802.0,,,,269.0,,,,66.0,1034.0,19369.0,65.0,4631.0,17021.0,21623.0,10209.0,32177.0,21423.0,4.0,42.0,1267.0,5.0,53.0,18.0,1253.0,126.0,2480.0,36.0,2020-06-20 00:00:00,2140.0,149.0,461.0,632.0,1940.0,11568.0,10232.0,10608.0,10698.0,7946.0,4957.0,4349.0,,0.0,0.0,0.0,1.0,11.0,45.0,100.0,221.0,492.0,709.0,1063.0,,8.0,16.0,5.0,54.0,480.0,833.0,1214.0,1854.0,2083.0,1750.0,1532.0,,1364.0,7265.0,1208.0,4761.0,14.0,168.0,11.0,773.0,604.0,3506.0,0.0,8.0
Georgia,GA,2020-06-21,9864.0,2643,64701,838066.0,,,,283.0,,,,67.0,1042.0,19523.0,67.0,4695.0,17504.0,21803.0,10340.0,32497.0,21864.0,4.0,44.0,1270.0,5.0,54.0,7.0,1259.0,127.0,2493.0,23.0,2020-06-21 00:00:00,2144.0,153.0,475.0,648.0,1976.0,11878.0,10401.0,10748.0,10796.0,8009.0,4976.0,4358.0,,0.0,0.0,0.0,1.0,11.0,45.0,100.0,221.0,492.0,710.0,1063.0,,8.0,16.0,5.0,54.0,485.0,836.0,1219.0,1857.0,2090.0,1753.0,1533.0,,1373.0,7296.0,1195.0,4775.0,14.0,171.0,11.0,778.0,596.0,3519.0,0.0,8.0
Georgia,GA,2020-06-22,9953.0,2648,65928,849712.0,,,,259.0,,,,67.0,1047.0,19683.0,66.0,4803.0,18137.0,22125.0,10505.0,32914.0,22509.0,4.0,44.0,1273.0,5.0,54.0,8.0,1260.0,127.0,2497.0,24.0,2020-06-22 00:00:00,2155.0,158.0,491.0,671.0,2052.0,12278.0,10633.0,10925.0,10957.0,8096.0,5026.0,4382.0,,0.0,0.0,0.0,1.0,11.0,45.0,100.0,222.0,493.0,710.0,1066.0,,8.0,17.0,5.0,55.0,493.0,848.0,1226.0,1870.0,2110.0,1764.0,1549.0,,1392.0,7362.0,1199.0,4802.0,14.0,172.0,11.0,798.0,603.0,3553.0,0.0,8.0
Georgia,GA,2020-06-23,10121.0,2687,67675,873159.0,,,,280.0,,,,69.0,1070.0,20114.0,65.0,4999.0,18624.0,22734.0,11103.0,34229.0,22343.0,4.0,44.0,1284.0,5.0,59.0,10.0,1281.0,129.0,2531.0,27.0,2020-06-23 00:00:00,2173.0,160.0,512.0,698.0,2156.0,12882.0,10981.0,11171.0,11147.0,8201.0,5079.0,4408.0,,0.0,0.0,0.0,1.0,11.0,45.0,102.0,222.0,504.0,719.0,1082.0,,8.0,17.0,5.0,56.0,519.0,863.0,1244.0,1907.0,2141.0,1787.0,1565.0,,1443.0,7490.0,1188.0,4868.0,14.0,174.0,11.0,829.0,609.0,3616.0,1.0,9.0
Georgia,GA,2020-06-24,10313.0,2698,69381,885593.0,,,,258.0,,,,71.0,1110.0,20798.0,73.0,5226.0,18481.0,23622.0,11458.0,35056.0,22867.0,4.0,44.0,1289.0,5.0,59.0,14.0,1283.0,130.0,2538.0,30.0,2020-06-24 00:00:00,2206.0,175.0,524.0,722.0,2243.0,13496.0,11316.0,11433.0,11307.0,8313.0,5142.0,4452.0,,0.0,0.0,0.0,1.0,11.0,46.0,103.0,224.0,504.0,722.0,1086.0,,11.0,17.0,5.0,58.0,542.0,882.0,1271.0,1940.0,2174.0,1816.0,1589.0,,1484.0,7631.0,1198.0,4957.0,14.0,176.0,11.0,850.0,617.0,3688.0,1.0,8.0
Georgia,GA,2020-06-25,10457.0,2745,71095,903647.0,,,,238.0,,,,72.0,1127.0,21174.0,80.0,5391.0,18992.0,24259.0,11819.0,35868.0,23408.0,4.0,44.0,1308.0,5.0,61.0,15.0,1308.0,134.0,2578.0,33.0,2020-06-25 00:00:00,2222.0,189.0,550.0,766.0,2343.0,14052.0,11639.0,11694.0,11501.0,8429.0,5202.0,4492.0,,0.0,0.0,0.0,1.0,12.0,46.0,105.0,227.0,512.0,736.0,1105.0,,12.0,18.0,5.0,59.0,551.0,907.0,1292.0,1967.0,2197.0,1839.0,1602.0,,1524.0,7718.0,1215.0,5009.0,14.0,179.0,11.0,871.0,631.0,3742.0,1.0,8.0
Georgia,GA,2020-06-26,10605.0,2770,72995,920634.0,,,,235.0,,,,71.0,1151.0,21600.0,83.0,5513.0,19682.0,24895.0,12166.0,36764.0,24065.0,4.0,44.0,1319.0,5.0,64.0,17.0,1317.0,135.0,2599.0,36.0,2020-06-26 00:00:00,2244.0,207.0,568.0,804.0,2434.0,14671.0,11999.0,11976.0,11724.0,8568.0,5268.0,4541.0,,0.0,0.0,0.0,1.0,13.0,47.0,106.0,231.0,515.0,744.0,1112.0,,12.0,19.0,5.0,61.0,565.0,929.0,1312.0,1997.0,2222.0,1855.0,1620.0,,1551.0,7840.0,1214.0,5075.0,13.0,179.0,12.0,890.0,635.0,3801.0,1.0,8.0
Georgia,GA,2020-06-27,10689.0,2776,74985,942778.0,,,,221.0,,,,71.0,1163.0,21884.0,84.0,5688.0,20724.0,25371.0,12381.0,37389.0,25215.0,4.0,44.0,1319.0,5.0,64.0,16.0,1324.0,134.0,2612.0,30.0,2020-06-27 00:00:00,2261.0,219.0,598.0,844.0,2519.0,15407.0,12371.0,12276.0,11933.0,8690.0,5320.0,4587.0,,0.0,0.0,0.0,1.0,13.0,47.0,106.0,232.0,516.0,745.0,1115.0,,13.0,19.0,5.0,61.0,575.0,943.0,1329.0,2008.0,2234.0,1865.0,1629.0,,1580.0,7899.0,1210.0,5098.0,13.0,181.0,13.0,913.0,640.0,3831.0,1.0,8.0
Georgia,GA,2020-06-28,10711.0,2778,77210,962402.0,,,,236.0,,,,71.0,1187.0,22192.0,89.0,5810.0,22103.0,25758.0,12565.0,38050.0,26595.0,4.0,44.0,1319.0,5.0,64.0,16.0,1326.0,135.0,2613.0,30.0,2020-06-28 00:00:00,2268.0,227.0,617.0,878.0,2632.0,16220.0,12766.0,12574.0,12184.0,8823.0,5404.0,4649.0,,0.0,0.0,0.0,1.0,13.0,47.0,106.0,232.0,517.0,746.0,1115.0,,13.0,19.0,5.0,60.0,581.0,945.0,1332.0,2009.0,2241.0,1865.0,1632.0,,1589.0,7912.0,1210.0,5105.0,13.0,182.0,12.0,917.0,641.0,3841.0,1.0,9.0
Georgia,GA,2020-06-29,10824.0,2784,79417,981802.0,,,,239.0,,,,71.0,1198.0,22417.0,89.0,5976.0,23563.0,26103.0,12725.0,38571.0,28121.0,3.0,44.0,1320.0,5.0,65.0,18.0,1329.0,137.0,2617.0,30.0,2020-06-29 00:00:00,2289.0,245.0,644.0,915.0,2726.0,17009.0,13169.0,12900.0,12446.0,8951.0,5468.0,4705.0,,0.0,0.0,0.0,1.0,13.0,47.0,106.0,233.0,517.0,748.0,1118.0,,15.0,19.0,5.0,62.0,598.0,958.0,1342.0,2032.0,2257.0,1882.0,1646.0,,1616.0,7990.0,1218.0,5129.0,12.0,182.0,12.0,962.0,638.0,3889.0,1.0,8.0
Georgia,GA,2020-07-01,11275.0,2827,84237,1014288.0,,,,235.0,,,,71.0,1268.0,23908.0,90.0,6569.0,24484.0,27847.0,13645.0,41321.0,29271.0,3.0,47.0,1338.0,5.0,71.0,21.0,1342.0,142.0,2647.0,38.0,2020-07-01 00:00:00,2357.0,289.0,720.0,1001.0,3016.0,18450.0,14029.0,13608.0,13064.0,9331.0,5658.0,4836.0,,0.0,0.0,0.0,1.0,14.0,48.0,106.0,236.0,523.0,763.0,1135.0,,15.0,21.0,6.0,69.0,649.0,1013.0,1413.0,2116.0,2331.0,1927.0,1707.0,,1713.0,8281.0,1281.0,5308.0,12.0,194.0,12.0,1019.0,697.0,4033.0,1.0,8.0
Georgia,GA,2020-07-02,11500.0,2849,87709,1045977.0,,,,204.0,,,,71.0,1291.0,24795.0,90.0,6993.0,25740.0,28729.0,14079.0,42764.0,30866.0,3.0,47.0,1350.0,5.0,70.0,14.0,1360.0,142.0,2676.0,31.0,2020-07-02 00:00:00,2389.0,323.0,776.0,1064.0,3274.0,19632.0,14701.0,14081.0,13445.0,9576.0,5755.0,4878.0,,0.0,0.0,0.0,1.0,14.0,50.0,107.0,238.0,526.0,766.0,1146.0,,15.0,21.0,6.0,72.0,670.0,1047.0,1466.0,2163.0,2361.0,1944.0,1727.0,,1766.0,8429.0,1305.0,5403.0,12.0,197.0,12.0,1046.0,721.0,4109.0,1.0,8.0
Georgia,GA,2020-07-03,11653.0,2856,90493,1066852.0,,,,210.0,,,,71.0,1319.0,25314.0,92.0,7252.0,27063.0,29382.0,14385.0,43716.0,32392.0,3.0,47.0,1353.0,5.0,71.0,15.0,1362.0,144.0,2679.0,33.0,2020-07-03 00:00:00,2413.0,339.0,817.0,1110.0,3431.0,20586.0,15236.0,14479.0,13769.0,9736.0,5835.0,4945.0,,0.0,0.0,0.0,1.0,14.0,49.0,108.0,238.0,528.0,768.0,1149.0,,16.0,22.0,7.0,73.0,688.0,1069.0,1482.0,2193.0,2386.0,1966.0,1743.0,,1794.0,8528.0,1331.0,5466.0,12.0,204.0,13.0,1065.0,738.0,4155.0,1.0,8.0
Georgia,GA,2020-07-04,11743.0,2857,93319,1095577.0,,,,229.0,,,,69.0,1348.0,25921.0,93.0,7371.0,28521.0,29996.0,14645.0,44746.0,33928.0,3.0,47.0,1352.0,5.0,72.0,16.0,1362.0,144.0,2679.0,34.0,2020-07-04 00:00:00,2425.0,349.0,853.0,1153.0,3591.0,21534.0,15760.0,14898.0,14104.0,9941.0,5915.0,4992.0,,0.0,0.0,0.0,1.0,14.0,49.0,108.0,238.0,529.0,768.0,1149.0,,17.0,22.0,7.0,74.0,704.0,1076.0,1499.0,2204.0,2399.0,1981.0,1752.0,,1815.0,8582.0,1346.0,5501.0,12.0,207.0,13.0,1077.0,748.0,4185.0,1.0,8.0
Georgia,GA,2020-07-05,11775.0,2860,95516,1120730.0,,,,239.0,,,,71.0,1369.0,26475.0,100.0,7615.0,29449.0,30437.0,14816.0,45600.0,35100.0,3.0,47.0,1352.0,5.0,72.0,17.0,1364.0,146.0,2680.0,34.0,2020-07-05 00:00:00,2429.0,362.0,881.0,1190.0,3723.0,22266.0,16190.0,15211.0,14380.0,10068.0,5980.0,5026.0,,0.0,0.0,0.0,1.0,15.0,49.0,108.0,239.0,530.0,768.0,1149.0,,17.0,23.0,7.0,74.0,706.0,1082.0,1503.0,2208.0,2408.0,1982.0,1757.0,,1820.0,8622.0,1333.0,5523.0,12.0,207.0,13.0,1085.0,737.0,4198.0,1.0,8.0
Georgia,GA,2020-07-06,11919.0,2878,97064,1130889.0,,,,234.0,,,,71.0,1389.0,26887.0,97.0,7710.0,30032.0,30878.0,14997.0,46357.0,35710.0,3.0,47.0,1357.0,5.0,72.0,19.0,1375.0,148.0,2694.0,36.0,2020-07-06 00:00:00,2441.0,371.0,893.0,1221.0,3804.0,22678.0,16498.0,15459.0,14590.0,10201.0,6050.0,5065.0,,0.0,0.0,0.0,1.0,15.0,50.0,108.0,241.0,533.0,774.0,1155.0,,18.0,24.0,8.0,74.0,714.0,1092.0,1527.0,2239.0,2436.0,2004.0,1775.0,,1844.0,8727.0,1348.0,5579.0,12.0,208.0,13.0,1103.0,748.0,4256.0,1.0,8.0
Georgia,GA,2020-07-08,12500.0,2922,103890,1173354.0,,,,339.0,,,,74.0,1464.0,28382.0,114.0,8340.0,32826.0,32690.0,15743.0,49075.0,39072.0,3.0,47.0,1372.0,6.0,73.0,21.0,1400.0,152.0,2733.0,37.0,2020-07-08 00:00:00,2502.0,413.0,975.0,1347.0,4217.0,24570.0,17674.0,16507.0,15531.0,10705.0,6362.0,5250.0,,0.0,0.0,0.0,2.0,15.0,51.0,110.0,249.0,537.0,788.0,1169.0,,22.0,26.0,9.0,84.0,767.0,1155.0,1608.0,2343.0,2550.0,2088.0,1840.0,,1940.0,9153.0,1407.0,5821.0,12.0,219.0,14.0,1178.0,801.0,4455.0,1.0,8.0
Georgia,GA,2020-07-09,12606.0,2930,106727,1195405.0,,,,500.0,,,,75.0,1492.0,28790.0,117.0,8478.0,34645.0,33130.0,15927.0,49741.0,41059.0,3.0,47.0,1375.0,6.0,73.0,21.0,1405.0,152.0,2741.0,37.0,2020-07-09 00:00:00,2519.0,421.0,1020.0,1384.0,4360.0,25353.0,18187.0,16915.0,15919.0,10922.0,6451.0,5295.0,,0.0,0.0,0.0,1.0,15.0,51.0,110.0,249.0,538.0,790.0,1174.0,,24.0,26.0,9.0,86.0,767.0,1168.0,1626.0,2359.0,2570.0,2103.0,1850.0,,1950.0,9240.0,1416.0,5875.0,12.0,223.0,14.0,1186.0,804.0,4492.0,2.0,18.0
Georgia,GA,2020-07-10,12937.0,2965,111211,1225223.0,,,,861.0,,,,84.0,1540.0,30267.0,122.0,8962.0,35577.0,34659.0,16671.0,52263.0,42277.0,4.0,47.0,1385.0,6.0,73.0,15.0,1435.0,157.0,2784.0,24.0,2020-07-10 00:00:00,2565.0,436.0,1062.0,1452.0,4585.0,26490.0,18950.0,17616.0,16469.0,11287.0,6625.0,5378.0,,0.0,0.0,0.0,1.0,15.0,53.0,111.0,255.0,544.0,800.0,1185.0,,24.0,27.0,12.0,88.0,802.0,1198.0,1672.0,2419.0,2629.0,2147.0,1885.0,,2007.0,9485.0,1445.0,6013.0,14.0,225.0,15.0,1219.0,828.0,4623.0,1.0,34.0
Georgia,GA,2020-07-11,13205.0,2996,114401,1246857.0,,,,843.0,,,,90.0,1562.0,31052.0,128.0,9138.0,36942.0,35489.0,17081.0,53552.0,43768.0,4.0,48.0,1397.0,6.0,78.0,16.0,1447.0,162.0,2809.0,25.0,2020-07-11 00:00:00,2610.0,451.0,1117.0,1517.0,4809.0,27368.0,19520.0,18160.0,16883.0,11529.0,6746.0,5458.0,,0.0,0.0,0.0,1.0,16.0,54.0,114.0,255.0,546.0,810.0,1199.0,,24.0,28.0,13.0,94.0,827.0,1228.0,1708.0,2467.0,2675.0,2190.0,1913.0,,2056.0,9671.0,1478.0,6125.0,14.0,232.0,15.0,1250.0,865.0,4704.0,1.0,38.0
Georgia,GA,2020-07-12,13259.0,3001,116926,1268099.0,,,,864.0,,,,90.0,1571.0,31278.0,130.0,9160.0,38915.0,35782.0,17179.0,54002.0,45745.0,4.0,48.0,1398.0,6.0,78.0,16.0,1451.0,162.0,2814.0,25.0,2020-07-12 00:00:00,2621.0,461.0,1155.0,1559.0,4976.0,28107.0,19989.0,18543.0,17205.0,11707.0,6857.0,5503.0,,0.0,0.0,0.0,1.0,16.0,54.0,114.0,255.0,546.0,810.0,1204.0,,24.0,29.0,13.0,94.0,827.0,1234.0,1719.0,2472.0,2686.0,2199.0,1925.0,,2060.0,9716.0,1483.0,6142.0,14.0,235.0,15.0,1250.0,870.0,4733.0,1.0,37.0
Georgia,GA,2020-07-13,13476.0,3026,120569,1295571.0,,,,831.0,,,,90.0,1603.0,32149.0,142.0,9468.0,40522.0,36595.0,17465.0,55460.0,47644.0,4.0,48.0,1412.0,6.0,81.0,19.0,1456.0,165.0,2832.0,29.0,2020-07-13 00:00:00,2643.0,482.0,1193.0,1607.0,5130.0,29005.0,20703.0,19196.0,17699.0,12069.0,7022.0,5632.0,,0.0,0.0,0.0,1.0,18.0,55.0,116.0,258.0,553.0,813.0,1211.0,,25.0,29.0,13.0,96.0,849.0,1249.0,1745.0,2513.0,2738.0,2234.0,1950.0,,2096.0,9871.0,1509.0,6242.0,14.0,236.0,15.0,1273.0,887.0,4809.0,1.0,35.0
Georgia,GA,2020-07-14,13685.0,3054,123963,1319101.0,,,,925.0,,,,90.0,1646.0,32982.0,145.0,9761.0,41879.0,37460.0,17792.0,56680.0,49491.0,4.0,48.0,1427.0,6.0,81.0,20.0,1468.0,166.0,2856.0,32.0,2020-07-14 00:00:00,2662.0,489.0,1226.0,1653.0,5308.0,29919.0,21366.0,19723.0,18162.0,12330.0,7143.0,5719.0,,0.0,0.0,0.0,1.0,18.0,56.0,117.0,260.0,560.0,816.0,1225.0,,25.0,29.0,13.0,97.0,868.0,1276.0,1785.0,2558.0,2775.0,2254.0,1969.0,,2141.0,9999.0,1545.0,6339.0,14.0,241.0,15.0,1300.0,899.0,4877.0,1.0,36.0
Georgia,GA,2020-07-15,14102.0,3091,127834,1344161.0,,,,967.0,,,,88.0,1683.0,33849.0,147.0,9968.0,43566.0,38533.0,18261.0,58243.0,51330.0,4.0,49.0,1445.0,6.0,83.0,15.0,1489.0,171.0,2893.0,27.0,2020-07-15 00:00:00,2702.0,509.0,1280.0,1733.0,5567.0,30859.0,22065.0,20330.0,18702.0,12650.0,7351.0,5821.0,,0.0,0.0,0.0,1.0,20.0,58.0,118.0,264.0,565.0,828.0,1236.0,,26.0,31.0,14.0,97.0,899.0,1307.0,1859.0,2635.0,2864.0,2318.0,2015.0,,2202.0,10292.0,1608.0,6546.0,14.0,247.0,15.0,1337.0,940.0,5003.0,1.0,37.0
Georgia,GA,2020-07-16,14346.0,3104,131275,1371655.0,,,,1016.0,,,,92.0,1715.0,34493.0,153.0,10238.0,45249.0,39335.0,18563.0,59421.0,53291.0,4.0,49.0,1450.0,6.0,82.0,17.0,1496.0,171.0,2903.0,30.0,2020-07-16 00:00:00,2736.0,524.0,1323.0,1796.0,5797.0,31781.0,22649.0,20876.0,19175.0,12967.0,7477.0,5894.0,,0.0,0.0,0.0,1.0,20.0,59.0,119.0,268.0,565.0,830.0,1241.0,,27.0,32.0,16.0,98.0,918.0,1341.0,1904.0,2688.0,2893.0,2354.0,2037.0,,2253.0,10450.0,1643.0,6637.0,14.0,251.0,15.0,1374.0,976.0,5079.0,1.0,38.0
Georgia,GA,2020-07-17,14647.0,3132,135183,1394427.0,,,,919.0,,,,96.0,1750.0,35319.0,157.0,10457.0,47143.0,40261.0,18957.0,60765.0,55461.0,4.0,49.0,1461.0,7.0,86.0,21.0,1504.0,176.0,2922.0,34.0,2020-07-17 00:00:00,2781.0,514.0,1378.0,1870.0,6054.0,32923.0,23390.0,21542.0,19705.0,13266.0,7659.0,5963.0,,0.0,0.0,0.0,1.0,23.0,59.0,125.0,273.0,565.0,836.0,1250.0,,27.0,33.0,15.0,102.0,937.0,1372.0,1952.0,2756.0,2949.0,2402.0,2070.0,,2294.0,10667.0,1686.0,6771.0,14.0,255.0,15.0,1401.0,1018.0,5173.0,0.0,32.0
Georgia,GA,2020-07-18,14961.0,3168,139872,1431797.0,,,,953.0,,,,100.0,1787.0,36504.0,164.0,10687.0,49089.0,41541.0,19436.0,62708.0,57728.0,4.0,49.0,1470.0,7.0,87.0,35.0,1516.0,181.0,2940.0,47.0,2020-07-18 00:00:00,2819.0,525.0,1433.0,1955.0,6364.0,34087.0,24260.0,22344.0,20305.0,13693.0,7868.0,6085.0,,0.0,0.0,0.0,1.0,22.0,60.0,129.0,278.0,569.0,847.0,1262.0,,28.0,34.0,16.0,105.0,960.0,1407.0,2005.0,2815.0,3002.0,2458.0,2097.0,,2328.0,10890.0,1743.0,6921.0,14.0,256.0,18.0,1430.0,1054.0,5268.0,0.0,34.0
Georgia,GA,2020-07-19,14961.0,3168,139872,1431797.0,,,,953.0,,,,100.0,1787.0,36504.0,164.0,10687.0,49089.0,41541.0,19436.0,62708.0,57728.0,4.0,49.0,1470.0,7.0,87.0,35.0,1516.0,181.0,2940.0,47.0,2020-07-19 00:00:00,2819.0,525.0,1433.0,1955.0,6364.0,34087.0,24260.0,22344.0,20305.0,13693.0,7868.0,6085.0,,0.0,0.0,0.0,1.0,22.0,60.0,129.0,278.0,569.0,847.0,1262.0,,28.0,34.0,16.0,105.0,960.0,1407.0,2005.0,2815.0,3002.0,2458.0,2097.0,,2328.0,10890.0,1743.0,6921.0,14.0,256.0,18.0,1430.0,1054.0,5268.0,0.0,34.0
Georgia,GA,2020-07-20,15047.0,3176,145575,1479133.0,,,,975.0,,,,106.0,1806.0,37250.0,182.0,10914.0,53017.0,42300.0,19647.0,63897.0,62031.0,4.0,49.0,1473.0,7.0,88.0,36.0,1519.0,182.0,2947.0,47.0,2020-07-20 00:00:00,2829.0,540.0,1503.0,2080.0,6762.0,35563.0,25303.0,23267.0,21042.0,14190.0,8127.0,6223.0,,0.0,0.0,0.0,1.0,22.0,60.0,130.0,280.0,571.0,848.0,1264.0,,28.0,33.0,17.0,105.0,965.0,1413.0,2021.0,2831.0,3019.0,2475.0,2108.0,,2334.0,10956.0,1757.0,6953.0,14.0,256.0,18.0,1442.0,1062.0,5302.0,0.0,32.0
Georgia,GA,2020-07-21,15494.0,3254,148988,1501164.0,,,,1008.0,,,,109.0,1842.0,38168.0,178.0,11114.0,54074.0,43503.0,20056.0,65340.0,63592.0,5.0,51.0,1497.0,7.0,95.0,44.0,1555.0,189.0,3006.0,59.0,2020-07-21 00:00:00,2904.0,561.0,1558.0,2141.0,6992.0,36459.0,25879.0,23773.0,21542.0,14469.0,8286.0,6320.0,,0.0,0.0,0.0,1.0,24.0,60.0,132.0,291.0,579.0,873.0,1293.0,,32.0,33.0,19.0,112.0,1003.0,1455.0,2078.0,2915.0,3103.0,2545.0,2166.0,,2392.0,11267.0,1835.0,7144.0,15.0,260.0,18.0,1478.0,1080.0,5499.0,1.0,33.0
Georgia,GA,2020-07-22,15922.0,3335,152302,1523001.0,,,,1015.0,,,,114.0,1875.0,39406.0,181.0,11333.0,54674.0,44719.0,20562.0,67284.0,64456.0,5.0,53.0,1525.0,7.0,100.0,47.0,1598.0,196.0,3074.0,65.0,2020-07-22 00:00:00,2967.0,574.0,1591.0,2207.0,7217.0,37187.0,26444.0,24318.0,22044.0,14804.0,8472.0,6429.0,,0.0,0.0,0.0,1.0,24.0,63.0,135.0,300.0,593.0,898.0,1320.0,,32.0,36.0,20.0,118.0,1040.0,1500.0,2147.0,2985.0,3190.0,2602.0,2220.0,,2454.0,11580.0,1888.0,7325.0,15.0,263.0,18.0,1518.0,1109.0,5674.0,1.0,32.0
Georgia,GA,2020-07-23,16353.0,3360,156588,1544964.0,,,,1032.0,,,,121.0,1936.0,40774.0,185.0,11656.0,55828.0,46088.0,21123.0,69517.0,65948.0,5.0,55.0,1548.0,7.0,101.0,24.0,1620.0,200.0,3115.0,45.0,2020-07-23 00:00:00,3034.0,594.0,1646.0,2270.0,7490.0,38231.0,27209.0,25026.0,22636.0,15222.0,8673.0,6559.0,,0.0,0.0,0.0,1.0,26.0,62.0,134.0,304.0,603.0,902.0,1327.0,,34.0,37.0,19.0,121.0,1071.0,1550.0,2204.0,3059.0,3284.0,2660.0,2280.0,,2522.0,11915.0,1916.0,7523.0,15.0,272.0,20.0,1558.0,1143.0,5822.0,1.0,34.0
Georgia,GA,2020-07-24,16752.0,3442,161401,1594277.0,,,,1061.0,,,,123.0,1992.0,41874.0,193.0,11924.0,58028.0,47267.0,21585.0,71366.0,68450.0,4.0,56.0,1577.0,7.0,106.0,29.0,1663.0,203.0,3186.0,53.0,2020-07-24 00:00:00,3119.0,608.0,1713.0,2385.0,7797.0,39390.0,28055.0,25847.0,23313.0,15630.0,8926.0,6676.0,,0.0,0.0,0.0,1.0,26.0,62.0,138.0,306.0,618.0,923.0,1367.0,,35.0,39.0,20.0,125.0,1088.0,1585.0,2261.0,3145.0,3362.0,2728.0,2331.0,,2570.0,12214.0,1968.0,7702.0,16.0,278.0,20.0,1590.0,1185.0,5961.0,1.0,33.0
Georgia,GA,2020-07-25,17029.0,3495,165188,1622712.0,,,,1003.0,,,,126.0,2046.0,42970.0,200.0,12171.0,59250.0,48425.0,22052.0,73093.0,70043.0,4.0,59.0,1597.0,7.0,105.0,32.0,1691.0,205.0,3237.0,53.0,2020-07-25 00:00:00,3158.0,633.0,1766.0,2448.0,8073.0,40365.0,28747.0,26464.0,23850.0,15974.0,9079.0,6786.0,,0.0,0.0,0.0,1.0,26.0,62.0,141.0,313.0,632.0,933.0,1386.0,,36.0,39.0,20.0,126.0,1115.0,1621.0,2304.0,3181.0,3411.0,2765.0,2375.0,,2611.0,12420.0,1998.0,7820.0,16.0,282.0,20.0,1606.0,1212.0,6073.0,1.0,36.0
Georgia,GA,2020-07-26,17091.0,3498,167953,1645994.0,,,,1001.0,,,,132.0,2067.0,43532.0,206.0,12310.0,60686.0,49020.0,22291.0,73980.0,71682.0,4.0,59.0,1597.0,7.0,105.0,32.0,1694.0,205.0,3240.0,53.0,2020-07-26 00:00:00,3168.0,656.0,1828.0,2515.0,8275.0,41044.0,29219.0,26919.0,24242.0,16222.0,9192.0,6840.0,,0.0,0.0,0.0,1.0,26.0,62.0,141.0,313.0,633.0,934.0,1387.0,,36.0,39.0,20.0,126.0,1118.0,1622.0,2309.0,3193.0,3425.0,2783.0,2384.0,,2613.0,12481.0,1997.0,7836.0,16.0,282.0,20.0,1607.0,1211.0,6119.0,1.0,36.0
Georgia,GA,2020-07-27,17138.0,3509,170843,1672825.0,,,,993.0,,,,133.0,2077.0,43914.0,207.0,12444.0,62572.0,49496.0,22445.0,74548.0,73850.0,4.0,59.0,1598.0,7.0,106.0,33.0,1702.0,208.0,3246.0,55.0,2020-07-27 00:00:00,3172.0,666.0,1869.0,2565.0,8442.0,41822.0,29730.0,27384.0,24670.0,16475.0,9325.0,6902.0,,0.0,0.0,0.0,1.0,27.0,62.0,141.0,314.0,637.0,934.0,1390.0,,36.0,39.0,20.0,127.0,1121.0,1624.0,2312.0,3204.0,3438.0,2790.0,2391.0,,2620.0,12515.0,2003.0,7854.0,16.0,283.0,20.0,1607.0,1218.0,6140.0,3.0,36.0
Georgia,GA,2020-07-28,17138.0,3509,170843,1672825.0,,,,993.0,,,,133.0,2077.0,43914.0,207.0,12444.0,62572.0,49496.0,22445.0,74548.0,73850.0,4.0,59.0,1598.0,7.0,106.0,33.0,1702.0,208.0,3246.0,55.0,2020-07-28 00:00:00,3172.0,666.0,1869.0,2565.0,8442.0,41822.0,29730.0,27384.0,24670.0,16475.0,9325.0,6902.0,,0.0,0.0,0.0,1.0,27.0,62.0,141.0,314.0,637.0,934.0,1390.0,,36.0,39.0,20.0,127.0,1121.0,1624.0,2312.0,3204.0,3438.0,2790.0,2391.0,,2620.0,12515.0,2003.0,7854.0,16.0,283.0,20.0,1607.0,1218.0,6140.0,3.0,36.0
Georgia,GA,2020-07-29,17964.0,3642,178323,1734108.0,,,,1136.0,,,,128.0,2186.0,46025.0,222.0,12937.0,64903.0,51922.0,23439.0,78172.0,76712.0,3.0,62.0,1645.0,7.0,110.0,49.0,1766.0,216.0,3349.0,77.0,2020-07-29 00:00:00,3301.0,696.0,1958.0,2697.0,8944.0,43506.0,30974.0,28570.0,25756.0,17165.0,9762.0,7159.0,,0.0,0.0,0.0,1.0,27.0,68.0,148.0,328.0,659.0,971.0,1437.0,,37.0,40.0,21.0,134.0,1169.0,1697.0,2421.0,3348.0,3604.0,2947.0,2506.0,,2713.0,13120.0,2131.0,8198.0,15.0,293.0,21.0,1692.0,1304.0,6441.0,3.0,40.0
Georgia,GA,2020-07-30,18303.0,3671,182286,1765491.0,,,,1310.0,,,,135.0,2243.0,47045.0,232.0,13200.0,66186.0,53245.0,23959.0,79970.0,78357.0,2.0,63.0,1665.0,7.0,111.0,42.0,1781.0,218.0,3390.0,63.0,2020-07-30 00:00:00,3354.0,716.0,2002.0,2767.0,9179.0,44409.0,31604.0,29253.0,26337.0,17524.0,9954.0,7231.0,,0.0,0.0,0.0,1.0,27.0,69.0,149.0,332.0,668.0,980.0,1443.0,,37.0,39.0,23.0,138.0,1198.0,1719.0,2463.0,3418.0,3678.0,2997.0,2552.0,,2754.0,13376.0,2173.0,8351.0,14.0,298.0,22.0,1725.0,1331.0,6562.0,2.0,41.0
Georgia,GA,2020-07-31,18689.0,3752,186352,1801231.0,,,,1549.0,,,,149.0,2300.0,47983.0,237.0,13485.0,67649.0,54549.0,24420.0,81720.0,80212.0,3.0,63.0,1699.0,7.0,113.0,46.0,1821.0,224.0,3454.0,74.0,2020-07-31 00:00:00,3414.0,729.0,2039.0,2858.0,9432.0,45323.0,32271.0,29813.0,26891.0,17916.0,10184.0,7347.0,,0.0,0.0,0.0,1.0,28.0,72.0,152.0,340.0,683.0,999.0,1475.0,,37.0,42.0,23.0,142.0,1219.0,1763.0,2523.0,3476.0,3760.0,3062.0,2600.0,,2803.0,13649.0,2237.0,8499.0,15.0,302.0,23.0,1763.0,1384.0,6703.0,2.0,42.0
Georgia,GA,2020-08-01,18995.0,3825,190012,1825361.0,,,,1742.0,,,,157.0,2347.0,48811.0,236.0,13718.0,69063.0,55680.0,24780.0,83169.0,82063.0,3.0,64.0,1720.0,8.0,114.0,49.0,1867.0,229.0,3515.0,81.0,2020-08-01 00:00:00,3475.0,744.0,2098.0,2924.0,9662.0,46104.0,32842.0,30363.0,27427.0,18256.0,10378.0,7472.0,,0.0,0.0,0.0,1.0,28.0,75.0,153.0,348.0,691.0,1022.0,1505.0,,37.0,41.0,23.0,143.0,1244.0,1791.0,2568.0,3524.0,3828.0,3114.0,2638.0,,2841.0,13876.0,2278.0,8620.0,15.0,310.0,25.0,1785.0,1418.0,6822.0,2.0,44.0
Georgia,GA,2020-08-02,19064.0,3840,193177,1856411.0,,,,1870.0,,,,160.0,2376.0,49354.0,237.0,13910.0,70807.0,56333.0,24984.0,84049.0,84144.0,3.0,64.0,1722.0,8.0,117.0,50.0,1876.0,232.0,3525.0,83.0,2020-08-02 00:00:00,3496.0,752.0,2141.0,2987.0,9835.0,46888.0,33353.0,30860.0,27901.0,18507.0,10529.0,7554.0,,0.0,0.0,0.0,1.0,28.0,75.0,155.0,352.0,696.0,1025.0,1507.0,,37.0,41.0,24.0,144.0,1251.0,1798.0,2578.0,3536.0,3844.0,3126.0,2644.0,,2847.0,13929.0,2288.0,8645.0,15.0,311.0,25.0,1792.0,1431.0,6845.0,1.0,41.0
Georgia,GA,2020-08-03,19124.0,3842,195435,1880274.0,,,,2020.0,,,,160.0,2396.0,49716.0,238.0,14027.0,72138.0,56760.0,25148.0,84559.0,85728.0,3.0,64.0,1722.0,8.0,117.0,51.0,1877.0,232.0,3526.0,84.0,2020-08-03 00:00:00,3512.0,758.0,2178.0,3024.0,9972.0,47446.0,33675.0,31201.0,28212.0,18705.0,10628.0,7616.0,,0.0,0.0,0.0,1.0,28.0,75.0,155.0,352.0,697.0,1026.0,1507.0,,39.0,42.0,24.0,147.0,1254.0,1805.0,2582.0,3541.0,3857.0,3136.0,2657.0,,2855.0,13973.0,2296.0,8666.0,15.0,310.0,25.0,1794.0,1438.0,6876.0,1.0,40.0
Georgia,GA,2020-08-04,19426.0,3921,197948,1898517.0,,,,2163.0,,,,156.0,2458.0,50528.0,247.0,14235.0,72495.0,57829.0,25567.0,85984.0,86397.0,3.0,65.0,1753.0,8.0,119.0,57.0,1916.0,234.0,3594.0,93.0,2020-08-04 00:00:00,3556.0,765.0,2200.0,3063.0,10106.0,47961.0,34051.0,31571.0,28589.0,18969.0,10796.0,7714.0,,0.0,0.0,0.0,1.0,28.0,76.0,161.0,359.0,711.0,1045.0,1539.0,,40.0,43.0,24.0,149.0,1278.0,1837.0,2607.0,3598.0,3932.0,3182.0,2695.0,,2905.0,14169.0,2352.0,8784.0,15.0,316.0,26.0,1824.0,1476.0,6985.0,1.0,41.0
Georgia,GA,2020-08-05,19788.0,3984,201713,1931750.0,,,,2324.0,,,,157.0,2520.0,51523.0,249.0,14469.0,73495.0,59300.0,26014.0,88105.0,87594.0,3.0,68.0,1775.0,7.0,122.0,62.0,1947.0,238.0,3648.0,98.0,2020-08-05 00:00:00,3616.0,774.0,2238.0,3119.0,10296.0,48754.0,34640.0,32176.0,29135.0,19345.0,11037.0,7875.0,,0.0,0.0,0.0,1.0,30.0,77.0,162.0,367.0,727.0,1058.0,1561.0,,42.0,44.0,25.0,152.0,1310.0,1875.0,2654.0,3656.0,4001.0,3247.0,2741.0,,2952.0,14430.0,2406.0,8922.0,16.0,320.0,26.0,1867.0,1520.0,7117.0,1.0,41.0
Georgia,GA,2020-08-06,20002.0,4026,204895,1963778.0,,,,2562.0,,,,163.0,2562.0,52247.0,248.0,14626.0,74789.0,60260.0,26379.0,89388.0,89128.0,4.0,66.0,1798.0,7.0,124.0,49.0,1978.0,242.0,3708.0,76.0,2020-08-06 00:00:00,3647.0,781.0,2282.0,3187.0,10488.0,49423.0,35195.0,32688.0,29539.0,19593.0,11174.0,7983.0,,0.0,0.0,1.0,1.0,32.0,77.0,163.0,371.0,734.0,1067.0,1580.0,,43.0,44.0,25.0,155.0,1325.0,1888.0,2682.0,3689.0,4051.0,3281.0,2778.0,,2979.0,14612.0,2411.0,9010.0,17.0,324.0,26.0,1881.0,1521.0,7223.0,0.0,41.0
Georgia,GA,2020-08-07,20282.0,4117,209004,1995937.0,,,,2731.0,,,,170.0,2626.0,53285.0,250.0,14891.0,76110.0,61672.0,26842.0,91257.0,90905.0,4.0,68.0,1830.0,7.0,130.0,56.0,2022.0,249.0,3783.0,85.0,2020-08-07 00:00:00,3700.0,795.0,2331.0,3247.0,10716.0,50381.0,35870.0,33345.0,30131.0,19969.0,11378.0,8110.0,,0.0,0.0,1.0,1.0,32.0,80.0,169.0,378.0,750.0,1090.0,1616.0,,44.0,46.0,27.0,157.0,1338.0,1909.0,2720.0,3751.0,4109.0,3330.0,2808.0,,3020.0,14806.0,2456.0,9104.0,18.0,328.0,27.0,1908.0,1547.0,7350.0,0.0,43.0
Georgia,GA,2020-08-08,20556.0,4186,213427,2043693.0,,,,3028.0,,,,180.0,2685.0,54324.0,264.0,15111.0,77993.0,62870.0,27236.0,92899.0,93292.0,4.0,69.0,1865.0,7.0,130.0,59.0,2052.0,254.0,3841.0,91.0,2020-08-08 00:00:00,3739.0,812.0,2381.0,3302.0,10946.0,51297.0,36555.0,34015.0,30785.0,20409.0,11638.0,8259.0,,0.0,0.0,1.0,1.0,31.0,80.0,172.0,387.0,772.0,1104.0,1638.0,,45.0,47.0,27.0,156.0,1357.0,1933.0,2750.0,3798.0,4168.0,3377.0,2850.0,,3062.0,14991.0,2503.0,9216.0,18.0,336.0,28.0,1941.0,1576.0,7441.0,0.0,48.0
Georgia,GA,2020-08-09,20628.0,4199,216596,2082997.0,,,,3116.0,,,,190.0,2711.0,54824.0,267.0,15322.0,79826.0,63456.0,27438.0,93818.0,95340.0,4.0,69.0,1867.0,7.0,131.0,63.0,2058.0,256.0,3849.0,94.0,2020-08-09 00:00:00,3752.0,827.0,2400.0,3353.0,11134.0,52010.0,37029.0,34509.0,31252.0,20716.0,11846.0,8404.0,,0.0,0.0,1.0,1.0,32.0,80.0,172.0,387.0,775.0,1110.0,1641.0,,45.0,47.0,27.0,156.0,1359.0,1938.0,2760.0,3814.0,4181.0,3396.0,2856.0,,3073.0,15045.0,2510.0,9240.0,18.0,337.0,28.0,1952.0,1584.0,7469.0,0.0,49.0
Georgia,GA,2020-08-10,20676.0,4229,219025,2111995.0,,,,3221.0,,,,194.0,2733.0,55281.0,271.0,15459.0,81114.0,63973.0,27616.0,94560.0,96849.0,4.0,71.0,1873.0,7.0,132.0,64.0,2078.0,258.0,3873.0,98.0,2020-08-10 20:01:35.953092,3767.0,837.0,2430.0,3395.0,11261.0,52564.0,37417.0,34884.0,31586.0,20932.0,12002.0,8496.0,,0.0,0.0,1.0,1.0,32.0,81.0,172.0,394.0,781.0,1123.0,1643.0,,45.0,47.0,27.0,156.0,1360.0,1939.0,2765.0,3819.0,4197.0,3406.0,2864.0,,3080.0,15080.0,2516.0,9256.0,18.0,337.0,28.0,1954.0,1588.0,7495.0,1.0,51.0
Georgia,GA,2020-08-11,21031.0,4351,222588,2146153.0,,,,3195.0,,,,181.0,2802.0,56159.0,277.0,15744.0,82085.0,65340.0,28036.0,96285.0,98267.0,4.0,74.0,1920.0,5.0,129.0,67.0,2152.0,267.0,3987.0,97.0,2020-08-11 20:01:42.229082,3832.0,846.0,2487.0,3461.0,11488.0,53399.0,38032.0,35468.0,32104.0,21248.0,12225.0,8635.0,,0.0,0.0,1.0,1.0,31.0,82.0,176.0,403.0,812.0,1158.0,1685.0,,45.0,52.0,29.0,160.0,1379.0,1964.0,2806.0,3872.0,4279.0,3466.0,2927.0,,3136.0,15344.0,2551.0,9392.0,18.0,343.0,26.0,1990.0,1621.0,7641.0,2.0,52.0
Georgia,GA,2020-08-12,21379.0,4456,226153,2170005.0,,,,3412.0,,,,184.0,2870.0,57435.0,281.0,16046.0,82265.0,67072.0,28548.0,98613.0,98992.0,4.0,76.0,1971.0,5.0,127.0,48.0,2225.0,279.0,4094.0,83.0,2020-08-12 20:27:22.708173,3929.0,857.0,2529.0,3531.0,11763.0,54042.0,38572.0,36030.0,32587.0,21610.0,12432.0,8788.0,,0.0,0.0,1.0,1.0,33.0,83.0,179.0,413.0,834.0,1181.0,1731.0,,46.0,52.0,29.0,166.0,1403.0,1999.0,2848.0,3925.0,4338.0,3537.0,2984.0,,3177.0,15617.0,2585.0,9536.0,18.0,346.0,27.0,2005.0,1644.0,7803.0,0.0,52.0
Georgia,GA,2020-08-13,21581.0,4538,228668,2197265.0,,,,3405.0,,,,182.0,2903.0,57952.0,283.0,16165.0,83292.0,67891.0,28775.0,99652.0,100241.0,4.0,77.0,2007.0,5.0,132.0,49.0,2264.0,285.0,4167.0,86.0,2020-08-13 20:25:22.446805,3963.0,863.0,2570.0,3588.0,11940.0,54562.0,38976.0,36422.0,32951.0,21871.0,12621.0,8899.0,,0.0,0.0,1.0,1.0,34.0,84.0,183.0,423.0,846.0,1202.0,1764.0,,46.0,53.0,29.0,171.0,1420.0,2014.0,2862.0,3966.0,4388.0,3574.0,3006.0,,3204.0,15742.0,2635.0,9596.0,18.0,349.0,28.0,2026.0,1687.0,7877.0,0.0,52.0
Georgia,GA,2020-08-14,21818.0,4573,231895,2227476.0,,,,3675.0,,,,187.0,2983.0,58998.0,300.0,16444.0,83679.0,69304.0,29182.0,101583.0,101130.0,4.0,77.0,2020.0,5.0,134.0,51.0,2282.0,287.0,4198.0,88.0,2020-08-14 20:03:24.444672,3999.0,877.0,2607.0,3644.0,12151.0,55184.0,39452.0,36905.0,33428.0,22182.0,12794.0,8996.0,,0.0,0.0,1.0,2.0,36.0,86.0,183.0,426.0,850.0,1215.0,1774.0,,46.0,53.0,31.0,174.0,1433.0,2035.0,2888.0,4025.0,4429.0,3615.0,3038.0,,3237.0,15912.0,2669.0,9695.0,17.0,352.0,30.0,2041.0,1711.0,7972.0,0.0,51.0
Georgia,GA,2020-08-15,22028.0,4669,235168,2247798.0,,,,3777.0,,,,182.0,3031.0,59740.0,302.0,16629.0,84660.0,70624.0,29527.0,103275.0,102366.0,4.0,78.0,2058.0,5.0,137.0,56.0,2331.0,292.0,4282.0,95.0,2020-08-15 20:03:47.803662,4042.0,892.0,2641.0,3712.0,12390.0,55890.0,39983.0,37420.0,33911.0,22459.0,12979.0,9114.0,,0.0,0.0,1.0,2.0,37.0,90.0,188.0,436.0,873.0,1237.0,1805.0,,46.0,53.0,32.0,176.0,1440.0,2050.0,2918.0,4062.0,4468.0,3666.0,3063.0,,3266.0,16077.0,2685.0,9769.0,17.0,356.0,30.0,2058.0,1730.0,8068.0,0.0,54.0
Georgia,GA,2020-08-16,22087.0,4702,237030,2267382.0,,,,3855.0,,,,185.0,3081.0,60365.0,309.0,16793.0,84835.0,71462.0,29741.0,104355.0,102934.0,4.0,78.0,2070.0,6.0,137.0,58.0,2349.0,295.0,4307.0,100.0,2020-08-16 20:12:21.699720,4050.0,900.0,2673.0,3760.0,12518.0,56275.0,40278.0,37725.0,34165.0,22630.0,13096.0,9155.0,,0.0,0.0,1.0,2.0,38.0,90.0,189.0,439.0,880.0,1250.0,1813.0,,46.0,53.0,32.0,175.0,1446.0,2063.0,2926.0,4072.0,4478.0,3671.0,3071.0,,3282.0,16114.0,2691.0,9784.0,17.0,357.0,31.0,2059.0,1745.0,8094.0,0.0,54.0
Georgia,GA,2020-08-17,22133.0,4727,238861,2293873.0,,,,3747.0,,,,185.0,3101.0,60821.0,310.0,16928.0,85433.0,72083.0,29890.0,105103.0,103868.0,4.0,78.0,2082.0,7.0,137.0,58.0,2361.0,297.0,4324.0,106.0,2020-08-17 19:48:08.519485,4061.0,902.0,2702.0,3796.0,12655.0,56687.0,40591.0,38017.0,34495.0,22829.0,13213.0,9227.0,,0.0,0.0,1.0,2.0,39.0,91.0,190.0,443.0,884.0,1253.0,1824.0,,46.0,53.0,32.0,175.0,1453.0,2066.0,2928.0,4081.0,4487.0,3681.0,3077.0,,3286.0,16145.0,2702.0,9807.0,17.0,359.0,32.0,2061.0,1741.0,8116.0,0.0,54.0
Georgia,GA,2020-08-18,22429.0,4794,241677,2332364.0,,,,3616.0,,,,192.0,3160.0,61674.0,309.0,17115.0,85958.0,73269.0,30190.0,106844.0,104643.0,4.0,79.0,2098.0,7.0,142.0,67.0,2397.0,301.0,4375.0,118.0,2020-08-18 19:52:43.205342,4117.0,909.0,2750.0,3850.0,12852.0,57348.0,41049.0,38464.0,34954.0,23155.0,13401.0,9329.0,,0.0,0.0,1.0,2.0,40.0,91.0,192.0,453.0,902.0,1269.0,1844.0,,46.0,56.0,34.0,177.0,1472.0,2083.0,2957.0,4135.0,4538.0,3749.0,3127.0,,3311.0,16361.0,2757.0,9916.0,18.0,363.0,33.0,2080.0,1770.0,8249.0,0.0,55.0
Georgia,GA,2020-08-19,22664.0,4849,243982,2348777.0,,,,3577.0,,,,193.0,3207.0,62408.0,311.0,17346.0,85938.0,74579.0,30561.0,108403.0,105018.0,5.0,82.0,2114.0,7.0,145.0,70.0,2426.0,304.0,4422.0,123.0,2020-08-19 20:10:07.352223,4143.0,919.0,2773.0,3885.0,13019.0,57852.0,41449.0,38848.0,35336.0,23408.0,13538.0,9378.0,,0.0,0.0,1.0,2.0,40.0,93.0,195.0,460.0,914.0,1281.0,1862.0,,47.0,57.0,36.0,181.0,1484.0,2105.0,2984.0,4178.0,4589.0,3794.0,3154.0,,3345.0,16527.0,2792.0,10001.0,19.0,364.0,33.0,2116.0,1793.0,8338.0,1.0,55.0
Georgia,GA,2020-08-20,22880.0,4904,246741,2372279.0,,,,3580.0,,,,189.0,3285.0,63371.0,317.0,17643.0,85738.0,76198.0,31024.0,110397.0,105320.0,5.0,87.0,2143.0,7.0,146.0,54.0,2462.0,306.0,4506.0,92.0,2020-08-20 20:07:34.198852,4185.0,923.0,2816.0,3947.0,13220.0,58479.0,41883.0,39293.0,35735.0,23686.0,13710.0,9469.0,,0.0,0.0,1.0,2.0,40.0,92.0,196.0,463.0,928.0,1306.0,1876.0,,48.0,58.0,37.0,182.0,1493.0,2121.0,3013.0,4208.0,4645.0,3839.0,3181.0,,3373.0,16724.0,2783.0,10091.0,19.0,368.0,34.0,2143.0,1778.0,8447.0,0.0,55.0
Georgia,GA,2020-08-21,23125.0,4998,249630,2403369.0,,,,3408.0,,,,187.0,3344.0,64265.0,326.0,17809.0,86186.0,77513.0,31488.0,112135.0,106007.0,5.0,89.0,2180.0,7.0,149.0,56.0,2512.0,311.0,4589.0,98.0,2020-08-21 21:56:30.522192,4218.0,939.0,2863.0,4009.0,13463.0,59224.0,42350.0,39796.0,36189.0,23972.0,13856.0,9561.0,,0.0,0.0,1.0,2.0,41.0,95.0,201.0,471.0,946.0,1328.0,1913.0,,52.0,59.0,38.0,188.0,1508.0,2141.0,3039.0,4263.0,4691.0,3872.0,3220.0,,3403.0,16886.0,2836.0,10178.0,19.0,375.0,34.0,2166.0,1818.0,8535.0,0.0,54.0
Georgia,GA,2020-08-22,23325.0,5092,252222,2435370.0,,,,3367.0,,,,186.0,3398.0,64994.0,331.0,17997.0,86465.0,78851.0,31776.0,113800.0,106646.0,5.0,91.0,2210.0,7.0,148.0,49.0,2582.0,318.0,4695.0,79.0,2020-08-22 19:07:48.090007,4251.0,950.0,2903.0,4065.0,13698.0,59851.0,42778.0,40174.0,36577.0,24215.0,14010.0,9634.0,,0.0,0.0,1.0,2.0,43.0,96.0,203.0,480.0,965.0,1352.0,1950.0,,52.0,59.0,38.0,189.0,1521.0,2160.0,3059.0,4305.0,4723.0,3917.0,3248.0,,3418.0,17048.0,2859.0,10249.0,19.0,378.0,34.0,2173.0,1835.0,8637.0,0.0,54.0
Georgia,GA,2020-08-23,23369.0,5132,253949,2459891.0,,,,3464.0,,,,190.0,3425.0,65385.0,332.0,18109.0,87097.0,79411.0,31945.0,114547.0,107457.0,5.0,91.0,2218.0,7.0,148.0,50.0,2613.0,319.0,4732.0,81.0,2020-08-23 20:03:33.388150,4265.0,960.0,2925.0,4121.0,13825.0,60236.0,43016.0,40420.0,36799.0,24383.0,14106.0,9694.0,,0.0,0.0,1.0,2.0,43.0,96.0,204.0,485.0,972.0,1359.0,1970.0,,52.0,59.0,38.0,189.0,1524.0,2158.0,3064.0,4313.0,4730.0,3929.0,3259.0,,3417.0,17081.0,2871.0,10262.0,19.0,379.0,34.0,2176.0,1844.0,8655.0,0.0,54.0
Georgia,GA,2020-08-24,23425.0,5156,256253,2494940.0,,,,3454.0,,,,193.0,3461.0,66314.0,337.0,18323.0,87364.0,80261.0,32143.0,116002.0,108108.0,5.0,90.0,2228.0,7.0,149.0,51.0,2626.0,319.0,4756.0,81.0,2020-08-24 19:09:00.494036,4272.0,966.0,2959.0,4169.0,13995.0,60868.0,43386.0,40771.0,37121.0,24583.0,14223.0,9758.0,,0.0,0.0,1.0,2.0,43.0,96.0,204.0,488.0,980.0,1362.0,1980.0,,52.0,59.0,38.0,189.0,1528.0,2162.0,3070.0,4323.0,4739.0,3942.0,3269.0,,3423.0,17128.0,2874.0,10293.0,19.0,377.0,34.0,2183.0,1842.0,8677.0,0.0,54.0
Georgia,GA,2020-08-25,23717.0,5262,258354,2526971.0,,,,3250.0,,,,201.0,3526.0,66864.0,339.0,18513.0,87412.0,81499.0,32466.0,117503.0,108385.0,5.0,95.0,2267.0,7.0,151.0,59.0,2678.0,322.0,4851.0,89.0,2020-08-25 20:05:49.753340,4322.0,971.0,2986.0,4213.0,14150.0,61518.0,43704.0,41088.0,37425.0,24815.0,14376.0,9858.0,,0.0,0.0,1.0,3.0,44.0,97.0,208.0,494.0,1001.0,1394.0,2020.0,,56.0,60.0,41.0,192.0,1552.0,2178.0,3099.0,4367.0,4796.0,4006.0,3318.0,,3451.0,17356.0,2910.0,10390.0,20.0,381.0,35.0,2205.0,1871.0,8815.0,0.0,52.0
Georgia,GA,2020-08-26,23939.0,5311,260590,2551274.0,,,,3253.0,,,,209.0,3614.0,67716.0,340.0,18882.0,86758.0,83071.0,33039.0,119371.0,108180.0,6.0,98.0,2295.0,7.0,141.0,59.0,2705.0,323.0,4907.0,81.0,2020-08-26 20:08:43.095622,4360.0,971.0,3008.0,4240.0,14300.0,62140.0,44048.0,41435.0,37758.0,25006.0,14496.0,9935.0,,0.0,0.0,1.0,3.0,44.0,98.0,211.0,503.0,1011.0,1405.0,2034.0,,56.0,61.0,41.0,195.0,1575.0,2197.0,3128.0,4406.0,4828.0,4051.0,3346.0,,3488.0,17530.0,2921.0,10478.0,21.0,389.0,33.0,2227.0,1877.0,8914.0,1.0,55.0
Georgia,GA,2020-08-27,24127.0,5393,263074,2572096.0,,,,3238.0,,,,213.0,3677.0,68293.0,343.0,19087.0,86984.0,84477.0,33375.0,120996.0,108703.0,6.0,99.0,2316.0,7.0,148.0,69.0,2748.0,328.0,4977.0,88.0,2020-08-27 20:00:27.012827,4397.0,983.0,3043.0,4303.0,14518.0,62813.0,44397.0,41793.0,38127.0,25225.0,14631.0,10003.0,,0.0,0.0,1.0,3.0,44.0,99.0,215.0,514.0,1028.0,1421.0,2068.0,,58.0,61.0,40.0,197.0,1588.0,2206.0,3155.0,4445.0,4868.0,4087.0,3369.0,,3518.0,17677.0,2932.0,10534.0,20.0,391.0,34.0,2252.0,1897.0,8999.0,0.0,53.0
Georgia,GA,2020-08-28,24335.0,5471,265372,2595720.0,,,,3213.0,,,,209.0,3729.0,68842.0,347.0,19278.0,86895.0,86072.0,33736.0,122857.0,108779.0,6.0,100.0,2335.0,7.0,150.0,77.0,2796.0,329.0,5049.0,93.0,2020-08-28 19:51:28.419390,4433.0,990.0,3065.0,4359.0,14727.0,63535.0,44699.0,42122.0,38413.0,25456.0,14720.0,10073.0,,0.0,1.0,1.0,3.0,44.0,98.0,216.0,517.0,1046.0,1440.0,2104.0,,58.0,62.0,41.0,198.0,1601.0,2224.0,3179.0,4479.0,4916.0,4117.0,3406.0,,3539.0,17825.0,2971.0,10606.0,19.0,393.0,34.0,2267.0,1932.0,9084.0,1.0,54.0
Georgia,GA,2020-08-29,24533.0,5576,267758,2624567.0,,,,3172.0,,,,214.0,3792.0,69460.0,355.0,19504.0,86973.0,87460.0,34085.0,124520.0,109153.0,7.0,101.0,2376.0,7.0,155.0,84.0,2846.0,336.0,5138.0,102.0,2020-08-29 19:53:21.336843,4479.0,996.0,3110.0,4391.0,14923.0,64286.0,45036.0,42414.0,38721.0,25686.0,14859.0,10164.0,,0.0,1.0,1.0,3.0,44.0,99.0,221.0,535.0,1070.0,1461.0,2140.0,,58.0,63.0,41.0,201.0,1609.0,2235.0,3206.0,4509.0,4966.0,4157.0,3433.0,,3550.0,17976.0,3007.0,10663.0,19.0,393.0,34.0,2274.0,1966.0,9184.0,1.0,55.0
Georgia,GA,2020-08-30,24572.0,5604,268973,2641496.0,,,,3268.0,,,,215.0,3816.0,69744.0,358.0,19582.0,87147.0,88111.0,34255.0,125482.0,109236.0,7.0,101.0,2385.0,7.0,155.0,85.0,2864.0,337.0,5165.0,102.0,2020-08-30 19:45:12.447878,4489.0,1000.0,3134.0,4418.0,14995.0,64671.0,45184.0,42553.0,38827.0,25790.0,14916.0,10217.0,,0.0,1.0,1.0,3.0,45.0,100.0,222.0,537.0,1078.0,1468.0,2148.0,,58.0,63.0,41.0,201.0,1609.0,2240.0,3205.0,4519.0,4979.0,4163.0,3439.0,,3555.0,18019.0,2998.0,10672.0,19.0,395.0,34.0,2276.0,1963.0,9213.0,1.0,55.0
Georgia,GA,2020-08-31,24604.0,5633,270471,2658989.0,,,,3184.0,,,,214.0,3847.0,70071.0,360.0,19701.0,87425.0,88853.0,34443.0,126486.0,109542.0,7.0,101.0,2394.0,7.0,155.0,86.0,2883.0,340.0,5190.0,103.0,2020-08-31 21:11:23.989664,4493.0,1006.0,3146.0,4433.0,15109.0,65267.0,45418.0,42747.0,39006.0,25903.0,14983.0,10269.0,,0.0,1.0,1.0,3.0,46.0,100.0,222.0,537.0,1087.0,1473.0,2162.0,,58.0,63.0,42.0,201.0,1614.0,2244.0,3210.0,4521.0,4987.0,4166.0,3443.0,,3561.0,18052.0,2991.0,10685.0,19.0,395.0,34.0,2277.0,1961.0,9233.0,1.0,55.0
Georgia,GA,2020-09-01,24847.0,5733,272697,2686644.0,,,,3067.0,,,,216.0,3925.0,70642.0,366.0,19990.0,87234.0,90324.0,34837.0,128415.0,109445.0,6.0,102.0,2436.0,8.0,160.0,89.0,2932.0,348.0,5280.0,105.0,2020-09-01 19:52:09.553981,4537.0,1017.0,3182.0,4480.0,15261.0,66153.0,45712.0,43019.0,39263.0,26112.0,15094.0,10337.0,,0.0,1.0,1.0,3.0,45.0,101.0,225.0,547.0,1109.0,1506.0,2195.0,,58.0,64.0,42.0,203.0,1632.0,2276.0,3228.0,4557.0,5041.0,4204.0,3486.0,,3584.0,18283.0,2980.0,10767.0,20.0,398.0,34.0,2300.0,1976.0,9352.0,0.0,56.0
Georgia,GA,2020-09-02,25025.0,5795,274613,2702449.0,,,,3111.0,,,,221.0,3975.0,71204.0,373.0,20185.0,86722.0,91933.0,35229.0,130219.0,109165.0,6.0,102.0,2482.0,8.0,152.0,46.0,2999.0,354.0,5376.0,65.0,2020-09-02 20:00:16.795018,4588.0,1025.0,3198.0,4509.0,15383.0,66882.0,45934.0,43250.0,39473.0,26278.0,15185.0,10385.0,,0.0,1.0,1.0,3.0,45.0,102.0,228.0,553.0,1124.0,1521.0,2217.0,,60.0,65.0,42.0,205.0,1651.0,2290.0,3246.0,4579.0,5082.0,4235.0,3514.0,,3603.0,18464.0,2958.0,10850.0,21.0,402.0,35.0,2304.0,1946.0,9467.0,0.0,56.0
Georgia,GA,2020-09-03,25259.0,5868,277288,2735624.0,,,,2979.0,,,,230.0,4033.0,71803.0,379.0,20338.0,87101.0,93404.0,35540.0,131934.0,109814.0,6.0,104.0,2511.0,8.0,153.0,49.0,3037.0,357.0,5445.0,66.0,2020-09-03 20:48:07.966203,4628.0,1029.0,3221.0,4555.0,15576.0,67954.0,46275.0,43601.0,39832.0,26501.0,15312.0,10453.0,,0.0,1.0,1.0,3.0,46.0,103.0,230.0,562.0,1129.0,1543.0,2250.0,,61.0,67.0,42.0,210.0,1670.0,2307.0,3291.0,4612.0,5120.0,4277.0,3545.0,,3625.0,18633.0,3001.0,10925.0,22.0,403.0,35.0,2322.0,1977.0,9575.0,0.0,57.0
Georgia,GA,2020-09-04,25402.0,5931,279354,2760556.0,,,,3099.0,,,,235.0,4078.0,72225.0,384.0,20489.0,87347.0,94596.0,35823.0,133304.0,110227.0,6.0,105.0,2526.0,8.0,155.0,53.0,3078.0,359.0,5504.0,68.0,2020-09-04 20:48:16.005324,4664.0,1036.0,3240.0,4592.0,15716.0,68664.0,46526.0,43833.0,40086.0,26650.0,15408.0,10504.0,,0.0,1.0,1.0,3.0,48.0,104.0,232.0,566.0,1140.0,1560.0,2276.0,,61.0,67.0,43.0,215.0,1682.0,2317.0,3303.0,4634.0,5156.0,4302.0,3565.0,,3640.0,18747.0,3015.0,10987.0,21.0,408.0,35.0,2335.0,1976.0,9640.0,0.0,57.0
Georgia,GA,2020-09-05,25501.0,5977,281548,2790898.0,,,,2885.0,,,,236.0,4152.0,72701.0,387.0,20676.0,87568.0,95828.0,36101.0,134762.0,110685.0,6.0,106.0,2544.0,8.0,155.0,60.0,3098.0,362.0,5540.0,75.0,2020-09-05 20:06:30.177233,4681.0,1046.0,3258.0,4628.0,15871.0,69578.0,46792.0,44167.0,40388.0,26854.0,15510.0,10571.0,,0.0,1.0,1.0,3.0,46.0,106.0,233.0,570.0,1153.0,1575.0,2288.0,,61.0,67.0,44.0,218.0,1687.0,2326.0,3319.0,4648.0,5177.0,4326.0,3573.0,,3661.0,18819.0,3021.0,11026.0,21.0,408.0,34.0,2340.0,1989.0,9683.0,1.0,55.0
Georgia,GA,2020-09-06,25523.0,6037,283199,2810979.0,,,,2940.0,,,,235.0,4186.0,72940.0,388.0,20713.0,88400.0,96337.0,36233.0,135644.0,111322.0,6.0,106.0,2569.0,9.0,155.0,61.0,3131.0,367.0,5595.0,75.0,2020-09-06 20:05:25.332719,4684.0,1048.0,3271.0,4650.0,15961.0,70219.0,46976.0,44371.0,40575.0,26972.0,15596.0,10620.0,,0.0,1.0,1.0,3.0,46.0,106.0,237.0,576.0,1164.0,1596.0,2306.0,,61.0,67.0,44.0,218.0,1688.0,2325.0,3321.0,4653.0,5180.0,4334.0,3577.0,,3663.0,18864.0,2996.0,11036.0,21.0,409.0,35.0,2334.0,1987.0,9701.0,1.0,55.0
Georgia,GA,2020-09-07,25538.0,6044,283807,2823261.0,,,,2896.0,,,,234.0,4202.0,73068.0,388.0,20752.0,88487.0,96676.0,36299.0,135990.0,111518.0,6.0,106.0,2571.0,9.0,155.0,62.0,3135.0,367.0,5601.0,76.0,2020-09-07 20:21:56.997072,4687.0,1050.0,3276.0,4660.0,16015.0,70446.0,47067.0,44459.0,40652.0,27025.0,15626.0,10635.0,,0.0,1.0,1.0,3.0,46.0,106.0,237.0,577.0,1167.0,1596.0,2309.0,,61.0,67.0,44.0,218.0,1689.0,2325.0,3324.0,4655.0,5184.0,4335.0,3581.0,,3664.0,18878.0,2996.0,11041.0,21.0,409.0,35.0,2335.0,1987.0,9710.0,1.0,55.0
Georgia,GA,2020-09-08,25589.0,6070,285350,2847617.0,,,,2675.0,,,,237.0,4229.0,73312.0,393.0,20824.0,89155.0,97200.0,36384.0,136636.0,112330.0,6.0,106.0,2579.0,9.0,155.0,63.0,3152.0,371.0,5623.0,76.0,2020-09-08 19:57:37.061576,4698.0,1055.0,3291.0,4686.0,16107.0,71144.0,47305.0,44661.0,40853.0,27179.0,15709.0,10685.0,,0.0,1.0,1.0,3.0,46.0,108.0,238.0,579.0,1171.0,1600.0,2322.0,,61.0,67.0,44.0,219.0,1693.0,2331.0,3334.0,4664.0,5190.0,4346.0,3585.0,,3670.0,18917.0,3002.0,11056.0,21.0,409.0,35.0,2336.0,1993.0,9739.0,1.0,55.0
Georgia,GA,2020-09-09,25845.0,6128,287287,2864475.0,,,,2691.0,,,,233.0,4298.0,73877.0,399.0,21006.0,88817.0,98657.0,36632.0,138247.0,112408.0,6.0,107.0,2599.0,9.0,159.0,68.0,3180.0,376.0,5668.0,84.0,2020-09-09 20:02:38.968696,4736.0,1062.0,3301.0,4713.0,16230.0,71813.0,47526.0,44895.0,41135.0,27345.0,15822.0,10754.0,,0.0,1.0,1.0,3.0,47.0,108.0,244.0,584.0,1183.0,1620.0,2336.0,,63.0,67.0,46.0,221.0,1711.0,2355.0,3366.0,4715.0,5231.0,4397.0,3619.0,,3697.0,19117.0,3031.0,11153.0,21.0,417.0,35.0,2363.0,2006.0,9850.0,1.0,54.0
Georgia,GA,2020-09-10,26062.0,6204,289123,2883199.0,,,,2703.0,,,,234.0,4352.0,74439.0,401.0,21155.0,88632.0,99910.0,36920.0,139742.0,112461.0,7.0,110.0,2618.0,9.0,163.0,77.0,3220.0,382.0,5726.0,96.0,2020-09-10 20:22:57.887843,4776.0,1071.0,3318.0,4740.0,16364.0,72397.0,47767.0,45164.0,41358.0,27509.0,15931.0,10801.0,,0.0,1.0,1.0,3.0,47.0,110.0,245.0,593.0,1200.0,1644.0,2358.0,,63.0,69.0,46.0,221.0,1722.0,2372.0,3387.0,4755.0,5275.0,4446.0,3648.0,,3721.0,19272.0,3069.0,11224.0,20.0,420.0,36.0,2391.0,2030.0,9941.0,2.0,58.0
Georgia,GA,2020-09-11,26163.0,6246,290781,2900083.0,,,,2553.0,,,,235.0,4406.0,75014.0,402.0,21328.0,88311.0,101085.0,37170.0,141145.0,112466.0,7.0,111.0,2633.0,9.0,165.0,83.0,3238.0,385.0,5758.0,103.0,2020-09-11 20:23:15.807601,4794.0,1076.0,3330.0,4772.0,16478.0,72989.0,47994.0,45409.0,41613.0,27665.0,16025.0,10877.0,,0.0,1.0,1.0,3.0,47.0,113.0,246.0,600.0,1207.0,1663.0,2363.0,,62.0,69.0,46.0,223.0,1733.0,2376.0,3400.0,4768.0,5291.0,4473.0,3667.0,,3733.0,19357.0,3073.0,11258.0,20.0,423.0,36.0,2396.0,2031.0,9999.0,2.0,55.0
Georgia,GA,2020-09-12,26327.0,6287,292905,2928141.0,,,,2505.0,,,,241.0,4487.0,75710.0,403.0,21552.0,88045.0,102467.0,37485.0,142852.0,112568.0,8.0,117.0,2647.0,8.0,167.0,84.0,3256.0,390.0,5795.0,102.0,2020-09-12 20:04:15.284826,4818.0,1082.0,3365.0,4806.0,16632.0,73674.0,48264.0,45716.0,41900.0,27868.0,16149.0,10944.0,,0.0,1.0,1.0,5.0,48.0,114.0,248.0,603.0,1211.0,1672.0,2382.0,,61.0,69.0,46.0,223.0,1746.0,2391.0,3427.0,4801.0,5320.0,4502.0,3687.0,,3753.0,19479.0,3095.0,11321.0,21.0,430.0,35.0,2409.0,2037.0,10074.0,2.0,54.0
