"","","Deaths by Race and Ethnicity","","","","","","","","","","","","","","","","",""
"","","Not Hispanic","","","","","","Hispanic","","","","","","Unknown Ethnicity","","","","",""
"County","Total Deaths","Black or African 
American","White","American 
Indian or 
Alaska Native","Asian","Other","Unknown","Black or African 
American","White","American 
Indian or 
Alaska Native","Asian","Other","Unknown","Black or African 
American","White","American 
Indian or 
Alaska Native","Asian","Other","Unknown"
"WINSTON","24","15","5","0","0","1","0","0","0","0","0","0","0","0","2","0","0","0","1"
"YALOBUSHA","26","7","14","0","0","0","0","0","1","0","0","0","0","1","0","0","0","0","3"
"YAZOO","38","27","8","0","0","0","0","0","0","0","0","0","0","1","1","0","0","0","1"
"Total","3676","1443","1497","66","4","18","6","7","20","1","0","16","1","193","261","21","6","29","87"
