state,stateAbbrev,date,Tested,Cases,Deaths,Sex_Cases [Male],Sex_Cases [Female],Sex_Cases [Unknown/Left Blank],Sex_Deaths [Male],Sex_Deaths [Female],Sex_Deaths [Unknown/Left Blank],Age_Cases [Unknown],Age_Cases [0-20],Age_Cases [20-29],Age_Cases [30-39],Age_Cases [40-49],Age_Cases [50-59],Age_Cases [60-69],Age_Cases [70-79],Age_Cases [80+],Age_Deaths [Unknown],Age_Deaths [0-20],Age_Deaths [20-29],Age_Deaths [30-39],Age_Deaths [40-49],Age_Deaths [50-59],Age_Deaths [60-69],Age_Deaths [70-79],Age_Deaths [80+],Race_Cases [White],Race_Cases [Black],Race_Cases [Left Blank],Race_Cases [Other],Race_Cases [Asian],Race_Cases [Hispanic],Race_Cases [NH/PI*],Race_Cases [AI/AN**],Race_Deaths [White],Race_Deaths [Black],Race_Deaths [Left Blank],Race_Deaths [Other],Race_Deaths [Asian],Race_Deaths [Hispanic],Race_Deaths [NH/PI*],Race_Deaths [AI/AN**],pullTime,probable_deaths
Illinois,IL,2020-04-06,62942,12262,307,6017,6112,133,174,131,2,6,224,1451,1861,2273,2471,1926,1235,815,0,1,2,6,16,31,67,91,93,3372,3607,2996,655,409,1194,16,13,114,129,22,5,13,23,0,1,2020-04-06 00:00:00,
Illinois,IL,2020-04-07,68732,13549,380,6667,6718,173,211,166,3,6,248,1599,2056,2525,2724,2139,1349,912,0,1,2,9,23,36,77,108,124,3671,3853,3477,712,453,1359,20,13,137,163,26,7,14,32,0,1,2020-04-07 00:00:00,
Illinois,IL,2020-04-08,75066,15078,462,7338,7554,186,262,199,1,7,275,1766,2300,2785,3030,2365,1513,1037,0,1,2,10,27,46,92,132,152,4002,4207,3987,767,499,1581,21,14,167,200,32,6,18,37,0,2,2020-04-08 00:00:00,
Illinois,IL,2020-04-09,80857,16422,528,7970,8233,219,301,225,2,7,298,1926,2485,3022,3318,2574,1630,1162,0,1,2,11,30,48,104,149,183,4342,4587,4327,810,535,1786,22,13,189,225,37,9,21,45,0,2,2020-04-09 00:00:00,
Illinois,IL,2020-04-10,87527,17887,596,8641,8964,282,349,244,0,7,333,2118,2704,3289,3590,2827,1755,1264,0,0,0,12,29,60,115,172,204,4692,4926,4694,872,582,2080,25,16,208,258,44,7,22,54,0,0,2020-04-10 00:00:00,
Illinois,IL,2020-04-11,92779,19180,677,9241,9636,303,389,285,3,7,358,2285,2916,3562,3846,3002,1841,1363,0,1,3,13,30,65,130,191,244,4986,5213,5050,924,639,2317,28,22,242,292,39,10,26,65,2,1,2020-04-11 00:00:00,
Illinois,IL,2020-04-12,100735,20852,720,10026,10507,319,415,302,3,8,402,2491,3200,3874,4179,3224,1978,1496,0,1,3,13,31,70,135,201,266,5214,5458,5936,988,691,2513,28,24,259,308,41,12,27,70,2,1,2020-04-12 00:00:00,
Illinois,IL,2020-04-13,105768,22025,794,10591,11116,318,455,336,3,8,432,2659,3398,4091,4419,3377,2055,1586,0,1,3,15,37,77,152,217,292,5385,5693,6421,1025,725,2720,30,26,286,340,47,14,29,75,2,1,2020-04-13 00:00:00,
Illinois,IL,2020-04-14,110616,23247,868,11139,11756,352,498,365,5,6,476,2805,3609,4291,4641,3573,2160,1686,0,1,3,17,41,85,164,235,322,5758,6019,6556,1077,774,3002,33,28,318,368,45,14,33,87,2,1,2020-04-14 00:00:00,
Illinois,IL,2020-04-15,116929,24593,948,11797,12409,387,546,398,4,6,511,2961,3815,4532,4908,3745,2302,1813,0,2,3,18,41,90,181,259,354,6127,6331,6747,1117,847,3357,33,34,355,397,55,16,33,89,2,1,2020-04-15 00:00:00,
Illinois,IL,2020-04-16,122589,25733,1072,12354,12984,395,617,450,5,7,544,3116,3970,4733,5138,3893,2397,1935,0,2,3,19,44,101,198,293,412,6453,6630,6904,1129,882,3662,36,37,412,441,61,17,36,102,2,1,2020-04-16 20:19:46.888358,
Illinois,IL,2020-04-17,130163,27575,1134,13266,13886,423,654,475,5,9,625,3349,4245,5069,5514,4164,2522,2078,0,2,3,19,47,103,210,305,445,6939,6982,7188,1234,978,4179,37,38,444,456,63,17,42,109,2,1,2020-04-17 20:08:34.840528,
Illinois,IL,2020-04-18,137404,29160,1259,14068,14645,447,725,529,5,10,680,3587,4488,5365,5815,4385,2649,2181,0,2,4,23,49,115,232,336,498,7273,7238,7641,1274,1049,4605,39,41,483,502,73,16,50,132,2,1,2020-04-18 20:15:24.404604,
Illinois,IL,2020-04-19,143318,30357,1290,14642,15259,456,742,542,6,10,734,3766,4691,5574,6048,4541,2720,2273,0,2,4,23,50,117,239,336,519,7554,7498,7898,1324,1085,4913,39,46,501,512,74,15,51,134,2,1,2020-04-19 20:28:33.675941,
Illinois,IL,2020-04-20,148358,31508,1349,15218,15833,457,778,565,6,10,801,3920,4850,5750,6251,4707,2834,2385,0,2,4,24,52,122,246,351,548,7814,7764,8220,1350,1130,5142,41,47,527,528,75,16,54,146,2,1,2020-04-20 20:24:07.813029,
Illinois,IL,2020-04-21,154997,33059,1468,15988,16595,476,852,609,7,11,860,4137,5080,6038,6565,4891,2949,2528,0,2,5,25,56,134,265,382,599,8126,8126,8538,1402,1178,5595,44,50,576,570,77,17,61,164,2,1,2020-04-21 20:15:54.669407,
Illinois,IL,2020-04-22,164346,35108,1565,16925,17660,523,910,647,8,11,940,4437,5398,6408,6953,5131,3121,2709,0,2,5,27,59,141,281,406,644,8573,8504,9050,1447,1244,6195,45,50,621,596,80,21,62,181,3,1,2020-04-22 20:26:37.849244,
Illinois,IL,2020-04-23,173316,36934,1688,17832,18545,557,978,704,6,13,995,4729,5703,6747,7303,5356,3238,2850,0,2,6,28,64,148,294,448,698,9064,8842,9203,1524,1323,6879,45,54,678,624,92,21,69,200,3,1,2020-04-23 20:26:26.247658,
Illinois,IL,2020-04-24,189632,39658,1795,19105,19960,593,1039,749,7,14,1137,5135,6175,7215,7782,5691,3429,3080,0,2,7,29,68,158,309,480,742,9588,9321,9909,1619,1407,7704,49,61,736,663,86,20,73,214,2,1,2020-04-24 20:42:26.121048,
Illinois,IL,2020-04-25,201617,41777,1874,20054,21025,698,1089,783,2,15,1228,5405,6515,7575,8192,5951,3592,3304,0,2,7,30,71,164,321,496,783,10053,9653,10527,1717,1467,8248,50,62,770,685,92,23,76,224,2,2,2020-04-25 20:34:36.098851,
Illinois,IL,2020-04-26,214952,43903,1933,21102,22026,775,1124,807,2,17,1328,5714,6837,7959,8563,6304,3739,3442,0,2,10,31,73,170,334,506,807,10427,9918,11341,1834,1523,8743,52,65,794,712,83,19,76,245,2,2,2020-04-26 20:07:49.044649,
Illinois,IL,2020-04-27,227628,45883,1983,22087,22965,831,1156,825,2,19,1425,6005,7163,8306,8937,6542,3865,3621,0,2,10,33,75,176,341,520,826,10761,10168,12104,1905,1570,9256,53,66,811,728,86,20,78,256,2,2,2020-04-27 20:46:41.630247,
Illinois,IL,2020-04-28,242189,48102,2125,23115,24067,920,1236,888,1,23,1540,6356,7495,8685,9303,6827,4021,3852,0,3,12,35,79,187,371,556,882,11200,10522,12683,1933,1642,10000,55,67,877,772,85,23,89,275,2,2,2020-04-28 20:42:31.328449,
Illinois,IL,2020-04-29,256667,50355,2215,24137,25213,1005,1288,926,1,32,1652,6737,7884,9119,9681,7095,4152,4003,0,3,12,36,83,192,390,578,921,11676,10850,13102,2031,1718,10846,62,70,912,796,91,24,91,297,2,2,2020-04-29 20:01:12.466742,
Illinois,IL,2020-04-30,269867,52918,2355,25309,26523,1086,1372,981,2,31,1821,7145,8303,9583,10138,7406,4321,4170,0,3,16,37,86,204,412,605,992,12276,11353,13393,2087,1826,11848,61,74,981,828,93,24,99,326,2,2,2020-04-30 21:00:51.159784,
Illinois,IL,2020-05-01,284688,56055,2457,26895,28047,1113,1427,1028,2,32,2048,7625,8874,10201,10705,7743,4476,4351,0,4,13,39,90,207,436,628,1040,12772,11706,14287,2272,1897,12979,64,78,1022,868,82,25,105,351,2,2,2020-05-01 20:31:27.080016,
Illinois,IL,2020-05-02,299896,58505,2559,28068,29272,1165,1481,1076,2,38,2204,8037,9265,10592,11128,8035,4645,4561,0,2,14,41,91,217,452,651,1091,13207,12001,15093,2403,1952,13704,64,81,1072,891,92,30,106,363,2,3,2020-05-02 20:39:44.351130,
Illinois,IL,2020-05-03,319313,61499,2618,29497,30765,1237,1513,1103,2,40,2411,8547,9819,11116,11672,8390,4795,4709,0,2,14,41,92,224,464,665,1116,13566,12240,16517,2524,2001,14502,67,82,1096,904,92,30,111,379,3,3,2020-05-03 20:39:38.626707,
Illinois,IL,2020-05-04,333147,63840,2662,30600,31931,1309,1531,1129,2,53,2566,8927,10190,11531,12063,8656,4962,4892,0,2,15,43,93,228,469,679,1133,13825,12438,17774,2576,2047,15026,68,86,1116,911,99,29,112,389,3,3,2020-05-04 19:48:00.403959,
Illinois,IL,2020-05-05,346286,65962,2838,31635,32987,1340,1624,1212,2,53,2734,9296,10548,11926,12428,8879,5090,5008,0,2,15,44,101,242,503,710,1221,14220,12764,18091,2669,2100,15959,67,92,1204,955,100,27,119,425,3,5,2020-05-05 20:22:18.235515,
Illinois,IL,2020-05-06,361260,68232,2974,32692,34173,1367,1682,1288,4,48,2900,9701,10939,12349,12793,9110,5213,5179,0,2,15,45,103,250,527,745,1287,14809,13277,17765,2766,2203,17240,73,99,1262,998,100,25,124,457,3,5,2020-05-06 20:18:43.331791,
Illinois,IL,2020-05-07,379043,70873,3111,33908,35433,1532,1757,1350,4,51,3101,10124,11380,12799,13251,9407,5387,5373,0,2,15,47,105,259,550,779,1354,15251,13584,18505,2879,2260,18180,104,110,1320,1030,110,26,130,487,3,5,2020-05-07 20:59:51.499757,
Illinois,IL,2020-05-08,399714,73760,3241,35272,36862,1626,1826,1410,5,58,3332,10618,11853,13336,13731,9750,5551,5531,0,2,15,49,112,266,571,812,1414,15703,13884,19397,2979,2321,19257,105,114,1387,1063,104,24,137,519,2,5,2020-05-08 22:08:03.591516,
Illinois,IL,2020-05-09,416331,76085,3349,36349,37990,1746,1882,1460,7,60,3537,11065,12240,13769,14115,9982,5658,5659,0,2,16,49,113,278,588,838,1465,16061,14121,20072,3063,2375,20151,121,121,1432,1090,112,27,142,539,2,5,2020-05-09 20:32:05.831967,
Illinois,IL,2020-05-10,429984,77741,3406,37057,38858,1826,1915,1482,9,62,3649,11312,12499,14103,14388,10177,5761,5790,0,2,18,50,115,286,603,851,1481,16390,14369,20344,3142,2408,20839,123,126,1450,1106,114,27,147,554,2,6,2020-05-10 20:08:51.806488,
Illinois,IL,2020-05-11,442425,79007,3459,37649,39491,1867,1937,1511,11,61,3753,11529,12719,14319,14605,10306,5834,5881,0,2,18,50,115,291,611,864,1508,16606,14507,20636,3213,2431,21355,132,127,1467,1125,114,27,152,566,2,6,2020-05-11 20:53:52.853492,
Illinois,IL,2020-05-12,471691,83021,3601,39579,41518,1924,2019,1572,10,60,4087,12240,13461,15091,15255,10692,6041,6094,0,2,18,51,122,301,632,898,1577,17023,14830,22684,3306,2479,22406,160,133,1527,1166,106,31,158,605,2,6,2020-05-12 20:18:21.268287,
Illinois,IL,2020-05-13,489359,84698,3792,40403,42345,1950,2117,1665,10,61,4229,12523,13751,15420,15512,10858,6144,6200,0,3,19,52,126,315,669,943,1665,17407,15034,22777,3390,2529,23259,164,138,1611,1217,107,36,169,643,2,7,2020-05-13 20:17:14.882428,
Illinois,IL,2020-05-14,512037,87937,3928,41917,44034,1986,2196,1723,9,62,4535,13110,14354,16050,16013,11183,6303,6327,0,2,18,57,130,332,695,966,1728,17975,15608,23269,3475,2610,24670,189,141,1674,1261,95,34,176,679,2,7,2020-05-14 21:06:45.479305,
Illinois,IL,2020-05-15,538602,90369,4058,43073,45285,2011,2255,1795,8,58,4772,13540,14785,16458,16420,11433,6431,6472,0,3,18,59,138,341,714,991,1794,18622,16162,22589,3507,2746,26382,209,152,1730,1291,92,33,188,715,2,7,2020-05-15 20:30:50.285544,
Illinois,IL,2020-05-16,561649,92457,4129,44036,46371,2050,2288,1836,5,62,4951,13886,15111,16838,16761,11690,6566,6592,0,3,18,61,140,352,721,1005,1829,18991,16403,23106,3594,2795,27196,217,155,1763,1304,97,34,191,731,2,7,2020-05-16 20:00:47.384650,
Illinois,IL,2020-05-17,581944,94191,4177,44809,47296,2086,2310,1862,5,64,5126,14243,15437,17115,17006,11841,6665,6694,0,3,18,62,142,354,729,1020,1849,19218,16616,23743,3643,2830,27763,219,159,1785,1316,95,31,194,747,2,7,2020-05-17 19:57:48.588630,
Illinois,IL,2020-05-18,603241,96485,4234,45914,48462,2109,2346,1880,8,67,5340,14636,15885,17557,17348,12094,6772,6786,0,3,18,62,145,361,739,1034,1872,19515,16795,24606,3717,2868,28592,228,164,1806,1335,97,33,196,757,3,7,2020-05-18 20:21:26.924836,
Illinois,IL,2020-05-19,621684,98030,4379,46618,49307,2105,2433,1941,5,66,5493,14908,16116,17820,17607,12248,6862,6910,0,3,18,66,146,372,765,1069,1940,19920,17168,24337,3742,2946,29493,255,169,1869,1373,102,34,207,784,3,7,2020-05-19 20:03:18.810407,
Illinois,IL,2020-05-20,642713,100418,4525,47798,50489,2131,2512,2006,7,64,5750,15396,16556,18226,17985,12496,6964,6981,0,3,19,69,155,379,801,1095,2004,20251,17512,24862,3801,3003,30555,261,173,1928,1394,110,38,215,828,3,9,2020-05-20 20:15:12.719628,
Illinois,IL,2020-05-21,672020,102686,4607,48821,51690,2175,2560,2042,5,65,5980,15789,16911,18579,18329,12745,7112,7176,0,3,18,72,157,387,813,1113,2044,20649,17808,25498,3846,3058,31386,265,176,1971,1406,113,38,220,849,3,7,2020-05-21 21:02:24.670907,
Illinois,IL,2020-05-22,697133,105444,4715,50162,53093,2189,2625,2084,6,63,6245,16295,17435,19086,18752,13021,7227,7320,0,3,18,72,162,398,834,1134,2094,21078,18085,26316,3895,3136,32485,271,178,2024,1429,104,36,226,886,3,7,2020-05-22 20:09:43.789242,
Illinois,IL,2020-05-23,722247,107796,4790,51214,54317,2265,2661,2122,7,65,6467,16747,17835,19494,19125,13272,7337,7454,0,3,19,74,162,407,849,1151,2125,21400,18373,27043,3948,3193,33386,275,178,2045,1446,115,39,231,904,3,7,2020-05-23 20:48:45.030075,
Illinois,IL,2020-05-24,747921,110304,4856,52380,55561,2363,2696,2153,7,69,6709,17235,18289,19922,19491,13492,7464,7633,0,3,20,76,162,413,861,1164,2157,21659,18605,28204,4037,3234,34106,278,181,2070,1469,112,36,236,923,3,7,2020-05-24 20:39:03.151061,
Illinois,IL,2020-05-25,769564,112017,4884,53139,56490,2388,2711,2166,7,71,6897,17537,18581,20254,19763,13651,7563,7700,0,3,20,78,163,415,864,1174,2167,21855,18797,28961,4117,3259,34566,280,182,2082,1473,117,36,237,929,3,7,2020-05-25 20:56:55.796514,
Illinois,IL,2020-05-26,786794,113195,4923,53727,57088,2380,2734,2182,7,72,7016,17748,18774,20446,19945,13811,7626,7757,0,3,20,79,165,419,869,1194,2174,22000,18913,29532,4149,3287,34850,282,182,2095,1486,116,37,239,940,3,7,2020-05-26 21:07:42.920861,
Illinois,IL,2020-05-27,803973,114306,5083,54216,57657,2433,2812,2262,9,69,7122,17894,18939,20606,20097,13972,7725,7882,0,3,20,80,169,432,897,1236,2246,22289,19135,29551,4179,3319,35369,282,182,2166,1517,122,36,247,984,4,7,2020-05-27 20:53:52.874960,
Illinois,IL,2020-05-28,829966,115833,5186,54943,58469,2421,2865,2311,10,63,7300,18177,19172,20861,20324,14157,7818,7961,0,3,20,80,171,435,915,1263,2299,22666,19378,29619,4242,3369,36085,289,185,2219,1546,119,36,251,1003,4,8,2020-05-28 20:20:23.720565,
Illinois,IL,2020-05-29,851762,117455,5270,55718,59305,2432,2910,2351,9,62,7492,18460,19454,21159,20560,14302,7900,8066,0,3,20,83,170,441,934,1286,2333,22925,19587,29920,4337,3413,36796,288,189,2263,1565,121,37,253,1020,3,8,2020-05-29 20:15:38.043829,
Illinois,IL,2020-05-30,877105,118917,5330,56371,60106,2440,2944,2376,10,61,7672,18735,19695,21429,20756,14449,7965,8155,0,3,20,83,174,446,942,1299,2363,23217,19810,30240,4376,3452,37341,291,190,2290,1577,123,38,257,1034,3,8,2020-05-30 19:55:05.590462,
Illinois,IL,2020-05-31,898259,120260,5390,56981,60760,2519,2967,2412,11,61,7824,19000,19895,21645,20943,14590,8044,8258,0,3,20,86,175,452,951,1312,2391,23426,19939,30818,4420,3465,37707,294,191,2324,1588,120,39,257,1050,4,8,2020-05-31 20:14:59.281871,
Illinois,IL,2020-06-01,918273,121234,5412,57449,61254,2531,2980,2422,10,61,7929,19172,20069,21813,21071,14705,8098,8316,0,3,20,86,176,453,956,1313,2405,23577,20061,31199,4447,3483,37981,295,191,2337,1594,119,39,257,1054,4,8,2020-06-01 20:12:26.810555,
Illinois,IL,2020-06-02,934704,122848,5525,58238,62124,2486,3039,2478,8,63,8112,19495,20348,22124,21298,14828,8175,8405,0,3,20,86,184,456,975,1338,2463,23855,20319,31207,4476,3519,38981,298,193,2401,1617,115,42,262,1075,5,8,2020-06-02 20:21:02.234064,
Illinois,IL,2020-06-03,959175,123830,5621,58693,62645,2492,3099,2515,7,61,8201,19645,20524,22293,21455,14940,8244,8467,0,3,20,87,190,462,990,1360,2509,24128,20506,31311,4496,3556,39339,301,193,2441,1646,119,42,266,1094,5,8,2020-06-03 20:01:46.044432,
Illinois,IL,2020-06-04,982016,124759,5736,59090,63168,2501,3159,2571,6,60,8283,19781,20684,22464,21604,15048,8294,8541,0,3,20,87,193,471,1012,1391,2559,24379,20690,31345,4502,3588,39759,302,194,2502,1665,120,45,269,1122,5,8,2020-06-04 20:37:14.607539,
Illinois,IL,2020-06-05,1000919,125915,5795,59678,63761,2476,3188,2601,6,58,8383,19988,20859,22650,21752,15177,8379,8669,0,3,20,90,196,478,1018,1403,2587,24655,20903,31522,4562,3614,40156,308,195,2517,1676,121,46,271,1150,5,9,2020-06-05 20:19:34.378161,
Illinois,IL,2020-06-06,1022074,126890,5864,60138,64289,2463,3223,2635,6,58,8485,20140,20974,22832,21917,15294,8439,8751,0,4,20,89,199,482,1029,1422,2619,24841,21069,31698,4608,3637,40526,315,196,2561,1689,124,44,275,1156,6,9,2020-06-06 20:37:42.860328,
Illinois,IL,2020-06-07,1042774,127757,5904,60541,64738,2478,3247,2651,6,59,8594,20313,21116,22984,22042,15363,8478,8808,0,4,20,91,201,480,1042,1433,2633,25020,21192,31888,4623,3663,40854,320,197,2573,1704,125,41,279,1168,5,9,2020-06-07 20:36:05.821668,
Illinois,IL,2020-06-08,1058873,128415,5924,60818,65090,2507,3259,2659,6,59,8678,20443,21232,23063,22110,15428,8535,8867,0,4,20,91,201,480,1048,1439,2641,25167,21285,32107,4643,3679,41016,321,197,2581,1708,124,41,280,1176,5,9,2020-06-08 20:33:13.023111,
Illinois,IL,2020-06-09,1079182,129212,6018,61177,65526,2509,3302,2709,7,58,8752,20597,21355,23194,22220,15520,8582,8934,0,4,20,94,203,486,1062,1464,2685,25388,21446,32157,4666,3701,41330,324,200,2631,1728,130,41,282,1192,5,9,2020-06-09 20:37:00.179992,
Illinois,IL,2020-06-10,1100002,129837,6095,61463,65855,2519,3332,2756,7,58,8828,20697,21460,23282,22330,15580,8626,8976,0,4,21,94,204,494,1071,1481,2726,25574,21575,32050,4674,3716,41721,325,202,2676,1746,129,41,285,1204,5,9,2020-06-10 20:38:39.952272,
Illinois,IL,2020-06-11,1122327,130603,6185,61826,66235,2542,3391,2787,7,59,8905,20848,21595,23385,22419,15659,8693,9040,0,4,21,96,207,503,1088,1499,2767,25829,21718,31971,4707,3746,42105,328,199,2717,1760,131,42,292,1229,5,9,2020-06-11 20:34:13.425578,
Illinois,IL,2020-06-12,1147101,131198,6260,62104,66553,2541,3428,2824,8,57,8976,20945,21679,23473,22502,15732,8729,9105,0,4,21,98,213,513,1100,1512,2799,26019,21820,31922,4711,3762,42437,327,200,2753,1774,133,43,295,1248,5,9,2020-06-12 20:29:11.382339,
Illinois,IL,2020-06-13,1168945,131871,6289,62419,66893,2559,3443,2839,7,52,9067,21112,21780,23547,22592,15806,8767,9148,0,4,21,98,214,514,1105,1514,2819,26189,21941,31909,4741,3790,42771,329,201,2766,1784,135,43,295,1252,5,9,2020-06-13 20:46:26.976100,
Illinois,IL,2020-06-14,1190985,132543,6308,62706,67271,2566,3455,2846,7,54,9182,21240,21877,23633,22700,15865,8801,9191,0,4,21,98,214,517,1110,1518,2826,26338,22004,32136,4780,3803,42950,331,201,2770,1793,132,44,298,1257,5,9,2020-06-14 20:05:57.648091,
Illinois,IL,2020-06-15,1209612,133016,6326,62918,67518,2580,3461,2858,7,54,9253,21336,21953,23714,22753,15919,8831,9203,0,4,21,98,214,517,1112,1525,2835,26435,22073,32242,4782,3813,43138,332,201,2778,1800,132,43,298,1261,5,9,2020-06-15 20:29:44.294403,
Illinois,IL,2020-06-16,1228341,133639,6398,63218,67854,2567,3507,2883,8,52,9329,21472,22074,23778,22826,15985,8874,9249,0,4,21,99,218,523,1124,1540,2869,26622,22169,32242,4791,3837,43441,333,204,2813,1811,133,44,303,1280,5,9,2020-06-16 20:11:32.061198,
Illinois,IL,2020-06-17,1258328,134185,6485,63475,68155,2555,3550,2927,8,50,9421,21560,22154,23862,22902,16040,8908,9288,0,4,22,100,223,527,1140,1558,2911,26830,22296,32081,4798,3872,43765,339,204,2856,1832,131,45,306,1301,5,9,2020-06-17 20:50:47.416514,
Illinois,IL,2020-06-18,1283832,134778,6537,63759,68457,2562,3575,2953,9,49,9498,21692,22259,23927,22978,16112,8940,9323,0,4,23,101,225,534,1144,1566,2940,27349,22628,31103,5184,3928,44033,345,208,2902,1848,97,50,310,1315,6,9,2020-06-18 21:10:43.156449,
Illinois,IL,2020-06-19,1311003,135470,6580,64072,68823,2575,3599,2972,9,50,9577,21850,22369,24036,23074,16179,8968,9367,0,4,23,102,228,538,1155,1576,2954,27578,22773,31140,5181,3961,44280,348,209,2916,1855,97,50,316,1331,6,9,2020-06-19 19:55:37.264731,
Illinois,IL,2020-06-20,1336968,136104,6625,64391,69144,2569,3622,2995,8,51,9653,21995,22459,24125,23154,16247,9004,9416,0,4,23,102,230,544,1163,1581,2978,27776,22867,31206,5201,3979,44514,351,210,2938,1862,98,51,320,1341,6,9,2020-06-20 21:27:35.929052,
Illinois,IL,2020-06-21,1360784,136762,6647,64680,69516,2566,3633,3007,7,53,9747,22134,22556,24216,23245,16317,9033,9461,0,4,23,105,231,546,1170,1585,2983,27901,22941,31497,5218,3995,44647,352,211,2943,1869,98,51,318,1353,6,9,2020-06-21 21:00:46.196906,
Illinois,IL,2020-06-22,1379003,137224,6671,64895,69756,2573,3646,3018,7,57,9825,22245,22620,24282,23289,16368,9060,9478,0,4,23,105,232,552,1174,1588,2993,27996,22991,31648,5241,4005,44780,352,211,2952,1874,98,51,319,1362,6,9,2020-06-22 20:03:45.790833,
Illinois,IL,2020-06-23,1399510,137825,6707,65184,70065,2576,3664,3037,6,58,9915,22393,22712,24355,23360,16428,9096,9508,0,4,23,105,233,554,1181,1595,3012,28212,23089,31629,5248,4030,45051,355,211,2974,1880,100,50,320,1368,6,9,2020-06-23 19:31:36.399944,
Illinois,IL,2020-06-24,1428841,138540,6770,65508,70451,2581,3688,3076,6,58,9992,22558,22836,24449,23446,16490,9145,9566,0,4,23,106,234,557,1199,1615,3032,28469,23223,31670,5263,4055,45294,356,210,3004,1892,104,50,322,1383,6,9,2020-06-24 21:26:10.236853,
Illinois,IL,2020-06-25,1460527,139434,6810,65904,70939,2591,3712,3092,6,58,10104,22786,22962,24558,23550,16570,9222,9624,0,4,23,108,235,559,1205,1623,3053,28790,23369,31754,5298,4080,45576,357,210,3024,1906,101,48,323,1393,6,9,2020-06-25 20:04:18.091804,
Illinois,IL,2020-06-26,1490952,140291,6847,66265,71425,2601,3727,3114,6,57,10426,23099,23137,24719,23573,16495,9193,9592,0,4,25,109,237,568,1223,1629,3052,29095,23520,31865,5316,4089,45833,360,213,3041,1914,99,48,325,1405,6,9,2020-06-26 19:42:55.845920,
Illinois,IL,2020-06-27,1521189,141077,6873,66630,71829,2618,3742,3126,5,59,10529,23283,23257,24830,23666,16582,9234,9637,0,4,25,109,238,571,1230,1637,3059,29345,23680,31965,5332,4111,46066,365,213,3050,1920,103,49,325,1411,6,9,2020-06-27 21:33:06.634351,
Illinois,IL,2020-06-28,1544978,141723,6888,66934,72159,2630,3750,3133,5,59,10603,23429,23391,24920,23759,16640,9263,9659,0,4,25,109,238,572,1233,1642,3065,29505,23774,32171,5361,4119,46213,366,214,3061,1923,98,49,325,1417,6,9,2020-06-28 20:11:09.045086,
Illinois,IL,2020-06-29,1571896,142461,6902,67268,72563,2630,3757,3139,6,59,10723,23604,23519,25025,23843,16709,9291,9688,0,4,25,110,240,573,1235,1643,3072,29684,23899,32405,5375,4128,46385,368,217,3067,1927,99,49,325,1420,6,9,2020-06-29 00:00:00,
Illinois,IL,2020-06-30,1602965,143185,6923,67617,72944,2624,3767,3151,5,59,10823,23791,23623,25153,23923,16760,9324,9729,0,4,25,110,242,574,1237,1651,3080,29919,24008,32560,5379,4146,46588,369,216,3077,1931,100,48,326,1425,7,9,2020-06-30 00:00:00,
Illinois,IL,2020-07-01,1636055,144013,6951,67995,73362,2656,3777,3169,5,57,10951,24003,23732,25249,24056,16843,9364,9758,0,4,25,110,245,576,1241,1659,3091,30175,24191,32677,5383,4163,46832,373,219,3090,1934,101,48,327,1435,7,9,2020-07-01 00:00:00,
Illinois,IL,2020-07-03,1700635,145750,7005,68799,74278,2673,3800,3200,5,55,11196,24479,24023,25482,24282,16965,9443,9825,0,4,25,110,247,580,1247,1677,3115,30772,24478,32891,5438,4188,47386,375,222,3119,1953,97,48,328,1443,7,10,2020-07-03 00:00:00,
Illinois,IL,2020-07-04,1734471,146612,7014,69190,74740,2682,3805,3204,5,56,11318,24712,24161,25588,24403,17045,9475,9854,0,4,25,110,248,581,1249,1677,3120,30983,24592,33194,5469,4198,47573,379,224,3121,1956,99,47,327,1447,7,10,2020-07-04 00:00:00,
Illinois,IL,2020-07-05,1761706,147251,7020,69483,75066,2702,3808,3207,5,56,11416,24869,24270,25667,24491,17099,9509,9874,0,4,25,110,248,581,1251,1677,3124,31143,24691,33433,5493,4209,47679,379,224,3123,1958,97,48,329,1448,7,10,2020-07-05 00:00:00,
Illinois,IL,2020-07-06,1782840,147865,7026,69787,75370,2708,3811,3210,5,57,11519,25020,24368,25740,24581,17151,9534,9895,0,4,25,110,248,581,1253,1678,3127,31328,24783,33641,5511,4218,47778,382,224,3126,1958,95,48,330,1452,7,10,2020-07-06 00:00:00,
Illinois,IL,2020-07-07,1809834,148452,7063,70067,75674,2711,3828,3228,7,57,11593,25149,24481,25812,24666,17211,9564,9919,0,4,25,110,248,584,1262,1685,3145,31591,24901,33692,5517,4231,47912,383,225,3144,1965,97,49,334,1456,8,10,2020-07-07 00:00:00,
Illinois,IL,2020-07-08,1842576,149432,7099,70516,76196,2720,3848,3245,6,59,11718,25410,24598,25957,24819,17283,9621,9967,0,4,25,111,249,586,1267,1701,3156,31974,25072,33868,5544,4249,48116,384,225,3163,1967,103,51,337,1460,8,10,2020-07-08 00:00:00,
Illinois,IL,2020-07-09,1878756,150450,7119,70978,76743,2729,3858,3255,6,58,11878,25672,24755,26101,24959,17362,9669,9996,0,4,25,111,250,588,1271,1705,3165,32364,25255,34027,5579,4277,48338,384,226,3171,1971,101,51,339,1468,8,10,2020-07-09 00:00:00,
Illinois,IL,2020-07-10,1911743,151767,7144,71598,77429,2740,3868,3269,7,58,12064,25995,24951,26300,25128,17477,9732,10062,0,4,25,111,250,588,1278,1713,3175,32795,25493,34340,5629,4294,48608,383,225,3180,1977,102,51,342,1474,8,10,2020-07-10 00:00:00,
Illinois,IL,2020-07-11,1944088,152962,7168,72144,78069,2749,3879,3282,7,56,12248,26294,25156,26503,25257,17584,9775,10089,0,4,25,111,250,591,1284,1722,3181,33206,25689,34650,5680,4307,48820,384,226,3189,1982,105,51,343,1480,8,10,2020-07-11 00:00:00,
Illinois,IL,2020-07-12,1982982,153916,7187,72590,78554,2772,3887,3293,7,56,12431,26577,25311,26633,25346,17643,9805,10114,0,4,25,111,250,591,1289,1728,3189,33468,25828,34974,5719,4317,48999,385,226,3199,1990,103,52,343,1482,8,10,2020-07-12 00:00:00,
Illinois,IL,2020-07-13,2012994,154799,7193,72976,79022,2801,3890,3296,7,57,12593,26796,25435,26753,25468,17719,9841,10137,0,4,25,111,250,592,1290,1729,3192,33715,25984,35281,5759,4337,49110,386,227,3200,1992,103,52,344,1484,8,10,2020-07-13 00:00:00,
Illinois,IL,2020-07-14,2041440,155506,7218,73308,79394,2804,3905,3306,7,57,12724,26945,25562,26851,25547,17782,9877,10161,0,4,27,111,252,595,1297,1733,3199,34025,26132,35316,5785,4359,49271,390,228,3214,1997,102,52,346,1489,8,10,2020-07-14 00:00:00,
Illinois,IL,2020-07-15,2079601,156693,7226,73892,80011,2790,3910,3310,6,57,12912,27293,25766,27016,25685,17863,9919,10182,0,4,27,111,253,596,1298,1735,3202,34463,26330,35599,5827,4373,49483,390,228,3219,1998,102,52,346,1491,8,10,2020-07-15 00:00:00,
Illinois,IL,2020-07-16,2122607,157950,7251,74472,80662,2816,3919,3326,6,56,13158,27615,25945,27185,25821,17962,9981,10227,0,4,27,112,253,597,1301,1739,3218,34902,26536,35867,5889,4391,49745,391,229,3235,1999,103,50,346,1499,9,10,2020-07-16 00:00:00,
Illinois,IL,2020-07-17,2166299,159334,7272,75076,81424,2834,3931,3335,6,56,13414,27930,26132,27396,26030,18069,10035,10272,0,4,27,113,253,601,1307,1740,3227,35414,26784,36120,5935,4404,50057,391,229,3241,2006,107,50,346,1503,9,10,2020-07-17 00:00:00,
Illinois,IL,2020-07-18,2212398,160610,7290,75675,82084,2851,3943,3341,6,57,13593,28277,26330,27566,26221,18173,10088,10305,0,5,27,113,253,603,1311,1747,3231,35810,27009,36540,5985,4419,50226,392,229,3247,2011,109,50,347,1507,9,10,2020-07-18 00:00:00,
Illinois,IL,2020-07-19,2244511,161575,7295,76065,82659,2851,3944,3346,5,58,13756,28553,26473,27695,26352,18248,10114,10326,0,5,27,113,255,603,1311,1748,3233,36127,27157,36822,6015,4436,50397,392,229,3251,2012,106,50,347,1510,9,10,2020-07-19 00:00:00,
Illinois,IL,2020-07-20,2279109,162748,7301,76559,83304,2885,3946,3350,5,57,13944,28808,26670,27863,26531,18355,10168,10352,0,5,27,113,255,604,1311,1750,3236,36561,27337,37136,6088,4458,50547,392,229,3243,2014,106,50,348,1521,9,10,2020-07-20 00:00:00,
Illinois,IL,2020-07-21,2308854,163703,7324,77009,83782,2912,3964,3355,5,57,14079,29038,26815,28000,26669,18444,10221,10380,0,5,27,113,256,606,1318,1755,3244,36919,27492,37337,6117,4479,50737,392,230,3253,2018,105,50,349,1530,9,10,2020-07-21 00:00:00,
Illinois,IL,2020-07-22,2348487,165301,7347,77779,84604,2918,3969,3373,5,59,14342,29442,27092,28239,26855,18574,10281,10417,0,5,27,113,257,610,1322,1762,3251,37393,27704,37893,6190,4497,50999,395,230,3268,2024,105,51,349,1531,9,10,2020-07-22 00:00:00,
Illinois,IL,2020-07-23,2388193,166925,7367,78531,85452,2942,3980,3382,5,61,14601,29821,27370,28479,27072,18715,10345,10461,0,5,27,114,259,614,1324,1766,3258,37958,27933,38342,6243,4516,51304,397,232,3279,2027,105,53,350,1534,9,10,2020-07-23 00:00:00,
Illinois,IL,2020-07-24,2432523,168457,7385,79221,86276,2960,3981,3399,5,61,14822,30202,27641,28659,27283,18843,10419,10527,0,5,27,114,259,613,1326,1770,3271,38515,28136,38735,6315,4546,51581,397,232,3286,2030,109,54,350,1537,9,10,2020-07-24 00:00:00,
Illinois,IL,2020-07-25,2470723,169883,7397,79881,87037,2965,3983,3409,5,62,15042,30562,27877,28856,27461,18966,10487,10570,0,5,27,115,259,613,1329,1773,3276,39037,28334,39049,6390,4565,51874,400,234,3293,2033,107,52,352,1541,9,10,2020-07-25 00:00:00,
Illinois,IL,2020-07-26,2511567,171424,7398,80534,87887,3003,3984,3409,5,62,15310,30956,28111,29079,27643,19104,10547,10612,0,5,27,115,259,613,1329,1773,3277,39544,28568,39471,6438,4589,52176,404,234,3294,2033,107,52,353,1540,9,10,2020-07-26 00:00:00,
Illinois,IL,2020-07-27,2542134,172655,7416,81075,88516,3064,3996,3415,5,62,15512,31244,28310,29276,27800,19210,10599,10642,0,5,27,116,260,616,1334,1777,3281,39953,28718,39930,6474,4612,52326,405,237,3301,2036,106,52,354,1548,9,10,2020-07-27 00:00:00,
Illinois,IL,2020-07-28,2570465,173731,7446,81560,89088,3083,4012,3429,5,61,15698,31488,28487,29418,27947,19298,10667,10667,0,5,27,117,262,619,1338,1784,3294,40333,28884,40241,6492,4637,52496,406,242,3321,2043,108,51,354,1550,9,10,2020-07-28 00:00:00,
Illinois,IL,2020-07-29,2608652,175124,7462,82224,89796,3104,4021,3436,5,61,15941,31815,28703,29616,28138,19434,10718,10698,0,5,28,117,262,621,1342,1789,3298,40935,29105,40446,6513,4664,52814,406,241,3327,2045,109,51,355,1556,9,10,2020-07-29 00:00:00,
Illinois,IL,2020-07-30,2649786,176896,7478,83017,90765,3114,4033,3440,5,50,16262,32246,28995,29861,28365,19567,10806,10744,0,5,28,116,262,623,1344,1793,3307,41597,29321,40937,6593,4684,53113,406,245,3337,2051,108,50,356,1557,9,10,2020-07-30 00:00:00,
Illinois,IL,2020-07-31,2699568,178837,7495,83905,91772,3160,4042,3448,5,49,16605,32734,29306,30142,28596,19721,10902,10782,0,5,28,116,264,625,1346,1799,3312,42238,29567,41463,6636,4723,53551,408,251,3343,2057,110,50,356,1560,9,10,2020-07-31 00:00:00,
Illinois,IL,2020-08-01,2739377,180476,7503,84697,92593,3186,4046,3452,5,49,16862,33137,29593,30399,28819,19837,10965,10815,0,5,28,116,264,625,1347,1802,3316,42906,29784,41820,6690,4748,53864,412,252,3347,2059,109,50,356,1563,9,10,2020-08-01 00:00:00,
Illinois,IL,2020-08-02,2778322,181943,7517,85361,93344,3238,4054,3458,5,49,17098,33455,29879,30600,29005,19964,11029,10864,0,5,28,116,264,626,1351,1804,3323,43426,29948,42236,6716,4774,54176,412,255,3358,2060,108,49,357,1566,9,10,2020-08-02 00:00:00,
Illinois,IL,2020-08-03,2806797,183241,7526,85969,94000,3272,4059,3462,5,49,17327,33730,30093,30805,29169,20072,11090,10906,0,5,28,116,265,627,1350,1808,3327,43917,30102,42513,6779,4785,54475,414,256,3365,2061,108,50,357,1566,9,10,2020-08-03 20:28:32.446992,
Illinois,IL,2020-08-04,2849395,184712,7545,86672,94749,3291,4069,3470,6,51,17585,34066,30346,31025,29360,20205,11142,10932,0,6,28,116,265,628,1352,1811,3339,44504,30340,42747,6816,4814,54815,415,261,3377,2064,110,50,358,1567,9,10,2020-08-04 20:14:33.434246,
Illinois,IL,2020-08-05,2896063,186471,7573,87474,95684,3313,4085,3483,5,51,17859,34473,30624,31291,29589,20355,11232,10997,0,5,28,116,268,630,1356,1818,3352,45239,30573,43079,6871,4846,55187,415,261,3392,2067,116,51,358,1570,9,10,2020-08-05 20:04:19.015481,
Illinois,IL,2020-08-06,2937749,188424,7594,88361,96680,3383,4098,3490,6,51,18156,34926,30934,31564,29888,20527,11320,11058,0,5,28,117,268,632,1360,1822,3362,46010,30795,43550,6920,4881,55587,417,264,3401,2071,120,50,361,1572,9,10,2020-08-06 20:00:19.630172,
Illinois,IL,2020-08-07,2984618,190508,7613,89331,97754,3423,4111,3497,5,49,18468,35466,31253,31884,30158,20701,11399,11130,0,5,28,118,269,632,1364,1824,3373,46767,31030,44034,7006,4922,56065,421,263,3413,2073,120,51,362,1575,9,10,2020-08-07 20:02:31.545015,
Illinois,IL,2020-08-08,3032634,192698,7631,90310,98924,3464,4124,3502,5,55,18811,35948,31644,32207,30429,20887,11505,11212,0,5,28,118,270,632,1367,1829,3382,47617,31293,44481,7105,4947,56564,428,263,3424,2078,120,52,362,1576,9,10,2020-08-08 20:00:03.840350,
Illinois,IL,2020-08-09,3073988,194080,7636,90951,99649,3480,4127,3504,5,56,19053,36290,31857,32389,30577,21016,11587,11255,0,5,29,118,271,633,1371,1829,3380,48130,31453,44773,7160,4970,56904,428,262,3425,2081,119,51,362,1579,9,10,2020-08-09 20:03:02.007217,
Illinois,IL,2020-08-10,3106341,195399,7637,91560,100337,3502,4127,3505,5,57,19255,36614,32090,32569,30721,21126,11654,11313,0,5,29,118,271,633,1371,1829,3381,48553,31579,45221,7226,4986,57142,428,264,3426,2081,119,51,362,1579,9,10,2020-08-10 20:01:36.485763,
Illinois,IL,2020-08-11,3147703,196948,7657,92238,101167,3543,4138,3514,5,58,19484,36999,32381,32790,30911,21244,11713,11368,0,5,29,118,272,633,1376,1836,3388,49138,31790,45651,7263,5005,57404,428,269,3441,2084,118,51,363,1581,9,10,2020-08-11 20:01:42.869749,
Illinois,IL,2020-08-12,3189801,198593,7672,93016,101989,3588,4146,3521,5,57,19760,37375,32609,33027,31150,21394,11796,11425,0,5,29,117,272,634,1377,1840,3398,49781,31955,46067,7313,5040,57734,430,273,3452,2084,120,51,363,1583,9,10,2020-08-12 15:57:31.128723,
Illinois,IL,2020-08-13,3235807,200427,7696,93907,102900,3620,4157,3534,5,60,20057,37780,32902,33305,31419,21549,11872,11483,0,5,29,117,273,635,1380,1844,3413,50480,32172,46406,7407,5070,58189,430,273,3466,2088,122,51,364,1586,9,10,2020-08-13 20:25:23.118373,
Illinois,IL,2020-08-14,3285348,202691,7721,94951,104032,3708,4168,3549,4,49,20407,38327,33267,33643,31714,21737,11961,11586,0,5,29,118,273,639,1385,1845,3427,51286,32392,47031,7506,5100,58665,436,275,3479,2093,122,51,366,1591,9,10,2020-08-14 20:03:25.117828,
Illinois,IL,2020-08-15,3329762,204519,7726,95761,104985,3773,4170,3552,4,52,20691,38725,33541,33921,31975,21900,12040,11674,0,5,29,118,273,639,1385,1846,3431,51930,32595,47628,7589,5118,58944,436,279,3482,2094,123,51,366,1591,9,10,2020-08-15 20:03:48.486501,
Illinois,IL,2020-08-16,3366851,206081,7744,96490,105771,3820,4178,3562,4,56,20952,39076,33791,34171,32198,22024,12099,11714,0,5,29,119,273,639,1389,1851,3439,52502,32759,48080,7661,5132,59227,439,281,3489,2098,125,52,366,1595,9,10,2020-08-16 20:12:22.355097,
Illinois,IL,2020-08-17,3405097,207854,7756,97324,106665,3865,4183,3568,5,56,21251,39481,34077,34433,32438,22184,12172,11762,0,5,29,119,273,639,1392,1852,3447,52987,32919,48812,7748,5158,59507,440,283,3493,2100,131,52,366,1595,9,10,2020-08-17 19:48:09.084008,
Illinois,IL,2020-08-18,3439272,209594,7782,98121,107579,3894,4200,3576,6,55,21576,39867,34346,34666,32675,22327,12265,11817,0,5,29,119,275,640,1395,1857,3462,53647,33090,49322,7793,5190,59821,446,285,3514,2102,132,52,366,1596,9,11,2020-08-18 19:52:44.335980,
Illinois,IL,2020-08-19,3489571,211889,7806,99199,108737,3953,4213,3588,5,61,21989,40357,34694,34991,33001,22534,12377,11885,0,5,30,120,275,641,1399,1862,3474,54509,33280,49924,7865,5225,60349,449,288,3529,2106,131,53,367,1600,9,11,2020-08-19 20:10:07.979040,
Illinois,IL,2020-08-20,3541183,213721,7833,100055,109719,3947,4228,3599,6,60,22300,40761,34969,35246,33276,22691,12458,11960,0,5,30,120,275,644,1401,1867,3491,55280,33488,50212,7934,5253,60818,446,290,3546,2109,132,53,368,1605,9,11,2020-08-20 20:07:36.834217,
Illinois,IL,2020-08-21,3592919,215929,7857,101048,110868,4013,4241,3611,5,60,22652,41306,35323,35571,33571,22871,12560,12015,0,5,30,121,277,646,1406,1872,3500,56153,33677,50809,8032,5283,61228,449,298,3566,2113,131,52,368,1607,9,11,2020-08-21 21:56:31.551082,
Illinois,IL,2020-08-22,3649685,218285,7874,102130,112071,4084,4249,3620,5,62,23080,41819,35680,35898,33891,23089,12689,12077,0,5,31,122,278,647,1411,1873,3507,56979,33876,51542,8114,5319,61702,452,301,3577,2117,130,52,368,1610,9,11,2020-08-22 19:07:48.707514,
Illinois,IL,2020-08-23,3704036,220178,7880,102967,113086,4125,4253,3622,5,64,23439,42329,35941,36167,34138,23225,12765,12110,0,5,31,122,280,648,1412,1873,3509,57596,34022,52177,8214,5355,62056,454,304,3579,2118,130,52,368,1613,9,11,2020-08-23 20:03:34.039001,
Illinois,IL,2020-08-24,3740191,221790,7888,103698,113921,4171,4258,3625,5,66,23754,42723,36177,36363,34352,23378,12840,12137,0,5,31,122,280,649,1413,1876,3512,58089,34114,52799,8281,5383,62364,455,305,3582,2119,130,53,368,1616,9,11,2020-08-24 19:09:01.255301,
Illinois,IL,2020-08-25,3781050,223470,7917,104481,114767,4222,4274,3638,5,68,24034,43141,36427,36579,34574,23526,12925,12196,0,5,32,122,281,651,1417,1884,3525,58725,34308,53274,8322,5400,62677,457,307,3598,2124,133,53,369,1620,9,11,2020-08-25 20:05:50.501792,
Illinois,IL,2020-08-26,3831412,225627,7954,105480,115840,4307,4287,3662,5,67,24469,43683,36680,36864,34843,23704,13043,12274,0,6,32,122,281,652,1421,1894,3546,59651,34503,53800,8375,5451,63082,459,306,3628,2132,131,52,369,1622,9,11,2020-08-26 20:08:43.869848,
Illinois,IL,2020-08-27,3875922,227334,7977,106272,116698,4364,4298,3674,5,68,24790,44076,36900,37085,35102,23856,13134,12323,0,6,32,122,281,652,1424,1899,3561,60421,34665,54183,8437,5479,63383,459,307,3642,2138,133,52,370,1622,9,11,2020-08-27 20:00:27.524783,
Illinois,IL,2020-08-28,3924305,229483,7997,107307,117795,4381,4309,3683,5,68,25211,44617,37185,37374,35374,24044,13228,12382,0,6,33,122,281,653,1425,1906,3571,61320,34828,54585,8525,5519,63935,462,309,3659,2141,131,52,371,1623,9,11,2020-08-28 19:51:29.042085,
Illinois,IL,2020-08-29,3973089,231363,8008,108157,118728,4478,4317,3685,6,71,25573,45102,37464,37637,35583,24181,13327,12425,0,6,33,122,281,654,1428,1910,3574,62028,34965,55387,8571,5544,64094,462,312,3666,2142,133,52,371,1624,9,11,2020-08-29 19:53:21.928603,
Illinois,IL,2020-08-30,4016782,233355,8019,109054,119701,4600,4321,3693,5,72,25975,45689,37756,37869,35825,24312,13396,12461,0,6,33,123,281,656,1430,1915,3575,62559,35097,56134,8643,5565,64580,465,312,3672,2146,132,53,371,1625,9,11,2020-08-30 19:45:13.027115,
Illinois,IL,2020-08-31,4064161,235023,8026,109806,120540,4677,4325,3696,5,70,26320,46120,37997,38103,36005,24461,13468,12479,0,6,33,123,282,656,1430,1918,3578,63122,35214,56729,8713,5589,64875,467,314,3675,2148,134,53,371,1625,9,11,2020-08-31 21:11:25.001131,
Illinois,IL,2020-09-01,4087122,236515,8064,110501,121275,4739,4345,3714,5,60,26605,46482,38187,38306,36182,24595,13541,12557,0,6,33,124,282,655,1434,1931,3599,63705,35318,57217,8746,5612,65133,467,317,3699,2151,138,53,371,1632,9,11,2020-09-01 19:52:10.448371,
Illinois,IL,2020-09-02,4119873,238643,8091,111512,122332,4799,4359,3727,5,61,27030,47025,38480,38577,36434,24770,13648,12618,0,6,33,124,282,656,1436,1938,3616,64534,35497,57930,8786,5643,65466,468,319,3716,2155,139,53,371,1636,9,12,2020-09-02 20:00:17.320019,
Illinois,IL,2020-09-03,4160668,240003,8115,112165,122991,4847,4373,3737,5,64,27320,47388,38642,38733,36594,24892,13718,12652,0,6,33,124,282,658,1445,1943,3624,65119,35628,58293,8831,5673,65669,470,320,3738,2158,134,53,371,1640,9,12,2020-09-03 20:48:09.058918,
Illinois,IL,2020-09-04,4309941,245371,8143,114736,125716,4919,4388,3750,5,63,28643,48732,39286,39356,37274,25285,13938,12794,0,6,33,124,283,660,1447,1952,3638,67194,36011,60311,8991,5768,66301,472,323,3758,2159,137,53,372,1643,9,12,2020-09-04 20:48:16.694258,
Illinois,IL,2020-09-05,4371876,248177,8166,116146,127083,4948,4402,3759,5,64,29247,49370,39687,39734,37640,25516,14057,12862,0,6,33,124,285,661,1448,1956,3653,68283,36228,61047,9094,5812,66911,475,327,3778,2163,132,53,372,1647,9,12,2020-09-05 20:06:30.745676,
Illinois,IL,2020-09-06,4418372,249580,8171,116849,127778,4953,4404,3762,5,64,29548,49682,39903,39919,37824,25633,14123,12884,0,6,33,124,285,661,1449,1958,3655,68823,36348,61464,9172,5833,67136,476,328,3780,2163,134,53,372,1648,9,12,2020-09-06 20:05:25.914056,
Illinois,IL,2020-09-07,4447347,250961,8179,117531,128468,4962,4410,3764,5,64,29827,50002,40111,40117,38003,25740,14177,12920,0,6,33,124,285,662,1450,1961,3658,69243,36427,62022,9208,5857,67400,475,329,3783,2163,135,53,372,1652,9,12,2020-09-07 20:21:57.679155,
Illinois,IL,2020-09-08,4478710,252353,8186,118203,129189,4961,4415,3766,5,67,30133,50327,40315,40286,38187,25855,14230,12953,0,6,33,125,287,662,1450,1962,3661,69776,36517,62456,9274,5880,67643,478,329,3788,2163,136,53,372,1653,9,12,2020-09-08 19:57:38.064639,
Illinois,IL,2020-09-09,4526739,253690,8214,118817,129888,4985,4429,3780,5,65,30440,50654,40487,40436,38349,25960,14290,13009,0,6,33,125,287,663,1452,1970,3678,70474,36611,62708,9322,5902,67865,479,329,3809,2168,134,53,372,1657,9,12,2020-09-09 20:02:39.580460,
Illinois,IL,2020-09-10,4575721,255643,8242,119781,130844,5018,4450,3792,0,65,30819,51077,40760,40686,38608,26159,14387,13082,0,6,33,125,289,665,1456,1978,3690,71376,36786,63155,9368,5942,68206,480,330,3833,2169,135,52,373,1659,9,12,2020-09-10 20:22:58.959645,
Illinois,IL,2020-09-11,4632382,257788,8273,120779,131954,5055,4458,3815,0,68,31176,51563,41063,40990,38896,26345,14518,13169,0,6,33,125,289,666,1460,1989,3705,72214,36931,63802,9421,5977,68630,482,331,3855,2172,134,53,374,1664,9,12,2020-09-11 20:23:16.537232,
Illinois,IL,2020-09-12,4688976,259909,8295,121797,133050,5062,4469,3826,0,67,31580,52076,41370,41266,39159,26525,14622,13244,0,6,33,126,290,669,1463,1993,3715,73129,37083,64383,9505,6010,68982,483,334,3862,2176,136,53,374,1672,10,12,2020-09-12 20:04:15.966442,
Illinois,IL,2020-09-13,4735866,261371,8309,122494,133813,5064,4477,3832,0,67,31887,52395,41583,41462,39338,26664,14688,13287,0,6,34,127,291,671,1466,1996,3718,73743,37197,64744,9550,6036,69281,485,335,3872,2180,132,48,376,1679,10,12,2020-09-13 20:00:41.315039,
Illinois,IL,2020-09-14,4771796,262744,8314,123204,134468,5072,4478,3836,0,67,32128,52718,41800,41649,39536,26765,14760,13321,0,6,34,127,291,671,1467,1998,3720,74300,37302,65170,9575,6074,69500,485,338,3878,2180,131,48,376,1679,10,12,2020-09-14 20:03:03.932975,
Illinois,IL,2020-09-16,4863138,266151,8367,124712,136314,5125,4502,3865,0,67,32739,53386,42294,42135,40017,27105,14936,13472,0,6,34,128,291,675,1476,2013,3744,75851,37577,65923,9665,6146,70155,491,343,3911,2191,128,48,377,1689,11,12,2020-09-16 20:11:36.239688,
Illinois,IL,2020-09-17,4920938,268207,8392,125748,137318,5141,4517,3875,0,68,33105,53827,42624,42434,40308,27287,15035,13519,0,6,34,130,291,677,1479,2016,3759,76672,37777,66387,9716,6173,70643,492,347,3928,2194,129,49,377,1692,11,12,2020-09-17 20:13:22.627040,
Illinois,IL,2020-09-18,4982856,270327,8411,126791,138376,5160,4528,3882,1,69,33481,54267,42964,42735,40584,27488,15148,13591,0,7,34,131,292,679,1482,2020,3766,77534,37942,67055,9786,6207,70958,493,352,3937,2195,131,49,377,1700,10,12,2020-09-18 20:04:27.232693,
Illinois,IL,2020-09-19,5057142,272856,8436,127997,139673,5186,4537,3898,1,70,33921,54861,43352,43073,40921,27730,15253,13675,0,7,34,131,292,682,1486,2026,3778,78451,38126,67896,9845,6237,71456,495,350,3954,2197,133,49,378,1703,10,12,2020-09-19 20:55:35.061963,
Illinois,IL,2020-09-20,5105153,274258,8450,128626,140393,5239,4548,3902,0,69,34144,55143,43605,43238,41106,27895,15331,13727,0,7,34,131,292,684,1490,2032,3780,78956,38217,68379,9889,6253,71718,496,350,3965,2199,131,50,378,1705,10,12,2020-09-20 19:29:08.491838,
Illinois,IL,2020-09-21,5143387,275735,8457,128626,140393,5239,4548,3902,0,69,34144,55143,43605,43238,41106,27895,15331,13727,0,7,34,131,292,684,1490,2032,3780,78956,38217,68379,9889,6253,71718,496,350,3965,2199,131,50,378,1705,10,12,2020-09-21 20:40:59.671638,
Illinois,IL,2020-09-22,5185216,277266,8486,130104,141916,5246,4565,3921,0,69,34672,55747,44088,43642,41490,28207,15513,13838,0,7,34,132,292,687,1492,2040,3802,80118,38467,69237,9987,6298,72296,508,355,3992,2200,137,49,379,1707,10,12,2020-09-22 20:15:35.971743,
Illinois,IL,2020-09-23,5231607,279114,8508,130989,142868,5257,4580,3927,1,68,34963,56120,44375,43903,41746,28405,15616,13918,0,7,34,132,293,688,1495,2046,3813,80971,38629,69613,10058,6326,72653,509,355,4020,2211,112,48,379,1716,10,12,2020-09-23 20:04:41.647723,
Illinois,IL,2020-09-24,5293678,281371,8538,132092,143990,5289,4594,3944,0,68,35322,56597,44752,44211,42052,28632,15736,14001,0,7,34,133,293,690,1499,2056,3826,81829,38820,70334,10114,6367,73038,511,358,4048,2212,108,47,379,1722,10,12,2020-09-24 20:07:28.384628,
Illinois,IL,2020-09-25,5363471,283885,8563,133300,145266,5319,4608,3955,0,70,35734,57098,45149,44580,42367,28890,15881,14116,0,7,34,133,293,691,1503,2063,3839,82820,39011,71082,10214,6414,73471,514,359,4066,2214,110,47,379,1725,10,12,2020-09-25 20:12:30.229555,
Illinois,IL,2020-09-26,5428688,286326,8588,134631,146744,4951,4623,3965,0,69,36140,57615,45552,44893,42704,29156,15989,14208,0,7,34,133,293,693,1510,2067,3851,83795,39198,71890,10287,6451,73825,517,363,4085,2217,110,47,380,1727,10,12,2020-09-26 20:33:09.333906,
Illinois,IL,2020-09-27,5479510,287930,8601,135394,147570,4966,4627,3973,1,69,36367,57945,45834,45128,42928,29329,16077,14253,0,7,34,133,293,694,1513,2069,3858,84430,39310,72385,10338,6486,74097,518,366,4094,2220,110,47,381,1727,10,12,2020-09-27 19:54:53.936965,
Illinois,IL,2020-09-28,5520652,289639,8614,136222,148445,4972,4636,3978,0,67,36647,58309,46100,45399,43160,29482,16160,14315,0,7,34,134,293,696,1514,2071,3865,85038,39418,72939,10417,6509,74430,519,369,4100,2221,109,48,381,1733,10,12,2020-09-28 20:07:59.278254,
Illinois,IL,2020-09-29,5566276,291001,8637,136871,149166,4964,4646,3990,1,66,36828,58593,46312,45596,43383,29626,16230,14367,0,7,34,135,293,696,1514,2079,3879,85688,39533,73309,10449,6536,74598,519,369,4118,2224,110,47,381,1735,10,12,2020-09-29 19:57:25.223361,
Illinois,IL,2020-09-30,5624822,293274,8672,137927,150369,4978,4661,4011,0,64,37187,59005,46639,45941,43753,29881,16367,14437,0,7,34,135,293,696,1517,2093,3897,86609,39722,73876,10518,6581,75066,523,379,4148,2226,106,47,382,1741,10,12,2020-09-30 20:09:00.389580,
Illinois,IL,2020-10-01,5690437,295440,8696,138996,151471,4973,4671,4025,0,64,37568,59409,46955,46256,44065,30105,16505,14513,0,7,34,135,295,697,1517,2103,3908,87561,39879,74321,10603,6621,75549,526,380,4168,2228,102,47,383,1745,10,13,2020-10-01 21:10:18.807148,
Illinois,IL,2020-10-02,5763128,297646,8743,140004,152636,5006,4695,4048,0,61,37888,59875,47296,46603,44353,30366,16611,14593,0,7,34,135,297,699,1529,2110,3932,88438,40068,74988,10682,6659,75901,530,380,4198,2235,107,47,384,1750,10,12,2020-10-02 20:13:02.165388,
Illinois,IL,2020-10-03,5834762,300088,8774,141165,153890,5033,4712,4062,0,64,38276,60368,47700,46927,44710,30587,16742,14714,0,7,34,135,298,701,1535,2116,3948,89411,40260,75713,10761,6707,76322,531,383,4215,2237,115,48,384,1753,10,12,2020-10-03 20:23:54.743649,
Illinois,IL,2020-10-04,5886418,301541,8791,141818,154666,5057,4724,4066,1,63,38505,60658,47948,47121,44911,30739,16831,14765,0,7,34,136,298,703,1538,2123,3952,89971,40359,76182,10812,6733,76566,534,384,4221,2243,116,49,384,1756,10,12,2020-10-04 19:56:29.153911,
Illinois,IL,2020-10-05,5924956,303394,8805,142666,155652,5076,4734,4071,0,63,38795,60973,48248,47394,45175,30948,16968,14830,0,7,34,136,298,705,1540,2126,3959,90553,40492,76888,10875,6762,76902,533,389,4233,2243,115,49,385,1758,10,12,2020-10-05 20:00:14.543014,
Illinois,IL,2020-10-06,5974469,305011,8836,143454,156482,5075,4752,4084,0,64,39033,61219,48482,47648,45415,31150,17093,14907,0,7,34,137,299,705,1543,2135,3976,91446,40666,77098,10926,6790,77159,535,391,4259,2245,114,50,385,1761,10,12,2020-10-06 20:06:26.728304,
Illinois,IL,2020-10-07,6033289,307641,8878,144714,157826,5101,4770,4107,1,64,39385,61700,48875,48027,45810,31461,17281,15038,0,7,34,137,300,706,1546,2145,4003,92617,40853,77819,10998,6844,77582,536,392,4293,2247,118,50,385,1763,10,12,2020-10-07 20:14:54.488037,
Illinois,IL,2020-10-08,6105780,310700,8910,146194,159378,5128,4786,4124,0,64,39782,62266,49388,48486,46293,31785,17467,15169,0,7,34,138,300,710,1549,2152,4020,94113,41185,78388,11100,6892,78091,538,393,4320,2248,117,49,386,1769,9,12,2020-10-08 20:12:34.505049,
Illinois,IL,2020-10-09,6177379,313518,8945,147509,160828,5181,4806,4138,1,67,40167,62841,49840,48906,46691,32075,17640,15291,0,7,34,138,301,712,1555,2159,4039,95348,41401,79212,11183,6939,78502,539,394,4347,2253,118,49,386,1771,9,12,2020-10-09 20:00:29.238334,
Illinois,IL,2020-10-11,6307682,319150,8984,150199,163672,5279,4824,4160,0,65,40949,63941,50738,49703,47510,32724,17964,15556,0,7,34,138,304,714,1557,2169,4061,97533,41906,80963,11369,7005,79435,540,399,4372,2255,124,48,388,1776,9,12,2020-10-11 19:59:13.604664,
Illinois,IL,2020-10-12,6355261,321892,8997,151519,165095,5278,4831,4166,0,65,41365,64473,51198,50100,47919,33031,18096,15645,0,7,34,138,304,715,1560,2173,4066,98604,42130,81822,11452,7052,79891,540,401,4379,2257,127,48,388,1777,9,12,2020-10-12 20:04:53.731939,
Illinois,IL,2020-10-13,6411254,324743,9026,152964,166473,5306,4847,4180,0,65,41733,65023,51669,50511,48332,33380,18270,15760,0,7,34,138,305,719,1568,2180,4076,99786,42319,82597,11539,7099,80459,542,402,4399,2259,125,48,390,1785,9,12,2020-10-13 19:47:44.205117,
Illinois,IL,2020-10-14,6463923,327605,9074,154350,167889,5366,4872,4201,1,66,42132,65565,52074,50934,48764,33694,18473,15903,0,7,34,138,306,720,1575,2189,4105,101118,42557,83303,11616,7134,80930,543,404,4436,2264,128,47,391,1787,9,12,2020-10-14 20:01:31.047241,
Illinois,IL,2020-10-15,6531009,331620,9127,156264,169980,5376,4900,4227,0,68,42666,66289,52749,51566,49352,34108,18737,16085,0,7,35,138,306,721,1583,2206,4131,102910,42887,84269,11787,7210,81599,543,415,4471,2268,134,48,391,1794,9,12,2020-10-15 21:38:25.888162,
Illinois,IL,2020-10-16,6618768,336174,9165,158432,172293,5449,4921,4244,0,69,43283,67185,53513,52272,50020,34596,18968,16268,0,7,35,138,307,725,1587,2215,4151,104523,43208,86042,11913,7276,82245,545,422,4495,2271,139,48,391,1800,9,12,2020-10-16 20:39:47.940406,
Illinois,IL,2020-10-17,6696257,339803,9192,160125,174135,5543,4939,4253,0,69,43797,67942,54142,52811,50536,34956,19148,16402,0,7,36,138,308,727,1592,2222,4162,105894,43513,86952,12008,7338,83126,547,425,4509,2276,142,47,391,1806,9,12,2020-10-17 20:04:57.672798,
Illinois,IL,2020-10-18,6775553,344048,9214,162092,176404,5552,4953,4261,0,69,44419,68766,54828,53456,51148,35399,19413,16550,0,7,36,138,308,728,1595,2228,4174,107425,43859,88384,12166,7396,83842,547,429,4531,2277,139,48,392,1806,9,12,2020-10-18 20:01:40.942542,
Illinois,IL,2020-10-19,6824237,347161,9236,163495,178086,5580,4965,4271,0,69,44846,69385,55369,53881,51631,35730,19587,16663,0,7,36,138,308,729,1595,2235,4188,108564,44101,89456,12289,7435,84331,549,436,4545,2283,140,48,392,1807,9,12,2020-10-19 20:12:19.735623,
Illinois,IL,2020-10-20,6883314,350875,9277,165261,180056,5558,4986,4291,0,69,45353,70063,55966,54447,52184,36128,19820,16845,0,7,36,138,309,731,1597,2244,4215,110163,44417,90408,12367,7512,85020,549,439,4580,2284,141,48,393,1809,10,12,2020-10-20 20:33:07.275931,
Illinois,IL,2020-10-21,6950105,355217,9345,167245,182396,5576,5023,4322,0,72,46006,70812,56697,55088,52825,36601,20072,17044,0,7,36,139,311,735,1604,2257,4256,111937,44776,91613,12488,7588,85816,555,444,4625,2292,151,49,393,1813,10,12,2020-10-21 19:52:21.031931,
Illinois,IL,2020-10-22,7031082,360159,9387,169530,185000,5629,5044,4343,0,81,46748,71754,57467,55848,53575,37098,20349,17239,0,7,36,139,313,738,1604,2268,4282,114011,45195,92772,12642,7681,86852,557,449,4659,2294,152,50,394,1816,10,12,2020-10-22 19:08:51.564345,
Illinois,IL,2020-10-23,7113338,364033,9418,171314,187041,5678,5061,4357,0,80,47237,72525,58098,56398,54164,37535,20553,17443,0,7,36,140,314,738,1606,2279,4298,115471,45482,94103,12735,7737,87493,560,452,4687,2296,151,50,394,1818,10,12,2020-10-23 20:01:50.798380,
Illinois,IL,2020-10-24,7196855,370194,9481,174168,190307,5719,5093,4388,0,79,48153,73732,59156,57354,55044,38109,20902,17665,0,7,36,140,317,739,1616,2286,4340,118364,46029,95443,13009,7854,88477,564,454,4730,2304,157,49,394,1824,10,13,2020-10-24 19:54:53.637036,
Illinois,IL,2020-10-25,7268952,374256,9505,176139,192438,5679,5105,4400,0,79,48792,74516,59829,57986,55561,38553,21138,17802,0,7,37,140,319,740,1618,2292,4352,120359,46459,95822,13150,7950,89491,567,458,4743,2309,160,49,394,1827,10,13,2020-10-25 20:05:50.217961,
Illinois,IL,2020-10-26,7326216,378985,9522,178410,194883,5692,5113,4409,0,79,49489,75343,60612,58732,56307,39055,21409,17959,0,7,37,141,319,741,1620,2295,4362,121934,46805,97796,13354,8024,90040,567,465,4753,2313,160,49,394,1830,10,13,2020-10-26 20:02:18.101970,
Illinois,IL,2020-10-27,7388290,382985,9568,180256,196958,5771,5130,4437,1,79,50051,76066,61277,59324,56891,39509,21664,18124,0,7,37,141,319,742,1626,2307,4389,123378,47134,99180,13485,8089,90679,569,471,4782,2317,170,50,394,1832,10,13,2020-10-27 20:09:31.031014,
Illinois,IL,2020-10-28,7459042,389095,9619,183141,200147,5807,5154,4465,0,79,50923,77180,62241,60316,57834,40172,22005,18345,0,8,37,141,319,745,1631,2317,4421,125937,47641,100758,13700,8196,91814,572,477,4826,2321,170,50,394,1835,10,13,2020-10-28 20:03:20.402114,
Illinois,IL,2020-10-29,7542098,395458,9675,186160,203416,5882,5186,4489,0,80,51965,78368,63315,61303,58742,40766,22360,18559,0,8,37,142,321,745,1641,2331,4450,128272,48114,102718,13898,8303,93096,576,481,4860,2326,182,50,394,1840,10,13,2020-10-29 20:09:46.791322,
Illinois,IL,2020-10-30,7637209,402401,9711,189393,207068,5940,5202,4509,0,80,53032,79728,64505,62340,59787,41429,22721,18779,0,8,37,142,322,748,1645,2341,4468,130732,48655,105245,14163,8399,94143,579,485,4893,2327,178,51,395,1844,10,13,2020-10-30 19:40:59.716430,
Illinois,IL,2020-11-01,7808303,417280,9792,196418,214761,6101,5241,4551,0,79,55340,82819,66986,64758,61917,42808,23376,19197,0,8,37,142,323,751,1656,2368,4507,135721,49620,110293,14740,8721,97098,587,500,4944,2332,185,55,397,1856,10,13,2020-11-01 20:20:38.962571,
Illinois,IL,2020-11-02,7876421,423502,9810,199359,218008,6135,5251,4559,0,80,56224,84049,68048,65689,62843,43475,23703,19391,0,8,37,142,323,752,1659,2372,4517,137765,50034,112779,14994,8836,97984,588,522,4952,2335,188,55,397,1860,10,13,2020-11-02 19:54:59.019785,
Illinois,IL,2020-11-03,7958856,430018,9878,202406,221367,6245,5288,4590,0,81,57181,85204,69158,66774,63791,44169,24039,19621,0,8,37,142,323,755,1665,2388,4560,140435,50484,114679,15218,8965,99119,589,529,5002,2336,197,56,398,1866,10,13,2020-11-03 20:18:28.609175,
Illinois,IL,2020-11-04,8030713,437556,9933,206050,225200,6306,5318,4615,0,81,58192,86639,70432,67952,64968,44995,24440,19857,0,8,37,143,323,755,1675,2404,4588,143405,50998,116879,15479,9114,100554,591,536,5045,2347,192,54,398,1874,10,13,2020-11-04 20:16:31.476229,
Illinois,IL,2020-11-05,8116728,447491,10030,210740,230246,6505,5359,4671,0,86,59711,88526,72007,69511,66466,45984,24967,20233,0,8,38,144,324,759,1683,2426,4648,147014,51588,120427,15832,9298,102185,600,547,5126,2351,196,52,399,1883,10,13,2020-11-05 21:25:30.443261,
Illinois,IL,2020-11-06,8215129,465540,10079,218713,239198,7629,5384,4695,0,156,62929,92014,74915,72209,69026,47720,25751,20820,0,8,38,144,324,760,1690,2438,4677,154489,52534,126751,16184,9595,104817,606,564,5167,2354,198,51,399,1887,10,13,2020-11-06 20:00:49.907388,318.0
Illinois,IL,2020-11-07,8313547,477978,10154,224560,245642,7776,5431,4723,0,159,64888,94402,77007,74114,70895,48943,26364,21206,0,8,38,144,324,765,1697,2462,4716,159304,53364,130715,16683,9832,106882,613,585,5231,2362,193,52,400,1892,10,14,2020-11-07 20:51:22.599880,334.0
Illinois,IL,2020-11-08,8404304,487987,10196,229225,250862,7900,5452,4744,0,160,66443,96313,78599,75642,72415,49943,26872,21600,0,8,38,145,324,767,1704,2466,4744,163066,53983,134276,16992,9989,108457,624,600,5255,2369,196,52,400,1899,10,15,2020-11-08 20:26:18.265711,342.0
Illinois,IL,2020-11-09,8469064,498560,10210,234234,256327,7999,5460,4750,0,163,68099,98440,80448,77248,73859,51019,27351,21933,0,8,38,145,324,769,1705,2470,4751,166469,54601,138725,17310,10132,110076,627,620,5267,2369,198,52,400,1899,10,15,2020-11-09 19:19:38.620133,353.0
Illinois,IL,2020-11-10,8571019,511183,10289,240164,262840,8179,5505,4784,0,169,70111,100762,82490,79212,75754,52396,27951,22338,0,8,38,146,328,772,1708,2496,4793,171435,55339,143382,17856,10346,111565,631,629,5326,2374,201,53,403,1907,10,15,2020-11-10 19:43:37.138620,356.0
Illinois,IL,2020-11-11,8664483,523840,10434,245958,269462,8420,5589,4845,0,168,72167,103093,84547,81164,77596,53746,28598,22761,0,8,39,147,333,783,1727,2538,4859,176440,56158,147495,18238,10591,113641,640,637,5408,2384,230,58,406,1923,10,15,2020-11-11 19:45:49.009029,364.0
Illinois,IL,2020-11-12,8765100,536542,10477,251856,276066,8620,5617,4860,0,170,74149,105338,86624,83208,79484,55097,29209,23263,0,8,39,147,334,789,1728,2548,4884,181160,57057,151888,18660,10810,115673,647,647,5461,2387,210,57,407,1930,10,15,2020-11-12 20:45:41.937072,369.0
Illinois,IL,2020-11-13,8871640,551957,10504,258992,284137,8828,5626,4878,0,180,76547,108218,89128,85646,81776,56650,30013,23799,0,8,39,147,335,789,1731,2557,4898,186743,57979,157525,19192,11088,118115,655,660,5483,2392,209,57,407,1931,10,15,2020-11-13 21:16:39.703412,387.0
Illinois,IL,2020-11-14,8986010,562985,10670,264036,289903,9046,5719,4951,0,182,78281,110141,90922,87354,83335,57849,30652,24269,0,8,39,147,338,800,1765,2590,4983,190793,58717,161548,19500,11250,119846,659,672,5592,2416,218,61,409,1949,10,15,2020-11-14 19:59:20.158362,418.0
Illinois,IL,2020-11-15,9070841,573616,10742,268946,295523,9147,5764,4978,0,183,79895,112083,92713,88983,84904,58949,31254,24652,0,8,39,147,338,806,1775,2608,5021,194046,59468,165839,19878,11453,121589,661,682,5648,2422,221,62,409,1955,10,15,2020-11-15 19:58:30.827742,420.0
Illinois,IL,2020-11-16,9161453,585248,10779,274410,301563,9275,5786,4993,0,182,81712,114158,94567,90754,86651,60226,31940,25058,0,8,39,147,338,811,1781,2615,5040,197358,60211,171214,20240,11654,123217,662,692,5671,2428,223,63,410,1959,10,15,2020-11-16 19:54:43.207442,425.0
Illinois,IL,2020-11-17,9255658,597849,10875,280193,308164,9492,5831,5044,0,184,83657,116324,96624,92703,88562,61628,32677,25490,0,8,39,148,340,812,1789,2640,5099,201938,60961,176146,20719,11926,124782,668,709,5748,2438,225,62,414,1963,10,15,2020-11-17 20:34:27.986753,442.0
Illinois,IL,2020-11-18,9359227,606771,11014,284305,312778,9688,5915,5099,0,188,85006,117760,98034,94089,89875,62626,33245,25948,0,8,39,150,343,821,1814,2669,5170,204935,61474,180539,20901,12042,125490,671,719,5826,2455,238,65,419,1986,10,15,2020-11-18 19:59:53.403364,454.0
Illinois,IL,2020-11-19,9472674,621383,11178,291224,320280,9879,6008,5170,0,194,87272,120272,100324,96386,92155,64168,34123,26489,0,8,39,151,345,829,1838,2708,5260,210033,62380,185826,21469,12358,127906,673,738,5952,2465,247,63,427,1999,10,15,2020-11-19 20:30:07.121094,470.0
Illinois,IL,2020-11-20,9588698,634395,11304,297257,327114,10024,6074,5230,0,202,89349,122522,102373,98455,94184,65587,34830,26893,0,8,40,152,349,841,1855,2735,5324,214406,63189,191288,21890,12597,129588,684,753,6041,2483,247,63,428,2016,11,15,2020-11-20 21:16:27.902152,491.0
Illinois,IL,2020-11-22,9801419,656298,11506,307369,338527,10402,6194,5312,0,207,92646,126377,105807,101991,97493,67944,36116,27717,0,8,40,153,356,855,1891,2781,5422,221179,64638,201184,22541,12947,132353,689,767,6171,2504,257,64,432,2052,10,16,2020-11-22 19:50:35.200243,545.0
Illinois,IL,2020-11-23,9892981,664620,11552,311261,342895,10464,6221,5331,0,206,93884,127821,107073,103310,98734,68892,36614,28086,0,8,40,153,356,859,1899,2796,5441,223843,65143,204788,22851,13109,133416,697,773,6199,2515,256,65,433,2058,10,16,2020-11-23 20:07:52.436515,560.0
Illinois,IL,2020-11-24,9990304,674089,11677,315604,347910,10575,6285,5392,0,210,95252,129361,108624,104724,100170,69968,37214,28566,0,8,40,157,359,861,1911,2829,5512,227089,65836,208896,23122,13264,134390,704,788,6282,2527,271,65,436,2070,10,16,2020-11-24 23:52:52.480483,585.0
Illinois,IL,2020-11-25,10104537,685467,11832,321050,353703,10714,6366,5466,0,218,96959,131333,110459,106474,101961,71226,37865,28972,0,8,40,160,363,866,1925,2867,5603,231372,66519,212934,23561,13503,136076,708,794,6402,2537,281,63,438,2084,11,16,2020-11-25 19:32:40.029606,608.0
Illinois,IL,2020-11-26,10212093,697489,11963,326775,359848,10866,6430,5533,0,226,98756,133430,112400,108343,103797,72504,38584,29449,0,8,40,161,367,873,1938,2901,5675,235216,67400,217841,23992,13726,137781,718,815,6488,2548,304,64,439,2093,11,16,2020-11-26 20:02:06.286244,633.0
Illinois,IL,2020-11-27,10289223,705063,12029,330338,363740,10985,6461,5568,0,226,99940,134673,113606,109549,104919,73370,39007,29773,0,8,40,162,368,877,1945,2918,5711,236927,67835,222280,24169,13801,138509,720,822,6547,2557,289,65,444,2100,11,16,2020-11-27 20:04:41.284645,657.0
Illinois,IL,2020-11-28,10368278,712936,12137,334004,367856,11076,6516,5621,0,225,101121,135837,114902,110765,106128,74220,39522,30216,0,8,40,163,374,881,1967,2946,5758,239414,68365,225929,24429,13931,139312,724,832,6601,2576,298,67,448,2120,11,16,2020-11-28 20:03:48.462263,701.0
Illinois,IL,2020-11-29,10431018,720114,12193,337409,371567,11138,6553,5640,0,228,102207,137083,116004,111839,107218,75038,39934,30563,0,8,40,163,375,889,1972,2959,5787,241602,68789,229188,24674,14056,140237,729,839,6633,2584,301,67,450,2131,11,16,2020-11-29 21:32:10.847384,689.0
