"","","Deaths by Race and Ethnicity","","","","","","","","","","","","","","","","",""
"","","Not Hispanic","","","","","","Hispanic","","","","","","Unknown Ethnicity","","","","",""
"County","Total Deaths","Black or African 
American","White","American 
Indian or 
Alaska Native","Asian","Other","Unknown","Black or African 
American","White","American 
Indian or 
Alaska Native","Asian","Other","Unknown","Black or African 
American","White","American 
Indian or 
Alaska Native","Asian","Other","Unknown"
"WINSTON","22","14","5","0","0","1","0","0","0","0","0","0","0","0","1","0","0","0","1"
"YALOBUSHA","23","7","11","0","0","0","0","0","1","0","0","0","0","1","0","0","0","0","3"
"YAZOO","36","27","7","0","0","0","0","0","0","0","0","0","0","1","0","0","0","0","1"
"Total","3443","1373","1389","65","3","18","4","7","20","1","0","14","1","179","233","21","5","29","81"
