health_district,number_of_cases,number_of_deaths,number_of_hospitalizations,report_date
Alexandria,2639,56,256,2020-07-23 00:00:00
Alleghany,742,15,37,2020-07-23 00:00:00
Arlington,2776,135,431,2020-07-23 00:00:00
Central Shenandoah,2484,49,197,2020-07-23 00:00:00
Central Virginia,718,6,18,2020-07-23 00:00:00
Chesapeake,1867,24,179,2020-07-23 00:00:00
Chesterfield,3885,88,225,2020-07-23 00:00:00
Chickahominy,826,40,118,2020-07-23 00:00:00
Crater,1914,50,192,2020-07-23 00:00:00
Cumberland Plateau,164,0,10,2020-07-23 00:00:00
Eastern Shore,1348,43,120,2020-07-23 00:00:00
Fairfax,15255,524,1816,2020-07-23 00:00:00
Hampton,786,4,46,2020-07-23 00:00:00
Henrico,3139,177,300,2020-07-23 00:00:00
Lenowisco,157,5,23,2020-07-23 00:00:00
Lord Fairfax,2372,82,207,2020-07-23 00:00:00
Loudoun,4758,106,325,2020-07-23 00:00:00
Mount Rogers,1015,37,98,2020-07-23 00:00:00
New River,359,6,25,2020-07-23 00:00:00
Norfolk,2489,20,152,2020-07-23 00:00:00
Peninsula,2151,39,156,2020-07-23 00:00:00
Piedmont,1198,19,116,2020-07-23 00:00:00
Pittsylvania-Danville,482,5,57,2020-07-23 00:00:00
Portsmouth,1115,21,107,2020-07-23 00:00:00
Prince William,10353,192,924,2020-07-23 00:00:00
Rappahannock,2961,49,265,2020-07-23 00:00:00
Rappahannock Rapidan,1741,25,129,2020-07-23 00:00:00
Richmond,2670,35,263,2020-07-23 00:00:00
Roanoke,684,10,15,2020-07-23 00:00:00
Southside,559,32,62,2020-07-23 00:00:00
Thomas Jefferson,1505,30,129,2020-07-23 00:00:00
Three Rivers,900,12,63,2020-07-23 00:00:00
Virginia Beach,3030,39,174,2020-07-23 00:00:00
Western Tidewater,1427,69,117,2020-07-23 00:00:00
West Piedmont,768,10,85,2020-07-23 00:00:00
Alexandria,2618,56,256,2020-07-22 00:00:00
Alleghany,733,15,37,2020-07-22 00:00:00
Arlington,2763,135,431,2020-07-22 00:00:00
Central Shenandoah,2469,49,193,2020-07-22 00:00:00
Central Virginia,711,6,18,2020-07-22 00:00:00
Chesapeake,1850,24,176,2020-07-22 00:00:00
Chesterfield,3837,88,218,2020-07-22 00:00:00
Chickahominy,816,40,117,2020-07-22 00:00:00
Crater,1887,50,192,2020-07-22 00:00:00
Cumberland Plateau,160,0,10,2020-07-22 00:00:00
Eastern Shore,1342,43,120,2020-07-22 00:00:00
Fairfax,15206,523,1812,2020-07-22 00:00:00
Hampton,772,4,43,2020-07-22 00:00:00
Henrico,3112,177,295,2020-07-22 00:00:00
Lenowisco,145,5,22,2020-07-22 00:00:00
Lord Fairfax,2370,82,205,2020-07-22 00:00:00
Loudoun,4738,106,324,2020-07-22 00:00:00
Mount Rogers,997,37,97,2020-07-22 00:00:00
New River,351,6,25,2020-07-22 00:00:00
Norfolk,2389,20,149,2020-07-22 00:00:00
Peninsula,2104,39,151,2020-07-22 00:00:00
Piedmont,1192,19,115,2020-07-22 00:00:00
Pittsylvania-Danville,462,5,56,2020-07-22 00:00:00
Portsmouth,1085,21,103,2020-07-22 00:00:00
Prince William,10287,192,909,2020-07-22 00:00:00
Rappahannock,2923,48,260,2020-07-22 00:00:00
Rappahannock Rapidan,1732,25,128,2020-07-22 00:00:00
Richmond,2643,35,261,2020-07-22 00:00:00
Roanoke,679,10,15,2020-07-22 00:00:00
Southside,554,32,60,2020-07-22 00:00:00
Thomas Jefferson,1458,30,124,2020-07-22 00:00:00
Three Rivers,897,12,61,2020-07-22 00:00:00
Virginia Beach,2968,39,170,2020-07-22 00:00:00
Western Tidewater,1386,69,113,2020-07-22 00:00:00
West Piedmont,757,9,85,2020-07-22 00:00:00
Alexandria,2662,56,262,2020-07-24 00:00:00
Alleghany,755,15,37,2020-07-24 00:00:00
Arlington,2783,135,431,2020-07-24 00:00:00
Central Shenandoah,2505,50,199,2020-07-24 00:00:00
Central Virginia,738,6,19,2020-07-24 00:00:00
Chesapeake,1953,24,180,2020-07-24 00:00:00
Chesterfield,3954,89,227,2020-07-24 00:00:00
Chickahominy,838,40,118,2020-07-24 00:00:00
Crater,1941,50,194,2020-07-24 00:00:00
Cumberland Plateau,169,1,10,2020-07-24 00:00:00
Eastern Shore,1351,43,121,2020-07-24 00:00:00
Fairfax,15359,526,1857,2020-07-24 00:00:00
Hampton,822,4,48,2020-07-24 00:00:00
Henrico,3190,177,300,2020-07-24 00:00:00
Lenowisco,164,6,23,2020-07-24 00:00:00
Lord Fairfax,2395,82,207,2020-07-24 00:00:00
Loudoun,4769,106,326,2020-07-24 00:00:00
Mount Rogers,1057,39,99,2020-07-24 00:00:00
New River,363,6,25,2020-07-24 00:00:00
Norfolk,2582,20,155,2020-07-24 00:00:00
Peninsula,2231,39,156,2020-07-24 00:00:00
Piedmont,1200,19,116,2020-07-24 00:00:00
Pittsylvania-Danville,487,5,57,2020-07-24 00:00:00
Portsmouth,1165,21,107,2020-07-24 00:00:00
Prince William,10411,194,928,2020-07-24 00:00:00
Rappahannock,2973,49,266,2020-07-24 00:00:00
Rappahannock Rapidan,1749,25,130,2020-07-24 00:00:00
Richmond,2686,36,265,2020-07-24 00:00:00
Roanoke,690,10,15,2020-07-24 00:00:00
Southside,571,32,62,2020-07-24 00:00:00
Thomas Jefferson,1551,30,129,2020-07-24 00:00:00
Three Rivers,909,12,63,2020-07-24 00:00:00
Virginia Beach,3119,41,177,2020-07-24 00:00:00
Western Tidewater,1477,69,120,2020-07-24 00:00:00
West Piedmont,795,10,86,2020-07-24 00:00:00
Alexandria,2687,57,264,2020-07-25 00:00:00
Alleghany,756,15,37,2020-07-25 00:00:00
Arlington,2801,135,431,2020-07-25 00:00:00
Central Shenandoah,2534,50,199,2020-07-25 00:00:00
Central Virginia,769,6,19,2020-07-25 00:00:00
Chesapeake,2079,24,181,2020-07-25 00:00:00
Chesterfield,3984,89,233,2020-07-25 00:00:00
Chickahominy,852,40,121,2020-07-25 00:00:00
Crater,1959,50,196,2020-07-25 00:00:00
Cumberland Plateau,178,1,11,2020-07-25 00:00:00
Eastern Shore,1353,43,121,2020-07-25 00:00:00
Fairfax,15394,528,1869,2020-07-25 00:00:00
Hampton,848,4,48,2020-07-25 00:00:00
Henrico,3261,177,301,2020-07-25 00:00:00
Lenowisco,171,6,26,2020-07-25 00:00:00
Lord Fairfax,2408,82,209,2020-07-25 00:00:00
Loudoun,4796,106,325,2020-07-25 00:00:00
Mount Rogers,1083,39,100,2020-07-25 00:00:00
New River,369,6,26,2020-07-25 00:00:00
Norfolk,2661,20,157,2020-07-25 00:00:00
Peninsula,2278,40,158,2020-07-25 00:00:00
Piedmont,1213,19,116,2020-07-25 00:00:00
Pittsylvania-Danville,504,5,57,2020-07-25 00:00:00
Portsmouth,1225,21,109,2020-07-25 00:00:00
Prince William,10460,194,928,2020-07-25 00:00:00
Rappahannock,2989,49,273,2020-07-25 00:00:00
Rappahannock Rapidan,1757,25,130,2020-07-25 00:00:00
Richmond,2695,36,265,2020-07-25 00:00:00
Roanoke,698,10,15,2020-07-25 00:00:00
Southside,583,32,62,2020-07-25 00:00:00
Thomas Jefferson,1575,30,129,2020-07-25 00:00:00
Three Rivers,922,13,66,2020-07-25 00:00:00
Virginia Beach,3448,43,180,2020-07-25 00:00:00
Western Tidewater,1514,69,120,2020-07-25 00:00:00
West Piedmont,805,11,88,2020-07-25 00:00:00
Alexandria,2695,57,265,2020-07-26 00:00:00
Alleghany,775,15,37,2020-07-26 00:00:00
Arlington,2807,135,431,2020-07-26 00:00:00
Central Shenandoah,2549,50,199,2020-07-26 00:00:00
Central Virginia,797,6,19,2020-07-26 00:00:00
Chesapeake,2151,25,183,2020-07-26 00:00:00
Chesterfield,4013,89,234,2020-07-26 00:00:00
Chickahominy,859,40,122,2020-07-26 00:00:00
Crater,1984,50,197,2020-07-26 00:00:00
Cumberland Plateau,190,1,12,2020-07-26 00:00:00
Eastern Shore,1356,43,121,2020-07-26 00:00:00
Fairfax,15433,528,1871,2020-07-26 00:00:00
Hampton,873,4,48,2020-07-26 00:00:00
Henrico,3290,178,301,2020-07-26 00:00:00
Lenowisco,182,6,26,2020-07-26 00:00:00
Lord Fairfax,2417,82,209,2020-07-26 00:00:00
Loudoun,4820,106,325,2020-07-26 00:00:00
Mount Rogers,1110,39,104,2020-07-26 00:00:00
New River,379,6,26,2020-07-26 00:00:00
Norfolk,2771,20,157,2020-07-26 00:00:00
Peninsula,2334,40,158,2020-07-26 00:00:00
Piedmont,1227,19,116,2020-07-26 00:00:00
Pittsylvania-Danville,517,5,57,2020-07-26 00:00:00
Portsmouth,1267,21,109,2020-07-26 00:00:00
Prince William,10508,194,930,2020-07-26 00:00:00
Rappahannock,3016,50,274,2020-07-26 00:00:00
Rappahannock Rapidan,1764,25,130,2020-07-26 00:00:00
Richmond,2712,36,265,2020-07-26 00:00:00
Roanoke,724,10,16,2020-07-26 00:00:00
Southside,591,32,62,2020-07-26 00:00:00
Thomas Jefferson,1600,30,129,2020-07-26 00:00:00
Three Rivers,935,13,67,2020-07-26 00:00:00
Virginia Beach,3548,43,183,2020-07-26 00:00:00
Western Tidewater,1550,69,120,2020-07-26 00:00:00
West Piedmont,823,11,90,2020-07-26 00:00:00
Alexandria,2735,57,266,2020-07-27 00:00:00
Alleghany,793,15,37,2020-07-27 00:00:00
Arlington,2823,135,431,2020-07-27 00:00:00
Central Shenandoah,2571,50,199,2020-07-27 00:00:00
Central Virginia,856,6,19,2020-07-27 00:00:00
Chesapeake,2246,25,191,2020-07-27 00:00:00
Chesterfield,4051,90,236,2020-07-27 00:00:00
Chickahominy,875,40,122,2020-07-27 00:00:00
Crater,2024,50,198,2020-07-27 00:00:00
Cumberland Plateau,198,1,13,2020-07-27 00:00:00
Eastern Shore,1362,43,121,2020-07-27 00:00:00
Fairfax,15586,530,1875,2020-07-27 00:00:00
Hampton,916,4,48,2020-07-27 00:00:00
Henrico,3371,178,303,2020-07-27 00:00:00
Lenowisco,198,6,28,2020-07-27 00:00:00
Lord Fairfax,2427,82,210,2020-07-27 00:00:00
Loudoun,4914,106,327,2020-07-27 00:00:00
Mount Rogers,1123,39,104,2020-07-27 00:00:00
New River,402,6,28,2020-07-27 00:00:00
Norfolk,2779,20,158,2020-07-27 00:00:00
Peninsula,2404,40,158,2020-07-27 00:00:00
Piedmont,1227,19,116,2020-07-27 00:00:00
Pittsylvania-Danville,560,5,57,2020-07-27 00:00:00
Portsmouth,1291,21,109,2020-07-27 00:00:00
Prince William,10641,194,931,2020-07-27 00:00:00
Rappahannock,3064,50,282,2020-07-27 00:00:00
Rappahannock Rapidan,1789,26,130,2020-07-27 00:00:00
Richmond,2762,36,266,2020-07-27 00:00:00
Roanoke,737,10,16,2020-07-27 00:00:00
Southside,597,32,62,2020-07-27 00:00:00
Thomas Jefferson,1648,30,133,2020-07-27 00:00:00
Three Rivers,939,13,66,2020-07-27 00:00:00
Virginia Beach,3742,43,188,2020-07-27 00:00:00
Western Tidewater,1598,69,129,2020-07-27 00:00:00
West Piedmont,823,11,90,2020-07-27 00:00:00
Alexandria,2749,57,266,2020-07-28 00:00:00
Alleghany,793,15,37,2020-07-28 00:00:00
Arlington,2843,135,431,2020-07-28 00:00:00
Central Shenandoah,2594,50,202,2020-07-28 00:00:00
Central Virginia,890,6,21,2020-07-28 00:00:00
Chesapeake,2276,26,195,2020-07-28 00:00:00
Chesterfield,4087,90,238,2020-07-28 00:00:00
Chickahominy,880,41,123,2020-07-28 00:00:00
Crater,2057,52,201,2020-07-28 00:00:00
Cumberland Plateau,209,1,13,2020-07-28 00:00:00
Eastern Shore,1367,43,121,2020-07-28 00:00:00
Fairfax,15639,532,1878,2020-07-28 00:00:00
Hampton,938,4,48,2020-07-28 00:00:00
Henrico,3436,178,304,2020-07-28 00:00:00
Lenowisco,201,6,28,2020-07-28 00:00:00
Lord Fairfax,2431,82,210,2020-07-28 00:00:00
Loudoun,4939,108,328,2020-07-28 00:00:00
Mount Rogers,1131,40,104,2020-07-28 00:00:00
New River,407,6,28,2020-07-28 00:00:00
Norfolk,2814,20,162,2020-07-28 00:00:00
Peninsula,2433,40,158,2020-07-28 00:00:00
Piedmont,1278,19,116,2020-07-28 00:00:00
Pittsylvania-Danville,561,5,58,2020-07-28 00:00:00
Portsmouth,1367,21,111,2020-07-28 00:00:00
Prince William,10735,194,934,2020-07-28 00:00:00
Rappahannock,3099,50,282,2020-07-28 00:00:00
Rappahannock Rapidan,1799,26,130,2020-07-28 00:00:00
Richmond,2794,37,266,2020-07-28 00:00:00
Roanoke,739,10,16,2020-07-28 00:00:00
Southside,607,32,62,2020-07-28 00:00:00
Thomas Jefferson,1663,30,133,2020-07-28 00:00:00
Three Rivers,956,13,66,2020-07-28 00:00:00
Virginia Beach,3788,43,191,2020-07-28 00:00:00
Western Tidewater,1631,72,129,2020-07-28 00:00:00
West Piedmont,863,11,96,2020-07-28 00:00:00
Alexandria,2759,57,266,2020-07-29 00:00:00
Alleghany,806,16,37,2020-07-29 00:00:00
Arlington,2857,135,431,2020-07-29 00:00:00
Central Shenandoah,2609,51,202,2020-07-29 00:00:00
Central Virginia,944,9,24,2020-07-29 00:00:00
Chesapeake,2348,27,199,2020-07-29 00:00:00
Chesterfield,4122,93,239,2020-07-29 00:00:00
Chickahominy,886,41,124,2020-07-29 00:00:00
Crater,2067,55,202,2020-07-29 00:00:00
Cumberland Plateau,224,1,15,2020-07-29 00:00:00
Eastern Shore,1369,43,122,2020-07-29 00:00:00
Fairfax,15703,532,1887,2020-07-29 00:00:00
Hampton,963,4,49,2020-07-29 00:00:00
Henrico,3466,177,306,2020-07-29 00:00:00
Lenowisco,212,6,29,2020-07-29 00:00:00
Lord Fairfax,2439,82,213,2020-07-29 00:00:00
Loudoun,4965,109,328,2020-07-29 00:00:00
Mount Rogers,1157,41,107,2020-07-29 00:00:00
New River,411,7,29,2020-07-29 00:00:00
Norfolk,2937,22,164,2020-07-29 00:00:00
Peninsula,2473,40,158,2020-07-29 00:00:00
Piedmont,1284,22,116,2020-07-29 00:00:00
Pittsylvania-Danville,574,6,58,2020-07-29 00:00:00
Portsmouth,1390,21,114,2020-07-29 00:00:00
Prince William,10803,195,937,2020-07-29 00:00:00
Rappahannock,3134,50,282,2020-07-29 00:00:00
Rappahannock Rapidan,1806,26,130,2020-07-29 00:00:00
Richmond,2831,39,270,2020-07-29 00:00:00
Roanoke,780,10,17,2020-07-29 00:00:00
Southside,619,33,62,2020-07-29 00:00:00
Thomas Jefferson,1669,30,135,2020-07-29 00:00:00
Three Rivers,956,15,66,2020-07-29 00:00:00
Virginia Beach,3908,43,192,2020-07-29 00:00:00
Western Tidewater,1651,75,130,2020-07-29 00:00:00
West Piedmont,871,12,98,2020-07-29 00:00:00
Alexandria,2779,57,266,2020-07-30 00:00:00
Alleghany,819,18,37,2020-07-30 00:00:00
Arlington,2874,135,433,2020-07-30 00:00:00
Central Shenandoah,2618,52,203,2020-07-30 00:00:00
Central Virginia,957,9,25,2020-07-30 00:00:00
Chesapeake,2391,27,199,2020-07-30 00:00:00
Chesterfield,4174,96,241,2020-07-30 00:00:00
Chickahominy,892,41,124,2020-07-30 00:00:00
Crater,2092,55,203,2020-07-30 00:00:00
Cumberland Plateau,231,1,16,2020-07-30 00:00:00
Eastern Shore,1366,43,122,2020-07-30 00:00:00
Fairfax,15748,532,1892,2020-07-30 00:00:00
Hampton,973,5,49,2020-07-30 00:00:00
Henrico,3509,178,308,2020-07-30 00:00:00
Lenowisco,218,6,29,2020-07-30 00:00:00
Lord Fairfax,2446,82,213,2020-07-30 00:00:00
Loudoun,4985,109,331,2020-07-30 00:00:00
Mount Rogers,1179,42,112,2020-07-30 00:00:00
New River,415,7,29,2020-07-30 00:00:00
Norfolk,3080,22,165,2020-07-30 00:00:00
Peninsula,2509,41,158,2020-07-30 00:00:00
Piedmont,1300,25,116,2020-07-30 00:00:00
Pittsylvania-Danville,600,7,60,2020-07-30 00:00:00
Portsmouth,1417,22,122,2020-07-30 00:00:00
Prince William,10875,196,938,2020-07-30 00:00:00
Rappahannock,3173,50,283,2020-07-30 00:00:00
Rappahannock Rapidan,1812,26,131,2020-07-30 00:00:00
Richmond,2857,38,273,2020-07-30 00:00:00
Roanoke,805,10,18,2020-07-30 00:00:00
Southside,630,33,63,2020-07-30 00:00:00
Thomas Jefferson,1685,31,135,2020-07-30 00:00:00
Three Rivers,964,15,66,2020-07-30 00:00:00
Virginia Beach,3979,43,193,2020-07-30 00:00:00
Western Tidewater,1670,75,130,2020-07-30 00:00:00
West Piedmont,882,12,103,2020-07-30 00:00:00
Alexandria,2798,58,269,2020-07-31 00:00:00
Alleghany,829,18,37,2020-07-31 00:00:00
Arlington,2897,136,434,2020-07-31 00:00:00
Central Shenandoah,2632,52,204,2020-07-31 00:00:00
Central Virginia,1032,10,27,2020-07-31 00:00:00
Chesapeake,2450,28,201,2020-07-31 00:00:00
Chesterfield,4237,97,241,2020-07-31 00:00:00
Chickahominy,898,42,129,2020-07-31 00:00:00
Crater,2113,57,204,2020-07-31 00:00:00
Cumberland Plateau,240,1,16,2020-07-31 00:00:00
Eastern Shore,1366,43,122,2020-07-31 00:00:00
Fairfax,15755,533,1920,2020-07-31 00:00:00
Hampton,1007,5,49,2020-07-31 00:00:00
Henrico,3541,180,310,2020-07-31 00:00:00
Lenowisco,232,7,29,2020-07-31 00:00:00
Lord Fairfax,2456,84,214,2020-07-31 00:00:00
Loudoun,4995,110,335,2020-07-31 00:00:00
Mount Rogers,1207,47,116,2020-07-31 00:00:00
New River,429,7,29,2020-07-31 00:00:00
Norfolk,3180,24,168,2020-07-31 00:00:00
Peninsula,2555,41,161,2020-07-31 00:00:00
Piedmont,1330,26,116,2020-07-31 00:00:00
Pittsylvania-Danville,616,7,60,2020-07-31 00:00:00
Portsmouth,1462,22,122,2020-07-31 00:00:00
Prince William,10939,197,942,2020-07-31 00:00:00
Rappahannock,3201,50,284,2020-07-31 00:00:00
Rappahannock Rapidan,1820,26,132,2020-07-31 00:00:00
Richmond,2893,39,276,2020-07-31 00:00:00
Roanoke,814,11,18,2020-07-31 00:00:00
Southside,630,34,64,2020-07-31 00:00:00
Thomas Jefferson,1705,34,136,2020-07-31 00:00:00
Three Rivers,967,15,66,2020-07-31 00:00:00
Virginia Beach,4055,45,200,2020-07-31 00:00:00
Western Tidewater,1712,76,131,2020-07-31 00:00:00
West Piedmont,895,12,104,2020-07-31 00:00:00
Alexandria,2811,59,270,2020-08-01 00:00:00
Alleghany,837,20,39,2020-08-01 00:00:00
Arlington,2906,136,435,2020-08-01 00:00:00
Central Shenandoah,2650,53,206,2020-08-01 00:00:00
Central Virginia,1058,10,27,2020-08-01 00:00:00
Chesapeake,2462,29,204,2020-08-01 00:00:00
Chesterfield,4271,100,243,2020-08-01 00:00:00
Chickahominy,905,44,129,2020-08-01 00:00:00
Crater,2136,61,204,2020-08-01 00:00:00
Cumberland Plateau,246,1,17,2020-08-01 00:00:00
Eastern Shore,1369,43,123,2020-08-01 00:00:00
Fairfax,15828,535,1921,2020-08-01 00:00:00
Hampton,1009,5,49,2020-08-01 00:00:00
Henrico,3601,182,312,2020-08-01 00:00:00
Lenowisco,245,7,31,2020-08-01 00:00:00
Lord Fairfax,2475,86,216,2020-08-01 00:00:00
Loudoun,5014,112,336,2020-08-01 00:00:00
Mount Rogers,1220,49,116,2020-08-01 00:00:00
New River,431,7,29,2020-08-01 00:00:00
Norfolk,3185,26,170,2020-08-01 00:00:00
Peninsula,2583,41,161,2020-08-01 00:00:00
Piedmont,1351,27,116,2020-08-01 00:00:00
Pittsylvania-Danville,643,9,61,2020-08-01 00:00:00
Portsmouth,1492,24,124,2020-08-01 00:00:00
Prince William,10998,199,947,2020-08-01 00:00:00
Rappahannock,3246,52,286,2020-08-01 00:00:00
Rappahannock Rapidan,1829,26,132,2020-08-01 00:00:00
Richmond,2936,39,278,2020-08-01 00:00:00
Roanoke,861,11,18,2020-08-01 00:00:00
Southside,644,34,64,2020-08-01 00:00:00
Thomas Jefferson,1720,37,136,2020-08-01 00:00:00
Three Rivers,978,15,67,2020-08-01 00:00:00
Virginia Beach,4178,46,201,2020-08-01 00:00:00
Western Tidewater,1746,77,132,2020-08-01 00:00:00
West Piedmont,937,13,110,2020-08-01 00:00:00
Alexandria,2820,59,268,2020-08-02 00:00:00
Alleghany,857,20,39,2020-08-02 00:00:00
Arlington,2925,136,435,2020-08-02 00:00:00
Central Shenandoah,2664,53,206,2020-08-02 00:00:00
Central Virginia,1093,10,44,2020-08-02 00:00:00
Chesapeake,2538,29,206,2020-08-02 00:00:00
Chesterfield,4331,100,243,2020-08-02 00:00:00
Chickahominy,908,44,129,2020-08-02 00:00:00
Crater,2157,61,206,2020-08-02 00:00:00
Cumberland Plateau,252,1,19,2020-08-02 00:00:00
Eastern Shore,1371,43,123,2020-08-02 00:00:00
Fairfax,15908,536,1923,2020-08-02 00:00:00
Hampton,1048,5,49,2020-08-02 00:00:00
Henrico,3609,182,312,2020-08-02 00:00:00
Lenowisco,246,7,32,2020-08-02 00:00:00
Lord Fairfax,2484,86,216,2020-08-02 00:00:00
Loudoun,5034,112,336,2020-08-02 00:00:00
Mount Rogers,1248,50,117,2020-08-02 00:00:00
New River,440,7,30,2020-08-02 00:00:00
Norfolk,3210,26,172,2020-08-02 00:00:00
Peninsula,2645,41,161,2020-08-02 00:00:00
Piedmont,1368,27,116,2020-08-02 00:00:00
Pittsylvania-Danville,684,9,63,2020-08-02 00:00:00
Portsmouth,1539,24,125,2020-08-02 00:00:00
Prince William,11016,199,951,2020-08-02 00:00:00
Rappahannock,3271,52,288,2020-08-02 00:00:00
Rappahannock Rapidan,1838,26,132,2020-08-02 00:00:00
Richmond,2946,39,278,2020-08-02 00:00:00
Roanoke,903,11,18,2020-08-02 00:00:00
Southside,650,34,65,2020-08-02 00:00:00
Thomas Jefferson,1749,37,136,2020-08-02 00:00:00
Three Rivers,982,15,68,2020-08-02 00:00:00
Virginia Beach,4299,47,202,2020-08-02 00:00:00
Western Tidewater,1794,77,132,2020-08-02 00:00:00
West Piedmont,955,13,115,2020-08-02 00:00:00
Alexandria,2844,59,269,2020-08-03 00:00:00
Alleghany,871,20,39,2020-08-03 00:00:00
Arlington,2945,136,436,2020-08-03 00:00:00
Central Shenandoah,2681,53,206,2020-08-03 00:00:00
Central Virginia,1122,10,56,2020-08-03 00:00:00
Chesapeake,2617,29,213,2020-08-03 00:00:00
Chesterfield,4410,100,245,2020-08-03 00:00:00
Chickahominy,917,44,129,2020-08-03 00:00:00
Crater,2202,62,209,2020-08-03 00:00:00
Cumberland Plateau,269,1,21,2020-08-03 00:00:00
Eastern Shore,1374,43,123,2020-08-03 00:00:00
Fairfax,16048,536,1924,2020-08-03 00:00:00
Hampton,1070,5,49,2020-08-03 00:00:00
Henrico,3654,182,317,2020-08-03 00:00:00
Lenowisco,267,7,32,2020-08-03 00:00:00
Lord Fairfax,2493,85,216,2020-08-03 00:00:00
Loudoun,5059,112,339,2020-08-03 00:00:00
Mount Rogers,1270,50,119,2020-08-03 00:00:00
New River,452,7,32,2020-08-03 00:00:00
Norfolk,3345,26,173,2020-08-03 00:00:00
Peninsula,2704,41,161,2020-08-03 00:00:00
Piedmont,1373,27,116,2020-08-03 00:00:00
Pittsylvania-Danville,719,9,65,2020-08-03 00:00:00
Portsmouth,1540,24,125,2020-08-03 00:00:00
Prince William,11100,200,955,2020-08-03 00:00:00
Rappahannock,3323,51,289,2020-08-03 00:00:00
Rappahannock Rapidan,1852,26,132,2020-08-03 00:00:00
Richmond,2992,39,283,2020-08-03 00:00:00
Roanoke,909,11,19,2020-08-03 00:00:00
Southside,662,34,65,2020-08-03 00:00:00
Thomas Jefferson,1793,37,137,2020-08-03 00:00:00
Three Rivers,992,15,68,2020-08-03 00:00:00
Virginia Beach,4427,47,208,2020-08-03 00:00:00
Western Tidewater,1853,77,132,2020-08-03 00:00:00
West Piedmont,957,13,116,2020-08-03 00:00:00
Alexandria,2867,60,273,2020-08-04 00:00:00
Alleghany,872,17,40,2020-08-04 00:00:00
Arlington,2973,136,436,2020-08-04 00:00:00
Central Shenandoah,2709,54,207,2020-08-04 00:00:00
Central Virginia,1155,11,56,2020-08-04 00:00:00
Chesapeake,2689,30,217,2020-08-04 00:00:00
Chesterfield,4460,100,252,2020-08-04 00:00:00
Chickahominy,929,44,130,2020-08-04 00:00:00
Crater,2215,65,213,2020-08-04 00:00:00
Cumberland Plateau,277,1,22,2020-08-04 00:00:00
Eastern Shore,1377,44,126,2020-08-04 00:00:00
Fairfax,16127,540,1927,2020-08-04 00:00:00
Hampton,1103,7,49,2020-08-04 00:00:00
Henrico,3690,182,321,2020-08-04 00:00:00
Lenowisco,279,7,32,2020-08-04 00:00:00
Lord Fairfax,2505,85,217,2020-08-04 00:00:00
Loudoun,5093,113,339,2020-08-04 00:00:00
Mount Rogers,1276,51,121,2020-08-04 00:00:00
New River,463,7,32,2020-08-04 00:00:00
Norfolk,3425,26,178,2020-08-04 00:00:00
Peninsula,2776,43,165,2020-08-04 00:00:00
Piedmont,1381,29,117,2020-08-04 00:00:00
Pittsylvania-Danville,727,9,66,2020-08-04 00:00:00
Portsmouth,1631,24,129,2020-08-04 00:00:00
Prince William,11205,200,956,2020-08-04 00:00:00
Rappahannock,3356,52,293,2020-08-04 00:00:00
Rappahannock Rapidan,1863,26,133,2020-08-04 00:00:00
Richmond,3015,39,282,2020-08-04 00:00:00
Roanoke,913,14,21,2020-08-04 00:00:00
Southside,666,35,65,2020-08-04 00:00:00
Thomas Jefferson,1824,39,137,2020-08-04 00:00:00
Three Rivers,1002,15,69,2020-08-04 00:00:00
Virginia Beach,4529,49,215,2020-08-04 00:00:00
Western Tidewater,1901,77,132,2020-08-04 00:00:00
West Piedmont,978,13,117,2020-08-04 00:00:00
Alexandria,2872,60,274,2020-08-05 00:00:00
Alleghany,882,18,40,2020-08-05 00:00:00
Arlington,2997,135,436,2020-08-05 00:00:00
Central Shenandoah,2719,55,207,2020-08-05 00:00:00
Central Virginia,1197,13,58,2020-08-05 00:00:00
Chesapeake,2714,33,221,2020-08-05 00:00:00
Chesterfield,4493,100,252,2020-08-05 00:00:00
Chickahominy,936,45,130,2020-08-05 00:00:00
Crater,2233,68,215,2020-08-05 00:00:00
Cumberland Plateau,298,3,24,2020-08-05 00:00:00
Eastern Shore,1380,44,127,2020-08-05 00:00:00
Fairfax,16160,542,1925,2020-08-05 00:00:00
Hampton,1129,7,49,2020-08-05 00:00:00
Henrico,3714,182,322,2020-08-05 00:00:00
Lenowisco,291,7,34,2020-08-05 00:00:00
Lord Fairfax,2513,85,219,2020-08-05 00:00:00
Loudoun,5117,113,340,2020-08-05 00:00:00
Mount Rogers,1295,52,122,2020-08-05 00:00:00
New River,468,7,32,2020-08-05 00:00:00
Norfolk,3493,28,179,2020-08-05 00:00:00
Peninsula,2802,44,165,2020-08-05 00:00:00
Piedmont,1415,29,119,2020-08-05 00:00:00
Pittsylvania-Danville,737,9,68,2020-08-05 00:00:00
Portsmouth,1663,25,131,2020-08-05 00:00:00
Prince William,11264,202,964,2020-08-05 00:00:00
Rappahannock,3387,55,293,2020-08-05 00:00:00
Rappahannock Rapidan,1878,27,133,2020-08-05 00:00:00
Richmond,3034,39,286,2020-08-05 00:00:00
Roanoke,932,14,21,2020-08-05 00:00:00
Southside,689,35,65,2020-08-05 00:00:00
Thomas Jefferson,1828,41,137,2020-08-05 00:00:00
Three Rivers,1009,16,69,2020-08-05 00:00:00
Virginia Beach,4583,49,219,2020-08-05 00:00:00
Western Tidewater,1936,77,132,2020-08-05 00:00:00
West Piedmont,991,15,118,2020-08-05 00:00:00
Alexandria,2887,60,274,2020-08-06 00:00:00
Alleghany,912,18,42,2020-08-06 00:00:00
Arlington,3013,135,436,2020-08-06 00:00:00
Central Shenandoah,2723,57,210,2020-08-06 00:00:00
Central Virginia,1231,13,60,2020-08-06 00:00:00
Chesapeake,2761,37,223,2020-08-06 00:00:00
Chesterfield,4540,102,251,2020-08-06 00:00:00
Chickahominy,945,45,130,2020-08-06 00:00:00
Crater,2261,70,216,2020-08-06 00:00:00
Cumberland Plateau,309,3,25,2020-08-06 00:00:00
Eastern Shore,1380,45,127,2020-08-06 00:00:00
Fairfax,16228,540,1933,2020-08-06 00:00:00
Hampton,1131,7,49,2020-08-06 00:00:00
Henrico,3742,182,327,2020-08-06 00:00:00
Lenowisco,296,7,34,2020-08-06 00:00:00
Lord Fairfax,2517,86,219,2020-08-06 00:00:00
Loudoun,5150,115,342,2020-08-06 00:00:00
Mount Rogers,1317,52,124,2020-08-06 00:00:00
New River,480,7,33,2020-08-06 00:00:00
Norfolk,3496,29,182,2020-08-06 00:00:00
Peninsula,2809,44,165,2020-08-06 00:00:00
Piedmont,1422,31,121,2020-08-06 00:00:00
Pittsylvania-Danville,754,9,70,2020-08-06 00:00:00
Portsmouth,1676,25,132,2020-08-06 00:00:00
Prince William,11294,204,964,2020-08-06 00:00:00
Rappahannock,3444,55,294,2020-08-06 00:00:00
Rappahannock Rapidan,1896,27,134,2020-08-06 00:00:00
Richmond,3067,41,289,2020-08-06 00:00:00
Roanoke,973,14,21,2020-08-06 00:00:00
Southside,721,35,66,2020-08-06 00:00:00
Thomas Jefferson,1845,44,138,2020-08-06 00:00:00
Three Rivers,1012,16,69,2020-08-06 00:00:00
Virginia Beach,4658,52,222,2020-08-06 00:00:00
Western Tidewater,1961,77,132,2020-08-06 00:00:00
West Piedmont,1016,15,129,2020-08-06 00:00:00
Alexandria,2917,60,275,2020-08-07 00:00:00
Alleghany,953,18,44,2020-08-07 00:00:00
Arlington,3037,135,436,2020-08-07 00:00:00
Central Shenandoah,2746,59,214,2020-08-07 00:00:00
Central Virginia,1321,14,62,2020-08-07 00:00:00
Chesapeake,2828,37,225,2020-08-07 00:00:00
Chesterfield,4619,105,256,2020-08-07 00:00:00
Chickahominy,971,45,133,2020-08-07 00:00:00
Crater,2323,70,216,2020-08-07 00:00:00
Cumberland Plateau,333,3,25,2020-08-07 00:00:00
Eastern Shore,1382,45,127,2020-08-07 00:00:00
Fairfax,16385,543,1947,2020-08-07 00:00:00
Hampton,1173,7,49,2020-08-07 00:00:00
Henrico,3811,184,331,2020-08-07 00:00:00
Lenowisco,330,7,35,2020-08-07 00:00:00
Lord Fairfax,2530,86,220,2020-08-07 00:00:00
Loudoun,5196,115,346,2020-08-07 00:00:00
Mount Rogers,1367,52,125,2020-08-07 00:00:00
New River,507,8,33,2020-08-07 00:00:00
Norfolk,3629,30,187,2020-08-07 00:00:00
Peninsula,2903,44,167,2020-08-07 00:00:00
Piedmont,1444,34,124,2020-08-07 00:00:00
Pittsylvania-Danville,804,9,73,2020-08-07 00:00:00
Portsmouth,1726,25,133,2020-08-07 00:00:00
Prince William,11483,205,972,2020-08-07 00:00:00
Rappahannock,3532,55,299,2020-08-07 00:00:00
Rappahannock Rapidan,1927,27,137,2020-08-07 00:00:00
Richmond,3112,41,296,2020-08-07 00:00:00
Roanoke,1000,14,21,2020-08-07 00:00:00
Southside,763,35,66,2020-08-07 00:00:00
Thomas Jefferson,1894,44,141,2020-08-07 00:00:00
Three Rivers,1044,16,71,2020-08-07 00:00:00
Virginia Beach,4781,53,229,2020-08-07 00:00:00
Western Tidewater,2040,77,132,2020-08-07 00:00:00
West Piedmont,1071,15,134,2020-08-07 00:00:00
Alexandria,2949,60,278,2020-08-08 00:00:00
Alleghany,958,18,44,2020-08-08 00:00:00
Arlington,3062,135,437,2020-08-08 00:00:00
Central Shenandoah,2773,59,214,2020-08-08 00:00:00
Central Virginia,1393,14,62,2020-08-08 00:00:00
Chesapeake,2872,37,226,2020-08-08 00:00:00
Chesterfield,4691,105,259,2020-08-08 00:00:00
Chickahominy,981,45,133,2020-08-08 00:00:00
Crater,2356,70,217,2020-08-08 00:00:00
Cumberland Plateau,346,3,26,2020-08-08 00:00:00
Eastern Shore,1391,45,128,2020-08-08 00:00:00
Fairfax,16447,542,1953,2020-08-08 00:00:00
Hampton,1210,7,50,2020-08-08 00:00:00
Henrico,3839,184,333,2020-08-08 00:00:00
Lenowisco,348,7,36,2020-08-08 00:00:00
Lord Fairfax,2548,87,222,2020-08-08 00:00:00
Loudoun,5254,115,349,2020-08-08 00:00:00
Mount Rogers,1391,53,128,2020-08-08 00:00:00
New River,520,8,33,2020-08-08 00:00:00
Norfolk,3700,30,191,2020-08-08 00:00:00
Peninsula,2944,44,167,2020-08-08 00:00:00
Piedmont,1468,34,124,2020-08-08 00:00:00
Pittsylvania-Danville,819,9,75,2020-08-08 00:00:00
Portsmouth,1758,25,133,2020-08-08 00:00:00
Prince William,11584,205,971,2020-08-08 00:00:00
Rappahannock,3584,55,300,2020-08-08 00:00:00
Rappahannock Rapidan,1951,27,138,2020-08-08 00:00:00
Richmond,3132,41,299,2020-08-08 00:00:00
Roanoke,1009,15,23,2020-08-08 00:00:00
Southside,820,35,66,2020-08-08 00:00:00
Thomas Jefferson,1939,44,144,2020-08-08 00:00:00
Three Rivers,1071,17,71,2020-08-08 00:00:00
Virginia Beach,4895,54,230,2020-08-08 00:00:00
Western Tidewater,2083,78,132,2020-08-08 00:00:00
West Piedmont,1103,15,140,2020-08-08 00:00:00
Alexandria,2964,60,278,2020-08-09 00:00:00
Alleghany,963,18,45,2020-08-09 00:00:00
Arlington,3077,135,437,2020-08-09 00:00:00
Central Shenandoah,2775,59,214,2020-08-09 00:00:00
Central Virginia,1449,14,62,2020-08-09 00:00:00
Chesapeake,2912,37,230,2020-08-09 00:00:00
Chesterfield,4706,105,259,2020-08-09 00:00:00
Chickahominy,987,45,133,2020-08-09 00:00:00
Crater,2401,70,218,2020-08-09 00:00:00
Cumberland Plateau,353,3,26,2020-08-09 00:00:00
Eastern Shore,1396,45,128,2020-08-09 00:00:00
Fairfax,16524,542,1957,2020-08-09 00:00:00
Hampton,1228,7,50,2020-08-09 00:00:00
Henrico,3871,185,335,2020-08-09 00:00:00
Lenowisco,354,7,36,2020-08-09 00:00:00
Lord Fairfax,2568,88,222,2020-08-09 00:00:00
Loudoun,5280,115,349,2020-08-09 00:00:00
Mount Rogers,1427,53,128,2020-08-09 00:00:00
New River,546,8,33,2020-08-09 00:00:00
Norfolk,3703,31,194,2020-08-09 00:00:00
Peninsula,2971,44,167,2020-08-09 00:00:00
Piedmont,1467,34,124,2020-08-09 00:00:00
Pittsylvania-Danville,892,9,77,2020-08-09 00:00:00
Portsmouth,1759,25,133,2020-08-09 00:00:00
Prince William,11657,205,974,2020-08-09 00:00:00
Rappahannock,3615,57,302,2020-08-09 00:00:00
Rappahannock Rapidan,1964,27,138,2020-08-09 00:00:00
Richmond,3165,41,302,2020-08-09 00:00:00
Roanoke,1017,15,24,2020-08-09 00:00:00
Southside,827,35,68,2020-08-09 00:00:00
Thomas Jefferson,1965,44,144,2020-08-09 00:00:00
Three Rivers,1087,16,72,2020-08-09 00:00:00
Virginia Beach,4973,54,238,2020-08-09 00:00:00
Western Tidewater,2117,78,132,2020-08-09 00:00:00
West Piedmont,1126,15,140,2020-08-09 00:00:00
Alexandria,2976,60,278,2020-08-10 00:00:00
Alleghany,964,18,47,2020-08-10 00:00:00
Arlington,3091,135,437,2020-08-10 00:00:00
Central Shenandoah,2793,59,215,2020-08-10 00:00:00
Central Virginia,1464,14,62,2020-08-10 00:00:00
Chesapeake,2949,37,230,2020-08-10 00:00:00
Chesterfield,4714,105,261,2020-08-10 00:00:00
Chickahominy,998,45,133,2020-08-10 00:00:00
Crater,2429,70,219,2020-08-10 00:00:00
Cumberland Plateau,370,3,26,2020-08-10 00:00:00
Eastern Shore,1398,45,128,2020-08-10 00:00:00
Fairfax,16596,542,1959,2020-08-10 00:00:00
Hampton,1245,7,51,2020-08-10 00:00:00
Henrico,3904,185,336,2020-08-10 00:00:00
Lenowisco,383,7,37,2020-08-10 00:00:00
Lord Fairfax,2569,88,222,2020-08-10 00:00:00
Loudoun,5306,115,349,2020-08-10 00:00:00
Mount Rogers,1435,53,128,2020-08-10 00:00:00
New River,547,8,33,2020-08-10 00:00:00
Norfolk,3703,32,195,2020-08-10 00:00:00
Peninsula,3009,44,168,2020-08-10 00:00:00
Piedmont,1467,34,124,2020-08-10 00:00:00
Pittsylvania-Danville,904,9,77,2020-08-10 00:00:00
Portsmouth,1788,25,133,2020-08-10 00:00:00
Prince William,11693,205,975,2020-08-10 00:00:00
Rappahannock,3649,57,302,2020-08-10 00:00:00
Rappahannock Rapidan,1971,27,138,2020-08-10 00:00:00
Richmond,3190,41,304,2020-08-10 00:00:00
Roanoke,1015,15,24,2020-08-10 00:00:00
Southside,832,35,68,2020-08-10 00:00:00
Thomas Jefferson,1976,44,145,2020-08-10 00:00:00
Three Rivers,1102,16,72,2020-08-10 00:00:00
Virginia Beach,5050,54,242,2020-08-10 00:00:00
Western Tidewater,2133,78,132,2020-08-10 00:00:00
West Piedmont,1136,15,141,2020-08-10 00:00:00
Alexandria,2995,60,281,2020-08-11 00:00:00
Alleghany,968,18,49,2020-08-11 00:00:00
Arlington,3105,135,437,2020-08-11 00:00:00
Central Shenandoah,2812,59,215,2020-08-11 00:00:00
Central Virginia,1500,16,64,2020-08-11 00:00:00
Chesapeake,2958,38,238,2020-08-11 00:00:00
Chesterfield,4788,105,263,2020-08-11 00:00:00
Chickahominy,1002,45,133,2020-08-11 00:00:00
Crater,2475,70,220,2020-08-11 00:00:00
Cumberland Plateau,380,4,28,2020-08-11 00:00:00
Eastern Shore,1402,45,128,2020-08-11 00:00:00
Fairfax,16695,542,1961,2020-08-11 00:00:00
Hampton,1257,7,51,2020-08-11 00:00:00
Henrico,3948,186,336,2020-08-11 00:00:00
Lenowisco,425,7,42,2020-08-11 00:00:00
Lord Fairfax,2583,90,226,2020-08-11 00:00:00
Loudoun,5346,115,352,2020-08-11 00:00:00
Mount Rogers,1446,55,128,2020-08-11 00:00:00
New River,556,8,33,2020-08-11 00:00:00
Norfolk,3787,32,201,2020-08-11 00:00:00
Peninsula,3019,46,168,2020-08-11 00:00:00
Piedmont,1490,36,124,2020-08-11 00:00:00
Pittsylvania-Danville,922,9,77,2020-08-11 00:00:00
Portsmouth,1833,25,133,2020-08-11 00:00:00
Prince William,11748,205,977,2020-08-11 00:00:00
Rappahannock,3690,57,302,2020-08-11 00:00:00
Rappahannock Rapidan,1979,27,139,2020-08-11 00:00:00
Richmond,3229,41,309,2020-08-11 00:00:00
Roanoke,1032,15,26,2020-08-11 00:00:00
Southside,840,35,68,2020-08-11 00:00:00
Thomas Jefferson,1997,44,145,2020-08-11 00:00:00
Three Rivers,1115,17,75,2020-08-11 00:00:00
Virginia Beach,5111,54,252,2020-08-11 00:00:00
Western Tidewater,2165,79,132,2020-08-11 00:00:00
West Piedmont,1147,17,145,2020-08-11 00:00:00
Alexandria,3014,60,281,2020-08-12 00:00:00
Alleghany,973,18,49,2020-08-12 00:00:00
Arlington,3118,135,437,2020-08-12 00:00:00
Central Shenandoah,2828,59,218,2020-08-12 00:00:00
Central Virginia,1513,16,65,2020-08-12 00:00:00
Chesapeake,3008,38,239,2020-08-12 00:00:00
Chesterfield,4829,106,267,2020-08-12 00:00:00
Chickahominy,1009,46,133,2020-08-12 00:00:00
Crater,2526,70,223,2020-08-12 00:00:00
Cumberland Plateau,386,4,29,2020-08-12 00:00:00
Eastern Shore,1404,46,130,2020-08-12 00:00:00
Fairfax,16795,542,1973,2020-08-12 00:00:00
Hampton,1273,7,52,2020-08-12 00:00:00
Henrico,3968,186,344,2020-08-12 00:00:00
Lenowisco,443,7,43,2020-08-12 00:00:00
Lord Fairfax,2589,90,229,2020-08-12 00:00:00
Loudoun,5372,115,353,2020-08-12 00:00:00
Mount Rogers,1463,55,132,2020-08-12 00:00:00
New River,577,8,33,2020-08-12 00:00:00
Norfolk,3802,33,208,2020-08-12 00:00:00
Peninsula,3040,46,169,2020-08-12 00:00:00
Piedmont,1496,36,125,2020-08-12 00:00:00
Pittsylvania-Danville,935,9,77,2020-08-12 00:00:00
Portsmouth,1855,25,133,2020-08-12 00:00:00
Prince William,11793,206,978,2020-08-12 00:00:00
Rappahannock,3745,57,305,2020-08-12 00:00:00
Rappahannock Rapidan,1981,27,139,2020-08-12 00:00:00
Richmond,3248,41,315,2020-08-12 00:00:00
Roanoke,1036,15,27,2020-08-12 00:00:00
Southside,845,36,69,2020-08-12 00:00:00
Thomas Jefferson,2020,44,145,2020-08-12 00:00:00
Three Rivers,1123,17,75,2020-08-12 00:00:00
Virginia Beach,5139,54,258,2020-08-12 00:00:00
Western Tidewater,2208,81,134,2020-08-12 00:00:00
West Piedmont,1167,17,145,2020-08-12 00:00:00
Alexandria,3020,60,281,2020-08-13 00:00:00
Alleghany,980,18,49,2020-08-13 00:00:00
Arlington,3134,135,437,2020-08-13 00:00:00
Central Shenandoah,2857,60,219,2020-08-13 00:00:00
Central Virginia,1574,16,66,2020-08-13 00:00:00
Chesapeake,3082,41,247,2020-08-13 00:00:00
Chesterfield,4872,106,267,2020-08-13 00:00:00
Chickahominy,1030,46,133,2020-08-13 00:00:00
Crater,2542,70,226,2020-08-13 00:00:00
Cumberland Plateau,392,4,30,2020-08-13 00:00:00
Eastern Shore,1408,46,132,2020-08-13 00:00:00
Fairfax,16858,543,1975,2020-08-13 00:00:00
Hampton,1291,7,52,2020-08-13 00:00:00
Henrico,3999,187,347,2020-08-13 00:00:00
Lenowisco,469,8,43,2020-08-13 00:00:00
Lord Fairfax,2605,90,230,2020-08-13 00:00:00
Loudoun,5403,115,356,2020-08-13 00:00:00
Mount Rogers,1481,56,133,2020-08-13 00:00:00
New River,599,8,32,2020-08-13 00:00:00
Norfolk,3858,33,215,2020-08-13 00:00:00
Peninsula,3079,47,170,2020-08-13 00:00:00
Piedmont,1503,35,125,2020-08-13 00:00:00
Pittsylvania-Danville,960,10,78,2020-08-13 00:00:00
Portsmouth,1907,25,133,2020-08-13 00:00:00
Prince William,11885,207,986,2020-08-13 00:00:00
Rappahannock,3816,58,307,2020-08-13 00:00:00
Rappahannock Rapidan,1994,27,139,2020-08-13 00:00:00
Richmond,3280,41,321,2020-08-13 00:00:00
Roanoke,1041,15,27,2020-08-13 00:00:00
Southside,849,36,69,2020-08-13 00:00:00
Thomas Jefferson,2047,44,148,2020-08-13 00:00:00
Three Rivers,1141,17,76,2020-08-13 00:00:00
Virginia Beach,5204,54,259,2020-08-13 00:00:00
Western Tidewater,2245,81,135,2020-08-13 00:00:00
West Piedmont,1217,17,149,2020-08-13 00:00:00
Alexandria,3050,61,282,2020-08-14 00:00:00
Alleghany,991,18,49,2020-08-14 00:00:00
Arlington,3176,135,437,2020-08-14 00:00:00
Central Shenandoah,2874,60,221,2020-08-14 00:00:00
Central Virginia,1624,16,66,2020-08-14 00:00:00
Chesapeake,3158,41,250,2020-08-14 00:00:00
Chesterfield,4905,106,267,2020-08-14 00:00:00
Chickahominy,1046,46,133,2020-08-14 00:00:00
Crater,2601,70,226,2020-08-14 00:00:00
Cumberland Plateau,399,5,31,2020-08-14 00:00:00
Eastern Shore,1414,46,133,2020-08-14 00:00:00
Fairfax,16972,544,1976,2020-08-14 00:00:00
Hampton,1309,7,52,2020-08-14 00:00:00
Henrico,4042,187,350,2020-08-14 00:00:00
Lenowisco,482,9,46,2020-08-14 00:00:00
Lord Fairfax,2624,90,231,2020-08-14 00:00:00
Loudoun,5441,115,358,2020-08-14 00:00:00
Mount Rogers,1506,58,136,2020-08-14 00:00:00
New River,607,8,33,2020-08-14 00:00:00
Norfolk,3895,33,223,2020-08-14 00:00:00
Peninsula,3138,47,170,2020-08-14 00:00:00
Piedmont,1516,35,125,2020-08-14 00:00:00
Pittsylvania-Danville,994,10,80,2020-08-14 00:00:00
Portsmouth,1952,25,134,2020-08-14 00:00:00
Prince William,11992,207,987,2020-08-14 00:00:00
Rappahannock,3848,58,313,2020-08-14 00:00:00
Rappahannock Rapidan,2007,27,139,2020-08-14 00:00:00
Richmond,3308,41,327,2020-08-14 00:00:00
Roanoke,1051,15,29,2020-08-14 00:00:00
Southside,865,36,69,2020-08-14 00:00:00
Thomas Jefferson,2067,44,149,2020-08-14 00:00:00
Three Rivers,1155,17,77,2020-08-14 00:00:00
Virginia Beach,5277,55,261,2020-08-14 00:00:00
Western Tidewater,2301,81,137,2020-08-14 00:00:00
West Piedmont,1251,17,153,2020-08-14 00:00:00
Alexandria,3082,61,283,2020-08-15 00:00:00
Alleghany,991,18,51,2020-08-15 00:00:00
Arlington,3196,135,437,2020-08-15 00:00:00
Central Shenandoah,2896,60,221,2020-08-15 00:00:00
Central Virginia,1668,17,66,2020-08-15 00:00:00
Chesapeake,3197,41,253,2020-08-15 00:00:00
Chesterfield,4962,106,267,2020-08-15 00:00:00
Chickahominy,1054,46,133,2020-08-15 00:00:00
Crater,2633,70,228,2020-08-15 00:00:00
Cumberland Plateau,410,5,33,2020-08-15 00:00:00
Eastern Shore,1418,46,135,2020-08-15 00:00:00
Fairfax,17042,546,1987,2020-08-15 00:00:00
Hampton,1321,9,53,2020-08-15 00:00:00
Henrico,4068,187,351,2020-08-15 00:00:00
Lenowisco,510,10,48,2020-08-15 00:00:00
Lord Fairfax,2639,92,231,2020-08-15 00:00:00
Loudoun,5482,115,360,2020-08-15 00:00:00
Mount Rogers,1529,58,138,2020-08-15 00:00:00
New River,617,8,33,2020-08-15 00:00:00
Norfolk,3944,34,229,2020-08-15 00:00:00
Peninsula,3175,47,170,2020-08-15 00:00:00
Piedmont,1533,35,125,2020-08-15 00:00:00
Pittsylvania-Danville,1011,10,81,2020-08-15 00:00:00
Portsmouth,1964,25,137,2020-08-15 00:00:00
Prince William,12050,207,988,2020-08-15 00:00:00
Rappahannock,3892,58,313,2020-08-15 00:00:00
Rappahannock Rapidan,2015,27,139,2020-08-15 00:00:00
Richmond,3339,42,327,2020-08-15 00:00:00
Roanoke,1056,15,30,2020-08-15 00:00:00
Southside,872,36,69,2020-08-15 00:00:00
Thomas Jefferson,2089,44,150,2020-08-15 00:00:00
Three Rivers,1167,17,77,2020-08-15 00:00:00
Virginia Beach,5322,55,265,2020-08-15 00:00:00
Western Tidewater,2336,81,138,2020-08-15 00:00:00
West Piedmont,1270,18,155,2020-08-15 00:00:00
Alexandria,3104,61,284,2020-08-16 00:00:00
Alleghany,991,18,51,2020-08-16 00:00:00
Arlington,3229,135,437,2020-08-16 00:00:00
Central Shenandoah,2921,60,221,2020-08-16 00:00:00
Central Virginia,1723,17,68,2020-08-16 00:00:00
Chesapeake,3258,41,257,2020-08-16 00:00:00
Chesterfield,4994,106,267,2020-08-16 00:00:00
Chickahominy,1062,46,133,2020-08-16 00:00:00
Crater,2651,70,228,2020-08-16 00:00:00
Cumberland Plateau,417,5,33,2020-08-16 00:00:00
Eastern Shore,1422,46,135,2020-08-16 00:00:00
Fairfax,17160,546,1988,2020-08-16 00:00:00
Hampton,1337,9,53,2020-08-16 00:00:00
Henrico,4109,187,352,2020-08-16 00:00:00
Lenowisco,527,10,49,2020-08-16 00:00:00
Lord Fairfax,2655,92,232,2020-08-16 00:00:00
Loudoun,5511,115,360,2020-08-16 00:00:00
Mount Rogers,1559,58,143,2020-08-16 00:00:00
New River,629,8,33,2020-08-16 00:00:00
Norfolk,3982,34,234,2020-08-16 00:00:00
Peninsula,3208,47,170,2020-08-16 00:00:00
Piedmont,1539,35,125,2020-08-16 00:00:00
Pittsylvania-Danville,1032,10,82,2020-08-16 00:00:00
Portsmouth,1965,25,137,2020-08-16 00:00:00
Prince William,12135,207,990,2020-08-16 00:00:00
Rappahannock,3926,58,314,2020-08-16 00:00:00
Rappahannock Rapidan,2030,27,139,2020-08-16 00:00:00
Richmond,3354,42,332,2020-08-16 00:00:00
Roanoke,1064,15,30,2020-08-16 00:00:00
Southside,875,36,69,2020-08-16 00:00:00
Thomas Jefferson,2116,44,152,2020-08-16 00:00:00
Three Rivers,1169,17,78,2020-08-16 00:00:00
Virginia Beach,5394,55,266,2020-08-16 00:00:00
Western Tidewater,2369,81,140,2020-08-16 00:00:00
West Piedmont,1270,18,155,2020-08-16 00:00:00
Alexandria,3130,61,284,2020-08-17 00:00:00
Alleghany,1007,18,52,2020-08-17 00:00:00
Arlington,3246,135,437,2020-08-17 00:00:00
Central Shenandoah,2944,60,225,2020-08-17 00:00:00
Central Virginia,1726,17,68,2020-08-17 00:00:00
Chesapeake,3303,41,257,2020-08-17 00:00:00
Chesterfield,4997,106,267,2020-08-17 00:00:00
Chickahominy,1068,46,134,2020-08-17 00:00:00
Crater,2673,70,230,2020-08-17 00:00:00
Cumberland Plateau,424,5,33,2020-08-17 00:00:00
Eastern Shore,1426,46,135,2020-08-17 00:00:00
Fairfax,17236,548,1989,2020-08-17 00:00:00
Hampton,1349,9,53,2020-08-17 00:00:00
Henrico,4149,187,354,2020-08-17 00:00:00
Lenowisco,537,10,49,2020-08-17 00:00:00
Lord Fairfax,2659,92,234,2020-08-17 00:00:00
Loudoun,5528,115,361,2020-08-17 00:00:00
Mount Rogers,1586,59,147,2020-08-17 00:00:00
New River,638,8,33,2020-08-17 00:00:00
Norfolk,4002,34,234,2020-08-17 00:00:00
Peninsula,3237,47,170,2020-08-17 00:00:00
Piedmont,1549,35,125,2020-08-17 00:00:00
Pittsylvania-Danville,1048,11,82,2020-08-17 00:00:00
Portsmouth,1995,25,137,2020-08-17 00:00:00
Prince William,12178,207,990,2020-08-17 00:00:00
Rappahannock,3953,58,316,2020-08-17 00:00:00
Rappahannock Rapidan,2041,27,139,2020-08-17 00:00:00
Richmond,3404,42,336,2020-08-17 00:00:00
Roanoke,1082,15,31,2020-08-17 00:00:00
Southside,877,36,69,2020-08-17 00:00:00
Thomas Jefferson,2134,44,152,2020-08-17 00:00:00
Three Rivers,1184,17,80,2020-08-17 00:00:00
Virginia Beach,5444,55,267,2020-08-17 00:00:00
Western Tidewater,2396,81,142,2020-08-17 00:00:00
West Piedmont,1271,18,155,2020-08-17 00:00:00
Alexandria,3146,61,287,2020-08-18 00:00:00
Alleghany,1015,18,54,2020-08-18 00:00:00
Arlington,3264,135,438,2020-08-18 00:00:00
Central Shenandoah,2952,60,229,2020-08-18 00:00:00
Central Virginia,1774,17,69,2020-08-18 00:00:00
Chesapeake,3319,41,268,2020-08-18 00:00:00
Chesterfield,5060,107,270,2020-08-18 00:00:00
Chickahominy,1080,46,135,2020-08-18 00:00:00
Crater,2684,70,233,2020-08-18 00:00:00
Cumberland Plateau,436,5,35,2020-08-18 00:00:00
Eastern Shore,1427,46,135,2020-08-18 00:00:00
Fairfax,17319,550,1995,2020-08-18 00:00:00
Hampton,1362,9,53,2020-08-18 00:00:00
Henrico,4189,187,357,2020-08-18 00:00:00
Lenowisco,557,10,50,2020-08-18 00:00:00
Lord Fairfax,2680,92,234,2020-08-18 00:00:00
Loudoun,5552,115,361,2020-08-18 00:00:00
Mount Rogers,1611,61,149,2020-08-18 00:00:00
New River,649,8,33,2020-08-18 00:00:00
Norfolk,4032,34,237,2020-08-18 00:00:00
Peninsula,3265,47,170,2020-08-18 00:00:00
Piedmont,1556,35,125,2020-08-18 00:00:00
Pittsylvania-Danville,1068,11,82,2020-08-18 00:00:00
Portsmouth,2022,25,139,2020-08-18 00:00:00
Prince William,12252,208,995,2020-08-18 00:00:00
Rappahannock,4004,58,317,2020-08-18 00:00:00
Rappahannock Rapidan,2053,27,140,2020-08-18 00:00:00
Richmond,3425,42,342,2020-08-18 00:00:00
Roanoke,1084,15,32,2020-08-18 00:00:00
Southside,885,37,69,2020-08-18 00:00:00
Thomas Jefferson,2153,44,155,2020-08-18 00:00:00
Three Rivers,1184,17,82,2020-08-18 00:00:00
Virginia Beach,5470,56,268,2020-08-18 00:00:00
Western Tidewater,2430,84,151,2020-08-18 00:00:00
West Piedmont,1323,18,160,2020-08-18 00:00:00
Alexandria,3165,61,287,2020-08-19 00:00:00
Alleghany,1013,18,53,2020-08-19 00:00:00
Arlington,3293,135,442,2020-08-19 00:00:00
Central Shenandoah,2971,60,229,2020-08-19 00:00:00
Central Virginia,1803,17,70,2020-08-19 00:00:00
Chesapeake,3358,41,269,2020-08-19 00:00:00
Chesterfield,5098,102,273,2020-08-19 00:00:00
Chickahominy,1090,46,135,2020-08-19 00:00:00
Crater,2722,69,234,2020-08-19 00:00:00
Cumberland Plateau,442,6,37,2020-08-19 00:00:00
Eastern Shore,1429,47,135,2020-08-19 00:00:00
Fairfax,17396,551,2007,2020-08-19 00:00:00
Hampton,1377,9,53,2020-08-19 00:00:00
Henrico,4202,187,358,2020-08-19 00:00:00
Lenowisco,565,10,51,2020-08-19 00:00:00
Lord Fairfax,2690,92,235,2020-08-19 00:00:00
Loudoun,5580,115,361,2020-08-19 00:00:00
Mount Rogers,1660,61,151,2020-08-19 00:00:00
New River,656,8,34,2020-08-19 00:00:00
Norfolk,4062,37,241,2020-08-19 00:00:00
Peninsula,3286,47,170,2020-08-19 00:00:00
Piedmont,1552,35,125,2020-08-19 00:00:00
Pittsylvania-Danville,1084,11,82,2020-08-19 00:00:00
Portsmouth,2024,25,141,2020-08-19 00:00:00
Prince William,12305,209,1000,2020-08-19 00:00:00
Rappahannock,4025,58,319,2020-08-19 00:00:00
Rappahannock Rapidan,2070,28,141,2020-08-19 00:00:00
Richmond,3455,43,348,2020-08-19 00:00:00
Roanoke,1085,15,36,2020-08-19 00:00:00
Southside,889,37,69,2020-08-19 00:00:00
Thomas Jefferson,2167,43,156,2020-08-19 00:00:00
Three Rivers,1187,18,84,2020-08-19 00:00:00
Virginia Beach,5522,60,282,2020-08-19 00:00:00
Western Tidewater,2457,84,151,2020-08-19 00:00:00
West Piedmont,1339,25,166,2020-08-19 00:00:00
Alexandria,3186,61,287,2020-08-20 00:00:00
Alleghany,1021,18,55,2020-08-20 00:00:00
Arlington,3310,137,447,2020-08-20 00:00:00
Central Shenandoah,2984,60,230,2020-08-20 00:00:00
Central Virginia,1864,17,70,2020-08-20 00:00:00
Chesapeake,3384,41,274,2020-08-20 00:00:00
Chesterfield,5131,102,274,2020-08-20 00:00:00
Chickahominy,1099,46,135,2020-08-20 00:00:00
Crater,2745,69,235,2020-08-20 00:00:00
Cumberland Plateau,454,6,37,2020-08-20 00:00:00
Eastern Shore,1432,47,135,2020-08-20 00:00:00
Fairfax,17499,553,2025,2020-08-20 00:00:00
Hampton,1388,9,53,2020-08-20 00:00:00
Henrico,4224,188,359,2020-08-20 00:00:00
Lenowisco,577,10,52,2020-08-20 00:00:00
Lord Fairfax,2707,92,235,2020-08-20 00:00:00
Loudoun,5614,115,363,2020-08-20 00:00:00
Mount Rogers,1673,62,151,2020-08-20 00:00:00
New River,667,8,36,2020-08-20 00:00:00
Norfolk,4091,39,244,2020-08-20 00:00:00
Peninsula,3313,47,170,2020-08-20 00:00:00
Piedmont,1567,36,125,2020-08-20 00:00:00
Pittsylvania-Danville,1109,11,85,2020-08-20 00:00:00
Portsmouth,2045,28,152,2020-08-20 00:00:00
Prince William,12380,210,1002,2020-08-20 00:00:00
Rappahannock,4069,58,322,2020-08-20 00:00:00
Rappahannock Rapidan,2081,28,142,2020-08-20 00:00:00
Richmond,3480,43,350,2020-08-20 00:00:00
Roanoke,1104,15,36,2020-08-20 00:00:00
Southside,905,37,69,2020-08-20 00:00:00
Thomas Jefferson,2188,43,157,2020-08-20 00:00:00
Three Rivers,1192,18,84,2020-08-20 00:00:00
Virginia Beach,5562,61,284,2020-08-20 00:00:00
Western Tidewater,2468,86,154,2020-08-20 00:00:00
West Piedmont,1369,26,169,2020-08-20 00:00:00
Alexandria,3203,61,288,2020-08-21 00:00:00
Alleghany,1045,18,56,2020-08-21 00:00:00
Arlington,3334,137,448,2020-08-21 00:00:00
Central Shenandoah,3001,60,230,2020-08-21 00:00:00
Central Virginia,1904,17,70,2020-08-21 00:00:00
Chesapeake,3412,41,277,2020-08-21 00:00:00
Chesterfield,5159,102,278,2020-08-21 00:00:00
Chickahominy,1107,46,135,2020-08-21 00:00:00
Crater,2774,69,237,2020-08-21 00:00:00
Cumberland Plateau,462,6,37,2020-08-21 00:00:00
Eastern Shore,1436,47,135,2020-08-21 00:00:00
Fairfax,17589,553,2028,2020-08-21 00:00:00
Hampton,1417,10,53,2020-08-21 00:00:00
Henrico,4259,188,360,2020-08-21 00:00:00
Lenowisco,587,10,54,2020-08-21 00:00:00
Lord Fairfax,2712,92,235,2020-08-21 00:00:00
Loudoun,5647,115,364,2020-08-21 00:00:00
Mount Rogers,1697,62,151,2020-08-21 00:00:00
New River,700,8,36,2020-08-21 00:00:00
Norfolk,4119,39,251,2020-08-21 00:00:00
Peninsula,3352,47,171,2020-08-21 00:00:00
Piedmont,1583,36,125,2020-08-21 00:00:00
Pittsylvania-Danville,1133,16,89,2020-08-21 00:00:00
Portsmouth,2057,30,156,2020-08-21 00:00:00
Prince William,12476,210,1008,2020-08-21 00:00:00
Rappahannock,4103,58,327,2020-08-21 00:00:00
Rappahannock Rapidan,2101,28,144,2020-08-21 00:00:00
Richmond,3502,43,352,2020-08-21 00:00:00
Roanoke,1122,15,38,2020-08-21 00:00:00
Southside,915,37,69,2020-08-21 00:00:00
Thomas Jefferson,2217,43,158,2020-08-21 00:00:00
Three Rivers,1202,18,84,2020-08-21 00:00:00
Virginia Beach,5623,61,298,2020-08-21 00:00:00
Western Tidewater,2526,86,157,2020-08-21 00:00:00
West Piedmont,1384,27,172,2020-08-21 00:00:00
Alexandria,3238,61,292,2020-08-22 00:00:00
Alleghany,1065,18,57,2020-08-22 00:00:00
Arlington,3357,137,449,2020-08-22 00:00:00
Central Shenandoah,3032,60,230,2020-08-22 00:00:00
Central Virginia,1963,18,71,2020-08-22 00:00:00
Chesapeake,3462,42,287,2020-08-22 00:00:00
Chesterfield,5206,102,284,2020-08-22 00:00:00
Chickahominy,1114,46,136,2020-08-22 00:00:00
Crater,2838,69,240,2020-08-22 00:00:00
Cumberland Plateau,484,6,38,2020-08-22 00:00:00
Eastern Shore,1438,47,136,2020-08-22 00:00:00
Fairfax,17701,553,2029,2020-08-22 00:00:00
Hampton,1437,10,53,2020-08-22 00:00:00
Henrico,4294,188,360,2020-08-22 00:00:00
Lenowisco,593,10,54,2020-08-22 00:00:00
Lord Fairfax,2727,92,235,2020-08-22 00:00:00
Loudoun,5684,115,365,2020-08-22 00:00:00
Mount Rogers,1730,62,155,2020-08-22 00:00:00
New River,729,8,37,2020-08-22 00:00:00
Norfolk,4164,39,255,2020-08-22 00:00:00
Peninsula,3422,47,173,2020-08-22 00:00:00
Piedmont,1608,36,125,2020-08-22 00:00:00
Pittsylvania-Danville,1160,16,90,2020-08-22 00:00:00
Portsmouth,2085,30,159,2020-08-22 00:00:00
Prince William,12576,212,1010,2020-08-22 00:00:00
Rappahannock,4144,59,330,2020-08-22 00:00:00
Rappahannock Rapidan,2119,28,143,2020-08-22 00:00:00
Richmond,3548,43,352,2020-08-22 00:00:00
Roanoke,1121,15,40,2020-08-22 00:00:00
Southside,925,37,69,2020-08-22 00:00:00
Thomas Jefferson,2247,43,162,2020-08-22 00:00:00
Three Rivers,1208,18,86,2020-08-22 00:00:00
Virginia Beach,5668,63,306,2020-08-22 00:00:00
Western Tidewater,2575,86,157,2020-08-22 00:00:00
West Piedmont,1410,27,174,2020-08-22 00:00:00
Alexandria,3257,61,292,2020-08-23 00:00:00
Alleghany,1066,19,57,2020-08-23 00:00:00
Arlington,3383,137,449,2020-08-23 00:00:00
Central Shenandoah,3046,60,231,2020-08-23 00:00:00
Central Virginia,2007,18,71,2020-08-23 00:00:00
Chesapeake,3523,42,293,2020-08-23 00:00:00
Chesterfield,5246,102,285,2020-08-23 00:00:00
Chickahominy,1125,47,138,2020-08-23 00:00:00
Crater,2900,70,241,2020-08-23 00:00:00
Cumberland Plateau,487,6,38,2020-08-23 00:00:00
Eastern Shore,1438,47,137,2020-08-23 00:00:00
Fairfax,17817,556,2036,2020-08-23 00:00:00
Hampton,1454,11,53,2020-08-23 00:00:00
Henrico,4319,189,361,2020-08-23 00:00:00
Lenowisco,603,10,55,2020-08-23 00:00:00
Lord Fairfax,2745,92,235,2020-08-23 00:00:00
Loudoun,5712,115,366,2020-08-23 00:00:00
Mount Rogers,1748,64,158,2020-08-23 00:00:00
New River,771,8,37,2020-08-23 00:00:00
Norfolk,4164,43,256,2020-08-23 00:00:00
Peninsula,3458,48,173,2020-08-23 00:00:00
Piedmont,1608,36,125,2020-08-23 00:00:00
Pittsylvania-Danville,1183,16,92,2020-08-23 00:00:00
Portsmouth,2086,30,159,2020-08-23 00:00:00
Prince William,12647,213,1012,2020-08-23 00:00:00
Rappahannock,4174,60,333,2020-08-23 00:00:00
Rappahannock Rapidan,2165,29,143,2020-08-23 00:00:00
Richmond,3588,43,353,2020-08-23 00:00:00
Roanoke,1123,15,40,2020-08-23 00:00:00
Southside,931,37,69,2020-08-23 00:00:00
Thomas Jefferson,2261,45,162,2020-08-23 00:00:00
Three Rivers,1210,18,88,2020-08-23 00:00:00
Virginia Beach,5693,64,307,2020-08-23 00:00:00
Western Tidewater,2603,88,157,2020-08-23 00:00:00
West Piedmont,1425,28,174,2020-08-23 00:00:00
Alexandria,3309,61,294,2020-08-25 00:00:00
Alleghany,1086,19,58,2020-08-25 00:00:00
Arlington,3415,138,452,2020-08-25 00:00:00
Central Shenandoah,3091,61,234,2020-08-25 00:00:00
Central Virginia,2081,18,71,2020-08-25 00:00:00
Chesapeake,3582,43,303,2020-08-25 00:00:00
Chesterfield,5286,103,289,2020-08-25 00:00:00
Chickahominy,1136,47,139,2020-08-25 00:00:00
Crater,2929,71,242,2020-08-25 00:00:00
Cumberland Plateau,499,6,38,2020-08-25 00:00:00
Eastern Shore,1438,47,137,2020-08-25 00:00:00
Fairfax,17956,561,2036,2020-08-25 00:00:00
Hampton,1474,15,54,2020-08-25 00:00:00
Henrico,4403,189,368,2020-08-25 00:00:00
Lenowisco,647,11,56,2020-08-25 00:00:00
Lord Fairfax,2770,93,237,2020-08-25 00:00:00
Loudoun,5769,115,369,2020-08-25 00:00:00
Mount Rogers,1794,68,164,2020-08-25 00:00:00
New River,857,8,37,2020-08-25 00:00:00
Norfolk,4245,44,261,2020-08-25 00:00:00
Peninsula,3508,50,179,2020-08-25 00:00:00
Piedmont,1635,37,127,2020-08-25 00:00:00
Pittsylvania-Danville,1213,16,92,2020-08-25 00:00:00
Portsmouth,2135,31,160,2020-08-25 00:00:00
Prince William,12793,213,1017,2020-08-25 00:00:00
Rappahannock,4242,60,335,2020-08-25 00:00:00
Rappahannock Rapidan,2191,29,144,2020-08-25 00:00:00
Richmond,3662,43,359,2020-08-25 00:00:00
Roanoke,1129,15,41,2020-08-25 00:00:00
Southside,948,37,69,2020-08-25 00:00:00
Thomas Jefferson,2294,46,163,2020-08-25 00:00:00
Three Rivers,1226,18,89,2020-08-25 00:00:00
Virginia Beach,5788,64,309,2020-08-25 00:00:00
Western Tidewater,2644,88,160,2020-08-25 00:00:00
West Piedmont,1460,29,176,2020-08-25 00:00:00
Alexandria,3324,61,296,2020-08-26 00:00:00
Alleghany,1108,19,58,2020-08-26 00:00:00
Arlington,3435,138,452,2020-08-26 00:00:00
Central Shenandoah,3102,61,234,2020-08-26 00:00:00
Central Virginia,2088,18,72,2020-08-26 00:00:00
Chesapeake,3625,45,306,2020-08-26 00:00:00
Chesterfield,5314,103,291,2020-08-26 00:00:00
Chickahominy,1180,47,139,2020-08-26 00:00:00
Crater,2964,71,242,2020-08-26 00:00:00
Cumberland Plateau,505,7,43,2020-08-26 00:00:00
Eastern Shore,1439,47,137,2020-08-26 00:00:00
Fairfax,18053,563,2041,2020-08-26 00:00:00
Hampton,1483,15,54,2020-08-26 00:00:00
Henrico,4428,190,372,2020-08-26 00:00:00
Lenowisco,652,11,56,2020-08-26 00:00:00
Lord Fairfax,2775,93,237,2020-08-26 00:00:00
Loudoun,5787,117,370,2020-08-26 00:00:00
Mount Rogers,1811,69,166,2020-08-26 00:00:00
New River,925,8,37,2020-08-26 00:00:00
Norfolk,4260,47,269,2020-08-26 00:00:00
Peninsula,3526,50,181,2020-08-26 00:00:00
Piedmont,1643,38,127,2020-08-26 00:00:00
Pittsylvania-Danville,1236,16,93,2020-08-26 00:00:00
Portsmouth,2142,34,163,2020-08-26 00:00:00
Prince William,12838,213,1021,2020-08-26 00:00:00
Rappahannock,4262,60,337,2020-08-26 00:00:00
Rappahannock Rapidan,2202,29,147,2020-08-26 00:00:00
Richmond,3735,44,362,2020-08-26 00:00:00
Roanoke,1140,15,42,2020-08-26 00:00:00
Southside,957,37,69,2020-08-26 00:00:00
Thomas Jefferson,2309,47,164,2020-08-26 00:00:00
Three Rivers,1231,18,90,2020-08-26 00:00:00
Virginia Beach,5821,66,314,2020-08-26 00:00:00
Western Tidewater,2674,88,161,2020-08-26 00:00:00
West Piedmont,1484,30,183,2020-08-26 00:00:00
Alexandria,3333,61,297,2020-08-27 00:00:00
Alleghany,1134,19,58,2020-08-27 00:00:00
Arlington,3457,138,454,2020-08-27 00:00:00
Central Shenandoah,3145,61,234,2020-08-27 00:00:00
Central Virginia,2155,18,72,2020-08-27 00:00:00
Chesapeake,3660,47,309,2020-08-27 00:00:00
Chesterfield,5347,104,296,2020-08-27 00:00:00
Chickahominy,1187,47,139,2020-08-27 00:00:00
Crater,2997,71,242,2020-08-27 00:00:00
Cumberland Plateau,514,7,45,2020-08-27 00:00:00
Eastern Shore,1442,47,137,2020-08-27 00:00:00
Fairfax,18134,563,2054,2020-08-27 00:00:00
Hampton,1505,15,54,2020-08-27 00:00:00
Henrico,4467,191,374,2020-08-27 00:00:00
Lenowisco,666,11,57,2020-08-27 00:00:00
Lord Fairfax,2778,93,237,2020-08-27 00:00:00
Loudoun,5825,117,373,2020-08-27 00:00:00
Mount Rogers,1844,69,169,2020-08-27 00:00:00
New River,963,8,37,2020-08-27 00:00:00
Norfolk,4297,49,276,2020-08-27 00:00:00
Peninsula,3568,50,181,2020-08-27 00:00:00
Piedmont,1656,38,127,2020-08-27 00:00:00
Pittsylvania-Danville,1270,16,94,2020-08-27 00:00:00
Portsmouth,2161,34,167,2020-08-27 00:00:00
Prince William,12910,213,1024,2020-08-27 00:00:00
Rappahannock,4320,61,339,2020-08-27 00:00:00
Rappahannock Rapidan,2225,29,148,2020-08-27 00:00:00
Richmond,3767,45,365,2020-08-27 00:00:00
Roanoke,1169,15,44,2020-08-27 00:00:00
Southside,977,37,69,2020-08-27 00:00:00
Thomas Jefferson,2336,48,164,2020-08-27 00:00:00
Three Rivers,1250,19,91,2020-08-27 00:00:00
Virginia Beach,5876,65,314,2020-08-27 00:00:00
Western Tidewater,2710,89,161,2020-08-27 00:00:00
West Piedmont,1534,32,189,2020-08-27 00:00:00
Alexandria,3352,64,297,2020-08-28 00:00:00
Alleghany,1161,19,58,2020-08-28 00:00:00
Arlington,3492,137,458,2020-08-28 00:00:00
Central Shenandoah,3180,61,234,2020-08-28 00:00:00
Central Virginia,2206,18,74,2020-08-28 00:00:00
Chesapeake,3685,47,313,2020-08-28 00:00:00
Chesterfield,5378,108,298,2020-08-28 00:00:00
Chickahominy,1195,47,139,2020-08-28 00:00:00
Crater,3023,72,244,2020-08-28 00:00:00
Cumberland Plateau,523,7,45,2020-08-28 00:00:00
Eastern Shore,1444,48,137,2020-08-28 00:00:00
Fairfax,18260,564,2067,2020-08-28 00:00:00
Hampton,1519,16,54,2020-08-28 00:00:00
Henrico,4510,193,376,2020-08-28 00:00:00
Lenowisco,674,12,57,2020-08-28 00:00:00
Lord Fairfax,2779,93,237,2020-08-28 00:00:00
Loudoun,5878,118,374,2020-08-28 00:00:00
Mount Rogers,1870,70,172,2020-08-28 00:00:00
New River,1012,8,37,2020-08-28 00:00:00
Norfolk,4328,52,281,2020-08-28 00:00:00
Peninsula,3597,50,181,2020-08-28 00:00:00
Piedmont,1670,38,127,2020-08-28 00:00:00
Pittsylvania-Danville,1296,16,94,2020-08-28 00:00:00
Portsmouth,2186,34,172,2020-08-28 00:00:00
Prince William,12988,213,1026,2020-08-28 00:00:00
Rappahannock,4359,61,342,2020-08-28 00:00:00
Rappahannock Rapidan,2243,29,148,2020-08-28 00:00:00
Richmond,3795,47,372,2020-08-28 00:00:00
Roanoke,1179,15,44,2020-08-28 00:00:00
Southside,984,37,69,2020-08-28 00:00:00
Thomas Jefferson,2372,49,166,2020-08-28 00:00:00
Three Rivers,1255,20,93,2020-08-28 00:00:00
Virginia Beach,5906,65,319,2020-08-28 00:00:00
Western Tidewater,2743,89,161,2020-08-28 00:00:00
West Piedmont,1550,33,194,2020-08-28 00:00:00
Alexandria,3358,62,297,2020-08-29 00:00:00
Alleghany,1152,19,58,2020-08-29 00:00:00
Arlington,3513,137,461,2020-08-29 00:00:00
Central Shenandoah,3237,61,234,2020-08-29 00:00:00
Central Virginia,2258,18,77,2020-08-29 00:00:00
Chesapeake,3736,47,316,2020-08-29 00:00:00
Chesterfield,5417,108,302,2020-08-29 00:00:00
Chickahominy,1216,48,140,2020-08-29 00:00:00
Crater,3090,73,249,2020-08-29 00:00:00
Cumberland Plateau,528,7,45,2020-08-29 00:00:00
Eastern Shore,1447,48,137,2020-08-29 00:00:00
Fairfax,18378,569,2075,2020-08-29 00:00:00
Hampton,1529,16,54,2020-08-29 00:00:00
Henrico,4553,192,377,2020-08-29 00:00:00
Lenowisco,686,12,58,2020-08-29 00:00:00
Lord Fairfax,2791,93,239,2020-08-29 00:00:00
Loudoun,5924,118,379,2020-08-29 00:00:00
Mount Rogers,1914,70,174,2020-08-29 00:00:00
New River,1102,9,37,2020-08-29 00:00:00
Norfolk,4334,52,283,2020-08-29 00:00:00
Peninsula,3675,53,181,2020-08-29 00:00:00
Piedmont,1687,38,127,2020-08-29 00:00:00
Pittsylvania-Danville,1318,18,95,2020-08-29 00:00:00
Portsmouth,2198,34,173,2020-08-29 00:00:00
Prince William,13073,214,1030,2020-08-29 00:00:00
Rappahannock,4398,62,345,2020-08-29 00:00:00
Rappahannock Rapidan,2261,30,148,2020-08-29 00:00:00
Richmond,3831,47,372,2020-08-29 00:00:00
Roanoke,1186,15,44,2020-08-29 00:00:00
Southside,993,37,69,2020-08-29 00:00:00
Thomas Jefferson,2424,50,166,2020-08-29 00:00:00
Three Rivers,1268,20,93,2020-08-29 00:00:00
Virginia Beach,5948,67,320,2020-08-29 00:00:00
Western Tidewater,2794,90,161,2020-08-29 00:00:00
West Piedmont,1592,34,196,2020-08-29 00:00:00
Alexandria,3369,62,298,2020-08-30 00:00:00
Alleghany,1156,19,58,2020-08-30 00:00:00
Arlington,3540,137,466,2020-08-30 00:00:00
Central Shenandoah,3294,61,234,2020-08-30 00:00:00
Central Virginia,2286,18,78,2020-08-30 00:00:00
Chesapeake,3778,47,319,2020-08-30 00:00:00
Chesterfield,5433,108,304,2020-08-30 00:00:00
Chickahominy,1226,48,140,2020-08-30 00:00:00
Crater,3129,73,249,2020-08-30 00:00:00
Cumberland Plateau,530,7,45,2020-08-30 00:00:00
Eastern Shore,1447,48,137,2020-08-30 00:00:00
Fairfax,18496,569,2078,2020-08-30 00:00:00
Hampton,1542,16,54,2020-08-30 00:00:00
Henrico,4579,192,379,2020-08-30 00:00:00
Lenowisco,699,12,60,2020-08-30 00:00:00
Lord Fairfax,2798,93,240,2020-08-30 00:00:00
Loudoun,5945,118,383,2020-08-30 00:00:00
Mount Rogers,1938,70,177,2020-08-30 00:00:00
New River,1187,9,37,2020-08-30 00:00:00
Norfolk,4361,52,285,2020-08-30 00:00:00
Peninsula,3710,53,181,2020-08-30 00:00:00
Piedmont,1687,38,127,2020-08-30 00:00:00
Pittsylvania-Danville,1372,18,95,2020-08-30 00:00:00
Portsmouth,2213,34,175,2020-08-30 00:00:00
Prince William,13124,214,1033,2020-08-30 00:00:00
Rappahannock,4425,62,348,2020-08-30 00:00:00
Rappahannock Rapidan,2275,30,150,2020-08-30 00:00:00
Richmond,3879,47,373,2020-08-30 00:00:00
Roanoke,1189,15,44,2020-08-30 00:00:00
Southside,996,37,69,2020-08-30 00:00:00
Thomas Jefferson,2458,50,167,2020-08-30 00:00:00
Three Rivers,1276,20,93,2020-08-30 00:00:00
Virginia Beach,5985,68,321,2020-08-30 00:00:00
Western Tidewater,2819,90,161,2020-08-30 00:00:00
West Piedmont,1606,34,197,2020-08-30 00:00:00
Alexandria,3378,62,298,2020-08-31 00:00:00
Alleghany,1178,19,58,2020-08-31 00:00:00
Arlington,3555,138,467,2020-08-31 00:00:00
Central Shenandoah,3366,62,234,2020-08-31 00:00:00
Central Virginia,2315,18,78,2020-08-31 00:00:00
Chesapeake,3801,47,322,2020-08-31 00:00:00
Chesterfield,5455,108,304,2020-08-31 00:00:00
Chickahominy,1235,48,140,2020-08-31 00:00:00
Crater,3174,73,250,2020-08-31 00:00:00
Cumberland Plateau,548,7,48,2020-08-31 00:00:00
Eastern Shore,1449,48,137,2020-08-31 00:00:00
Fairfax,18603,572,2080,2020-08-31 00:00:00
Hampton,1554,16,54,2020-08-31 00:00:00
Henrico,4608,192,379,2020-08-31 00:00:00
Lenowisco,709,12,60,2020-08-31 00:00:00
Lord Fairfax,2805,93,240,2020-08-31 00:00:00
Loudoun,5979,118,384,2020-08-31 00:00:00
Mount Rogers,1955,70,177,2020-08-31 00:00:00
New River,1223,9,37,2020-08-31 00:00:00
Norfolk,4394,52,285,2020-08-31 00:00:00
Peninsula,3743,55,181,2020-08-31 00:00:00
Piedmont,1687,38,127,2020-08-31 00:00:00
Pittsylvania-Danville,1376,20,95,2020-08-31 00:00:00
Portsmouth,2213,34,175,2020-08-31 00:00:00
Prince William,13206,215,1033,2020-08-31 00:00:00
Rappahannock,4450,62,348,2020-08-31 00:00:00
Rappahannock Rapidan,2285,30,150,2020-08-31 00:00:00
Richmond,3897,47,375,2020-08-31 00:00:00
Roanoke,1200,15,44,2020-08-31 00:00:00
Southside,1019,37,69,2020-08-31 00:00:00
Thomas Jefferson,2475,50,168,2020-08-31 00:00:00
Three Rivers,1287,20,93,2020-08-31 00:00:00
Virginia Beach,6028,68,321,2020-08-31 00:00:00
Western Tidewater,2836,91,161,2020-08-31 00:00:00
West Piedmont,1608,34,197,2020-08-31 00:00:00
Alexandria,3395,62,298,2020-09-01 00:00:00
Alleghany,1182,22,61,2020-09-01 00:00:00
Arlington,3560,140,466,2020-09-01 00:00:00
Central Shenandoah,3464,62,235,2020-09-01 00:00:00
Central Virginia,2357,19,78,2020-09-01 00:00:00
Chesapeake,3811,48,328,2020-09-01 00:00:00
Chesterfield,5524,110,303,2020-09-01 00:00:00
Chickahominy,1252,48,140,2020-09-01 00:00:00
Crater,3196,76,250,2020-09-01 00:00:00
Cumberland Plateau,550,8,48,2020-09-01 00:00:00
Eastern Shore,1452,48,136,2020-09-01 00:00:00
Fairfax,18696,574,2082,2020-09-01 00:00:00
Hampton,1562,16,54,2020-09-01 00:00:00
Henrico,4651,193,381,2020-09-01 00:00:00
Lenowisco,724,12,62,2020-09-01 00:00:00
Lord Fairfax,2818,94,246,2020-09-01 00:00:00
Loudoun,6008,118,387,2020-09-01 00:00:00
Mount Rogers,1994,73,182,2020-09-01 00:00:00
New River,1335,9,37,2020-09-01 00:00:00
Norfolk,4406,55,288,2020-09-01 00:00:00
Peninsula,3771,57,181,2020-09-01 00:00:00
Piedmont,1712,39,127,2020-09-01 00:00:00
Pittsylvania-Danville,1391,20,98,2020-09-01 00:00:00
Portsmouth,2234,36,180,2020-09-01 00:00:00
Prince William,13282,216,1038,2020-09-01 00:00:00
Rappahannock,4489,62,351,2020-09-01 00:00:00
Rappahannock Rapidan,2300,30,152,2020-09-01 00:00:00
Richmond,3920,49,374,2020-09-01 00:00:00
Roanoke,1201,15,45,2020-09-01 00:00:00
Southside,1036,37,69,2020-09-01 00:00:00
Thomas Jefferson,2490,50,170,2020-09-01 00:00:00
Three Rivers,1290,20,94,2020-09-01 00:00:00
Virginia Beach,6049,69,321,2020-09-01 00:00:00
Western Tidewater,2891,91,161,2020-09-01 00:00:00
West Piedmont,1622,34,198,2020-09-01 00:00:00
Alexandria,3415,62,300,2020-09-02 00:00:00
Alleghany,1185,22,62,2020-09-02 00:00:00
Arlington,3569,141,469,2020-09-02 00:00:00
Central Shenandoah,3551,62,236,2020-09-02 00:00:00
Central Virginia,2385,19,80,2020-09-02 00:00:00
Chesapeake,3826,49,334,2020-09-02 00:00:00
Chesterfield,5566,110,304,2020-09-02 00:00:00
Chickahominy,1260,48,143,2020-09-02 00:00:00
Crater,3228,77,253,2020-09-02 00:00:00
Cumberland Plateau,554,8,48,2020-09-02 00:00:00
Eastern Shore,1452,48,136,2020-09-02 00:00:00
Fairfax,18793,575,2086,2020-09-02 00:00:00
Hampton,1570,16,54,2020-09-02 00:00:00
Henrico,4670,194,381,2020-09-02 00:00:00
Lenowisco,731,12,63,2020-09-02 00:00:00
Lord Fairfax,2832,97,248,2020-09-02 00:00:00
Loudoun,6053,118,389,2020-09-02 00:00:00
Mount Rogers,2037,74,187,2020-09-02 00:00:00
New River,1446,9,37,2020-09-02 00:00:00
Norfolk,4429,57,291,2020-09-02 00:00:00
Peninsula,3803,58,181,2020-09-02 00:00:00
Piedmont,1725,39,127,2020-09-02 00:00:00
Pittsylvania-Danville,1407,20,100,2020-09-02 00:00:00
Portsmouth,2242,41,186,2020-09-02 00:00:00
Prince William,13328,218,1041,2020-09-02 00:00:00
Rappahannock,4520,63,352,2020-09-02 00:00:00
Rappahannock Rapidan,2310,31,152,2020-09-02 00:00:00
Richmond,3950,49,373,2020-09-02 00:00:00
Roanoke,1203,15,45,2020-09-02 00:00:00
Southside,1052,37,71,2020-09-02 00:00:00
Thomas Jefferson,2515,53,170,2020-09-02 00:00:00
Three Rivers,1298,20,94,2020-09-02 00:00:00
Virginia Beach,6081,70,324,2020-09-02 00:00:00
Western Tidewater,2914,93,161,2020-09-02 00:00:00
West Piedmont,1642,36,200,2020-09-02 00:00:00
Alexandria,3436,62,301,2020-09-03 00:00:00
Alleghany,1207,22,62,2020-09-03 00:00:00
Arlington,3587,141,470,2020-09-03 00:00:00
Central Shenandoah,3620,62,237,2020-09-03 00:00:00
Central Virginia,2434,19,81,2020-09-03 00:00:00
Chesapeake,3859,49,339,2020-09-03 00:00:00
Chesterfield,5606,110,304,2020-09-03 00:00:00
Chickahominy,1280,48,143,2020-09-03 00:00:00
Crater,3260,78,253,2020-09-03 00:00:00
Cumberland Plateau,558,9,48,2020-09-03 00:00:00
Eastern Shore,1455,48,136,2020-09-03 00:00:00
Fairfax,18858,576,2100,2020-09-03 00:00:00
Hampton,1589,16,54,2020-09-03 00:00:00
Henrico,4707,194,383,2020-09-03 00:00:00
Lenowisco,744,12,65,2020-09-03 00:00:00
Lord Fairfax,2840,97,250,2020-09-03 00:00:00
Loudoun,6077,118,391,2020-09-03 00:00:00
Mount Rogers,2072,75,189,2020-09-03 00:00:00
New River,1534,9,37,2020-09-03 00:00:00
Norfolk,4450,59,300,2020-09-03 00:00:00
Peninsula,3852,58,181,2020-09-03 00:00:00
Piedmont,1733,40,127,2020-09-03 00:00:00
Pittsylvania-Danville,1437,20,104,2020-09-03 00:00:00
Portsmouth,2258,42,188,2020-09-03 00:00:00
Prince William,13414,219,1045,2020-09-03 00:00:00
Rappahannock,4552,62,354,2020-09-03 00:00:00
Rappahannock Rapidan,2323,31,154,2020-09-03 00:00:00
Richmond,4027,49,376,2020-09-03 00:00:00
Roanoke,1199,15,46,2020-09-03 00:00:00
Southside,1068,37,71,2020-09-03 00:00:00
Thomas Jefferson,2562,56,171,2020-09-03 00:00:00
Three Rivers,1317,20,94,2020-09-03 00:00:00
Virginia Beach,6128,70,326,2020-09-03 00:00:00
Western Tidewater,2961,93,161,2020-09-03 00:00:00
West Piedmont,1664,36,200,2020-09-03 00:00:00
Alexandria,3459,62,302,2020-09-04 00:00:00
Alleghany,1224,23,63,2020-09-04 00:00:00
Arlington,3605,142,472,2020-09-04 00:00:00
Central Shenandoah,3683,63,239,2020-09-04 00:00:00
Central Virginia,2481,19,84,2020-09-04 00:00:00
Chesapeake,3887,49,342,2020-09-04 00:00:00
Chesterfield,5634,110,307,2020-09-04 00:00:00
Chickahominy,1296,48,144,2020-09-04 00:00:00
Crater,3289,79,252,2020-09-04 00:00:00
Cumberland Plateau,563,9,49,2020-09-04 00:00:00
Eastern Shore,1455,48,136,2020-09-04 00:00:00
Fairfax,18930,576,2103,2020-09-04 00:00:00
Hampton,1603,16,54,2020-09-04 00:00:00
Henrico,4738,194,386,2020-09-04 00:00:00
Lenowisco,756,12,66,2020-09-04 00:00:00
Lord Fairfax,2846,97,253,2020-09-04 00:00:00
Loudoun,6146,118,394,2020-09-04 00:00:00
Mount Rogers,2114,75,191,2020-09-04 00:00:00
New River,1668,9,37,2020-09-04 00:00:00
Norfolk,4468,59,301,2020-09-04 00:00:00
Peninsula,3902,58,181,2020-09-04 00:00:00
Piedmont,1742,40,127,2020-09-04 00:00:00
Pittsylvania-Danville,1474,20,104,2020-09-04 00:00:00
Portsmouth,2269,42,191,2020-09-04 00:00:00
Prince William,13483,219,1046,2020-09-04 00:00:00
Rappahannock,4579,65,359,2020-09-04 00:00:00
Rappahannock Rapidan,2337,31,156,2020-09-04 00:00:00
Richmond,4052,49,381,2020-09-04 00:00:00
Roanoke,1220,15,50,2020-09-04 00:00:00
Southside,1098,37,71,2020-09-04 00:00:00
Thomas Jefferson,2597,57,171,2020-09-04 00:00:00
Three Rivers,1332,20,94,2020-09-04 00:00:00
Virginia Beach,6160,71,327,2020-09-04 00:00:00
Western Tidewater,2998,94,162,2020-09-04 00:00:00
West Piedmont,1691,36,203,2020-09-04 00:00:00
Alexandria,3476,62,302,2020-09-05 00:00:00
Alleghany,1234,23,65,2020-09-05 00:00:00
Arlington,3620,143,476,2020-09-05 00:00:00
Central Shenandoah,3780,63,243,2020-09-05 00:00:00
Central Virginia,2513,19,84,2020-09-05 00:00:00
Chesapeake,3899,49,342,2020-09-05 00:00:00
Chesterfield,5678,110,309,2020-09-05 00:00:00
Chickahominy,1306,48,144,2020-09-05 00:00:00
Crater,3312,80,254,2020-09-05 00:00:00
Cumberland Plateau,569,9,49,2020-09-05 00:00:00
Eastern Shore,1456,48,136,2020-09-05 00:00:00
Fairfax,19068,576,2107,2020-09-05 00:00:00
Hampton,1614,16,55,2020-09-05 00:00:00
Henrico,4757,194,387,2020-09-05 00:00:00
Lenowisco,766,13,67,2020-09-05 00:00:00
Lord Fairfax,2849,98,253,2020-09-05 00:00:00
Loudoun,6166,118,394,2020-09-05 00:00:00
Mount Rogers,2161,75,192,2020-09-05 00:00:00
New River,1750,9,38,2020-09-05 00:00:00
Norfolk,4481,60,308,2020-09-05 00:00:00
Peninsula,3920,58,181,2020-09-05 00:00:00
Piedmont,1750,40,127,2020-09-05 00:00:00
Pittsylvania-Danville,1485,21,105,2020-09-05 00:00:00
Portsmouth,2277,43,193,2020-09-05 00:00:00
Prince William,13530,219,1049,2020-09-05 00:00:00
Rappahannock,4608,65,362,2020-09-05 00:00:00
Rappahannock Rapidan,2342,37,160,2020-09-05 00:00:00
Richmond,4099,49,384,2020-09-05 00:00:00
Roanoke,1235,15,51,2020-09-05 00:00:00
Southside,1120,39,72,2020-09-05 00:00:00
Thomas Jefferson,2624,57,171,2020-09-05 00:00:00
Three Rivers,1343,20,94,2020-09-05 00:00:00
Virginia Beach,6183,71,327,2020-09-05 00:00:00
Western Tidewater,3026,94,163,2020-09-05 00:00:00
West Piedmont,1730,36,205,2020-09-05 00:00:00
Alexandria,3500,62,302,2020-09-06 00:00:00
Alleghany,1255,23,65,2020-09-06 00:00:00
Arlington,3632,143,476,2020-09-06 00:00:00
Central Shenandoah,3870,63,244,2020-09-06 00:00:00
Central Virginia,2548,19,84,2020-09-06 00:00:00
Chesapeake,3932,50,344,2020-09-06 00:00:00
Chesterfield,5685,110,311,2020-09-06 00:00:00
Chickahominy,1319,48,144,2020-09-06 00:00:00
Crater,3360,80,254,2020-09-06 00:00:00
Cumberland Plateau,575,9,49,2020-09-06 00:00:00
Eastern Shore,1457,48,136,2020-09-06 00:00:00
Fairfax,19174,576,2110,2020-09-06 00:00:00
Hampton,1628,16,57,2020-09-06 00:00:00
Henrico,4795,194,390,2020-09-06 00:00:00
Lenowisco,783,13,69,2020-09-06 00:00:00
Lord Fairfax,2862,98,253,2020-09-06 00:00:00
Loudoun,6198,118,394,2020-09-06 00:00:00
Mount Rogers,2210,75,194,2020-09-06 00:00:00
New River,1925,9,38,2020-09-06 00:00:00
Norfolk,4484,60,308,2020-09-06 00:00:00
Peninsula,3958,58,181,2020-09-06 00:00:00
Piedmont,1752,40,127,2020-09-06 00:00:00
Pittsylvania-Danville,1530,21,106,2020-09-06 00:00:00
Portsmouth,2283,43,194,2020-09-06 00:00:00
Prince William,13630,219,1051,2020-09-06 00:00:00
Rappahannock,4640,65,364,2020-09-06 00:00:00
Rappahannock Rapidan,2358,37,160,2020-09-06 00:00:00
Richmond,4135,49,387,2020-09-06 00:00:00
Roanoke,1267,15,52,2020-09-06 00:00:00
Southside,1140,39,73,2020-09-06 00:00:00
Thomas Jefferson,2664,57,171,2020-09-06 00:00:00
Three Rivers,1360,20,94,2020-09-06 00:00:00
Virginia Beach,6223,71,328,2020-09-06 00:00:00
Western Tidewater,3050,94,166,2020-09-06 00:00:00
West Piedmont,1744,36,205,2020-09-06 00:00:00
Alexandria,3511,62,302,2020-09-07 00:00:00
Alleghany,1281,23,65,2020-09-07 00:00:00
Arlington,3640,143,476,2020-09-07 00:00:00
Central Shenandoah,3941,63,245,2020-09-07 00:00:00
Central Virginia,2568,19,86,2020-09-07 00:00:00
Chesapeake,3946,50,346,2020-09-07 00:00:00
Chesterfield,5690,110,311,2020-09-07 00:00:00
Chickahominy,1332,48,144,2020-09-07 00:00:00
Crater,3368,80,254,2020-09-07 00:00:00
Cumberland Plateau,578,9,49,2020-09-07 00:00:00
Eastern Shore,1457,48,136,2020-09-07 00:00:00
Fairfax,19246,576,2111,2020-09-07 00:00:00
Hampton,1629,16,57,2020-09-07 00:00:00
Henrico,4806,194,390,2020-09-07 00:00:00
Lenowisco,790,13,69,2020-09-07 00:00:00
Lord Fairfax,2872,98,254,2020-09-07 00:00:00
Loudoun,6223,118,395,2020-09-07 00:00:00
Mount Rogers,2266,75,196,2020-09-07 00:00:00
New River,1949,9,38,2020-09-07 00:00:00
Norfolk,4533,60,308,2020-09-07 00:00:00
Peninsula,3973,59,183,2020-09-07 00:00:00
Piedmont,1762,40,127,2020-09-07 00:00:00
Pittsylvania-Danville,1538,23,108,2020-09-07 00:00:00
Portsmouth,2286,43,194,2020-09-07 00:00:00
Prince William,13672,219,1053,2020-09-07 00:00:00
Rappahannock,4658,65,364,2020-09-07 00:00:00
Rappahannock Rapidan,2370,40,160,2020-09-07 00:00:00
Richmond,4153,49,389,2020-09-07 00:00:00
Roanoke,1305,15,52,2020-09-07 00:00:00
Southside,1142,39,74,2020-09-07 00:00:00
Thomas Jefferson,2675,57,172,2020-09-07 00:00:00
Three Rivers,1365,20,94,2020-09-07 00:00:00
Virginia Beach,6226,71,328,2020-09-07 00:00:00
Western Tidewater,3067,94,167,2020-09-07 00:00:00
West Piedmont,1753,36,205,2020-09-07 00:00:00
Alexandria,3527,62,302,2020-09-08 00:00:00
Alleghany,1283,23,66,2020-09-08 00:00:00
Arlington,3656,143,478,2020-09-08 00:00:00
Central Shenandoah,4121,63,246,2020-09-08 00:00:00
Central Virginia,2571,19,88,2020-09-08 00:00:00
Chesapeake,3962,50,348,2020-09-08 00:00:00
Chesterfield,5735,110,313,2020-09-08 00:00:00
Chickahominy,1349,48,146,2020-09-08 00:00:00
Crater,3383,80,254,2020-09-08 00:00:00
Cumberland Plateau,587,9,49,2020-09-08 00:00:00
Eastern Shore,1458,48,136,2020-09-08 00:00:00
Fairfax,19326,577,2114,2020-09-08 00:00:00
Hampton,1651,16,57,2020-09-08 00:00:00
Henrico,4844,194,390,2020-09-08 00:00:00
Lenowisco,794,13,70,2020-09-08 00:00:00
Lord Fairfax,2883,98,254,2020-09-08 00:00:00
Loudoun,6263,118,396,2020-09-08 00:00:00
Mount Rogers,2292,76,198,2020-09-08 00:00:00
New River,1982,9,38,2020-09-08 00:00:00
Norfolk,4537,60,310,2020-09-08 00:00:00
Peninsula,3996,59,183,2020-09-08 00:00:00
Piedmont,1778,40,127,2020-09-08 00:00:00
Pittsylvania-Danville,1555,23,108,2020-09-08 00:00:00
Portsmouth,2309,43,195,2020-09-08 00:00:00
Prince William,13722,219,1054,2020-09-08 00:00:00
Rappahannock,4683,65,366,2020-09-08 00:00:00
Rappahannock Rapidan,2381,40,160,2020-09-08 00:00:00
Richmond,4176,49,390,2020-09-08 00:00:00
Roanoke,1306,15,52,2020-09-08 00:00:00
Southside,1161,39,74,2020-09-08 00:00:00
Thomas Jefferson,2688,57,174,2020-09-08 00:00:00
Three Rivers,1375,20,94,2020-09-08 00:00:00
Virginia Beach,6227,71,328,2020-09-08 00:00:00
Western Tidewater,3089,94,168,2020-09-08 00:00:00
West Piedmont,1757,36,206,2020-09-08 00:00:00
Alexandria,3546,62,302,2020-09-09 00:00:00
Alleghany,1290,23,66,2020-09-09 00:00:00
Arlington,3679,143,480,2020-09-09 00:00:00
Central Shenandoah,4205,64,246,2020-09-09 00:00:00
Central Virginia,2606,19,89,2020-09-09 00:00:00
Chesapeake,3982,50,349,2020-09-09 00:00:00
Chesterfield,5777,113,319,2020-09-09 00:00:00
Chickahominy,1363,48,146,2020-09-09 00:00:00
Crater,3441,80,256,2020-09-09 00:00:00
Cumberland Plateau,593,9,49,2020-09-09 00:00:00
Eastern Shore,1459,48,137,2020-09-09 00:00:00
Fairfax,19369,580,2120,2020-09-09 00:00:00
Hampton,1661,16,57,2020-09-09 00:00:00
Henrico,4872,195,392,2020-09-09 00:00:00
Lenowisco,798,13,70,2020-09-09 00:00:00
Lord Fairfax,2885,98,257,2020-09-09 00:00:00
Loudoun,6273,118,399,2020-09-09 00:00:00
Mount Rogers,2304,76,199,2020-09-09 00:00:00
New River,2058,9,39,2020-09-09 00:00:00
Norfolk,4545,60,312,2020-09-09 00:00:00
Peninsula,4006,59,183,2020-09-09 00:00:00
Piedmont,1786,40,127,2020-09-09 00:00:00
Pittsylvania-Danville,1567,23,109,2020-09-09 00:00:00
Portsmouth,2324,43,217,2020-09-09 00:00:00
Prince William,13793,219,1057,2020-09-09 00:00:00
Rappahannock,4733,65,368,2020-09-09 00:00:00
Rappahannock Rapidan,2398,42,162,2020-09-09 00:00:00
Richmond,4198,49,393,2020-09-09 00:00:00
Roanoke,1312,15,53,2020-09-09 00:00:00
Southside,1184,39,74,2020-09-09 00:00:00
Thomas Jefferson,2715,58,174,2020-09-09 00:00:00
Three Rivers,1384,20,95,2020-09-09 00:00:00
Virginia Beach,6305,71,335,2020-09-09 00:00:00
Western Tidewater,3111,94,168,2020-09-09 00:00:00
West Piedmont,1767,36,209,2020-09-09 00:00:00
Alexandria,3558,62,303,2020-09-10 00:00:00
Alleghany,1312,23,67,2020-09-10 00:00:00
Arlington,3687,144,481,2020-09-10 00:00:00
Central Shenandoah,4292,64,247,2020-09-10 00:00:00
Central Virginia,2633,19,91,2020-09-10 00:00:00
Chesapeake,4007,50,352,2020-09-10 00:00:00
Chesterfield,5834,113,321,2020-09-10 00:00:00
Chickahominy,1495,48,147,2020-09-10 00:00:00
Crater,3472,80,259,2020-09-10 00:00:00
Cumberland Plateau,606,9,49,2020-09-10 00:00:00
Eastern Shore,1460,48,137,2020-09-10 00:00:00
Fairfax,19474,580,2123,2020-09-10 00:00:00
Hampton,1687,16,57,2020-09-10 00:00:00
Henrico,4925,195,395,2020-09-10 00:00:00
Lenowisco,810,13,70,2020-09-10 00:00:00
Lord Fairfax,2894,98,256,2020-09-10 00:00:00
Loudoun,6327,118,402,2020-09-10 00:00:00
Mount Rogers,2325,77,200,2020-09-10 00:00:00
New River,2147,10,43,2020-09-10 00:00:00
Norfolk,4577,60,319,2020-09-10 00:00:00
Peninsula,4041,59,183,2020-09-10 00:00:00
Piedmont,1799,40,128,2020-09-10 00:00:00
Pittsylvania-Danville,1590,23,109,2020-09-10 00:00:00
Portsmouth,2337,45,236,2020-09-10 00:00:00
Prince William,13869,223,1061,2020-09-10 00:00:00
Rappahannock,4778,65,370,2020-09-10 00:00:00
Rappahannock Rapidan,2408,43,163,2020-09-10 00:00:00
Richmond,4220,50,394,2020-09-10 00:00:00
Roanoke,1329,15,54,2020-09-10 00:00:00
Southside,1196,39,74,2020-09-10 00:00:00
Thomas Jefferson,2743,58,175,2020-09-10 00:00:00
Three Rivers,1404,20,96,2020-09-10 00:00:00
Virginia Beach,6345,71,335,2020-09-10 00:00:00
Western Tidewater,3151,94,168,2020-09-10 00:00:00
West Piedmont,1793,36,220,2020-09-10 00:00:00
Alexandria,3577,62,304,2020-09-11 00:00:00
Alleghany,1331,23,67,2020-09-11 00:00:00
Arlington,3700,144,481,2020-09-11 00:00:00
Central Shenandoah,4373,65,249,2020-09-11 00:00:00
Central Virginia,2686,19,92,2020-09-11 00:00:00
Chesapeake,4026,49,357,2020-09-11 00:00:00
Chesterfield,5886,113,325,2020-09-11 00:00:00
Chickahominy,1530,49,149,2020-09-11 00:00:00
Crater,3480,80,260,2020-09-11 00:00:00
Cumberland Plateau,617,9,49,2020-09-11 00:00:00
Eastern Shore,1462,48,137,2020-09-11 00:00:00
Fairfax,19553,581,2124,2020-09-11 00:00:00
Hampton,1690,16,57,2020-09-11 00:00:00
Henrico,4966,195,397,2020-09-11 00:00:00
Lenowisco,821,13,70,2020-09-11 00:00:00
Lord Fairfax,2905,98,257,2020-09-11 00:00:00
Loudoun,6377,118,408,2020-09-11 00:00:00
Mount Rogers,2350,77,203,2020-09-11 00:00:00
New River,2239,10,44,2020-09-11 00:00:00
Norfolk,4612,61,327,2020-09-11 00:00:00
Peninsula,4048,59,183,2020-09-11 00:00:00
Piedmont,1824,40,129,2020-09-11 00:00:00
Pittsylvania-Danville,1607,23,113,2020-09-11 00:00:00
Portsmouth,2343,45,249,2020-09-11 00:00:00
Prince William,13967,223,1061,2020-09-11 00:00:00
Rappahannock,4822,65,371,2020-09-11 00:00:00
Rappahannock Rapidan,2423,43,165,2020-09-11 00:00:00
Richmond,4259,50,395,2020-09-11 00:00:00
Roanoke,1359,15,55,2020-09-11 00:00:00
Southside,1219,39,75,2020-09-11 00:00:00
Thomas Jefferson,2796,58,176,2020-09-11 00:00:00
Three Rivers,1436,20,99,2020-09-11 00:00:00
Virginia Beach,6368,71,336,2020-09-11 00:00:00
Western Tidewater,3175,94,169,2020-09-11 00:00:00
West Piedmont,1813,36,222,2020-09-11 00:00:00
Alexandria,3594,62,305,2020-09-12 00:00:00
Alleghany,1343,23,67,2020-09-12 00:00:00
Arlington,3710,145,481,2020-09-12 00:00:00
Central Shenandoah,4485,65,250,2020-09-12 00:00:00
Central Virginia,2732,19,93,2020-09-12 00:00:00
Chesapeake,4048,49,364,2020-09-12 00:00:00
Chesterfield,5941,113,329,2020-09-12 00:00:00
Chickahominy,1550,49,150,2020-09-12 00:00:00
Crater,3514,80,261,2020-09-12 00:00:00
Cumberland Plateau,627,9,49,2020-09-12 00:00:00
Eastern Shore,1462,48,137,2020-09-12 00:00:00
Fairfax,19688,582,2131,2020-09-12 00:00:00
Hampton,1706,17,58,2020-09-12 00:00:00
Henrico,5000,195,396,2020-09-12 00:00:00
Lenowisco,827,15,70,2020-09-12 00:00:00
Lord Fairfax,2920,98,257,2020-09-12 00:00:00
Loudoun,6409,118,410,2020-09-12 00:00:00
Mount Rogers,2391,79,206,2020-09-12 00:00:00
New River,2412,10,49,2020-09-12 00:00:00
Norfolk,4630,61,333,2020-09-12 00:00:00
Peninsula,4078,59,183,2020-09-12 00:00:00
Piedmont,1838,40,129,2020-09-12 00:00:00
Pittsylvania-Danville,1630,23,118,2020-09-12 00:00:00
Portsmouth,2373,45,255,2020-09-12 00:00:00
Prince William,14054,223,1063,2020-09-12 00:00:00
Rappahannock,4876,65,373,2020-09-12 00:00:00
Rappahannock Rapidan,2442,43,165,2020-09-12 00:00:00
Richmond,4291,50,396,2020-09-12 00:00:00
Roanoke,1365,15,56,2020-09-12 00:00:00
Southside,1232,39,76,2020-09-12 00:00:00
Thomas Jefferson,2842,58,177,2020-09-12 00:00:00
Three Rivers,1463,22,100,2020-09-12 00:00:00
Virginia Beach,6421,72,337,2020-09-12 00:00:00
Western Tidewater,3218,95,170,2020-09-12 00:00:00
West Piedmont,1828,36,224,2020-09-12 00:00:00
Alexandria,3602,62,305,2020-09-13 00:00:00
Alleghany,1355,23,69,2020-09-13 00:00:00
Arlington,3727,145,484,2020-09-13 00:00:00
Central Shenandoah,4503,65,250,2020-09-13 00:00:00
Central Virginia,2759,19,93,2020-09-13 00:00:00
Chesapeake,4067,49,365,2020-09-13 00:00:00
Chesterfield,5983,113,330,2020-09-13 00:00:00
Chickahominy,1580,49,150,2020-09-13 00:00:00
Crater,3514,80,261,2020-09-13 00:00:00
Cumberland Plateau,635,9,49,2020-09-13 00:00:00
Eastern Shore,1463,48,137,2020-09-13 00:00:00
Fairfax,19796,582,2135,2020-09-13 00:00:00
Hampton,1714,17,58,2020-09-13 00:00:00
Henrico,5037,195,396,2020-09-13 00:00:00
Lenowisco,832,15,70,2020-09-13 00:00:00
Lord Fairfax,2931,98,257,2020-09-13 00:00:00
Loudoun,6443,118,410,2020-09-13 00:00:00
Mount Rogers,2447,81,212,2020-09-13 00:00:00
New River,2479,10,49,2020-09-13 00:00:00
Norfolk,4647,61,333,2020-09-13 00:00:00
Peninsula,4112,59,183,2020-09-13 00:00:00
Piedmont,1839,40,129,2020-09-13 00:00:00
Pittsylvania-Danville,1651,23,119,2020-09-13 00:00:00
Portsmouth,2391,45,255,2020-09-13 00:00:00
Prince William,14120,223,1067,2020-09-13 00:00:00
Rappahannock,4907,65,374,2020-09-13 00:00:00
Rappahannock Rapidan,2459,43,165,2020-09-13 00:00:00
Richmond,4317,50,396,2020-09-13 00:00:00
Roanoke,1373,15,57,2020-09-13 00:00:00
Southside,1254,39,76,2020-09-13 00:00:00
Thomas Jefferson,2859,58,178,2020-09-13 00:00:00
Three Rivers,1476,22,100,2020-09-13 00:00:00
Virginia Beach,6453,72,337,2020-09-13 00:00:00
Western Tidewater,3261,95,171,2020-09-13 00:00:00
West Piedmont,1828,36,224,2020-09-13 00:00:00
Alexandria,3613,62,305,2020-09-14 00:00:00
Alleghany,1370,23,69,2020-09-14 00:00:00
Arlington,3741,145,487,2020-09-14 00:00:00
Central Shenandoah,4568,65,251,2020-09-14 00:00:00
Central Virginia,2778,22,93,2020-09-14 00:00:00
Chesapeake,4086,49,372,2020-09-14 00:00:00
Chesterfield,6001,114,330,2020-09-14 00:00:00
Chickahominy,1617,49,150,2020-09-14 00:00:00
Crater,3539,80,263,2020-09-14 00:00:00
Cumberland Plateau,635,9,49,2020-09-14 00:00:00
Eastern Shore,1465,48,137,2020-09-14 00:00:00
Fairfax,19854,582,2140,2020-09-14 00:00:00
Hampton,1723,17,58,2020-09-14 00:00:00
Henrico,5068,198,396,2020-09-14 00:00:00
Lenowisco,835,15,70,2020-09-14 00:00:00
Lord Fairfax,2939,99,261,2020-09-14 00:00:00
Loudoun,6449,118,411,2020-09-14 00:00:00
Mount Rogers,2463,82,213,2020-09-14 00:00:00
New River,2591,10,49,2020-09-14 00:00:00
Norfolk,4651,61,333,2020-09-14 00:00:00
Peninsula,4130,59,183,2020-09-14 00:00:00
Piedmont,1841,40,129,2020-09-14 00:00:00
Pittsylvania-Danville,1662,27,123,2020-09-14 00:00:00
Portsmouth,2391,45,255,2020-09-14 00:00:00
Prince William,14147,223,1067,2020-09-14 00:00:00
Rappahannock,4922,65,374,2020-09-14 00:00:00
Rappahannock Rapidan,2471,43,165,2020-09-14 00:00:00
Richmond,4336,50,399,2020-09-14 00:00:00
Roanoke,1391,15,57,2020-09-14 00:00:00
Southside,1259,39,76,2020-09-14 00:00:00
Thomas Jefferson,2880,58,180,2020-09-14 00:00:00
Three Rivers,1495,23,102,2020-09-14 00:00:00
Virginia Beach,6482,72,342,2020-09-14 00:00:00
Western Tidewater,3336,98,180,2020-09-14 00:00:00
West Piedmont,1842,38,224,2020-09-14 00:00:00
Alexandria,3615,65,305,2020-09-15 00:00:00
Alleghany,1375,23,70,2020-09-15 00:00:00
Arlington,3759,145,487,2020-09-15 00:00:00
Central Shenandoah,4693,68,253,2020-09-15 00:00:00
Central Virginia,2803,25,97,2020-09-15 00:00:00
Chesapeake,4096,53,373,2020-09-15 00:00:00
Chesterfield,6040,115,333,2020-09-15 00:00:00
Chickahominy,1684,49,152,2020-09-15 00:00:00
Crater,3556,88,263,2020-09-15 00:00:00
Cumberland Plateau,640,9,50,2020-09-15 00:00:00
Eastern Shore,1465,48,137,2020-09-15 00:00:00
Fairfax,19930,583,2135,2020-09-15 00:00:00
Hampton,1730,19,58,2020-09-15 00:00:00
Henrico,5079,203,398,2020-09-15 00:00:00
Lenowisco,839,17,71,2020-09-15 00:00:00
Lord Fairfax,2954,104,261,2020-09-15 00:00:00
Loudoun,6489,119,414,2020-09-15 00:00:00
Mount Rogers,2492,87,213,2020-09-15 00:00:00
New River,2643,11,50,2020-09-15 00:00:00
Norfolk,4676,66,337,2020-09-15 00:00:00
Peninsula,4144,65,183,2020-09-15 00:00:00
Piedmont,1870,41,129,2020-09-15 00:00:00
Pittsylvania-Danville,1681,27,125,2020-09-15 00:00:00
Portsmouth,2424,46,258,2020-09-15 00:00:00
Prince William,14231,225,1071,2020-09-15 00:00:00
Rappahannock,4942,69,375,2020-09-15 00:00:00
Rappahannock Rapidan,2483,46,168,2020-09-15 00:00:00
Richmond,4363,55,401,2020-09-15 00:00:00
Roanoke,1394,15,57,2020-09-15 00:00:00
Southside,1264,40,77,2020-09-15 00:00:00
Thomas Jefferson,2883,61,180,2020-09-15 00:00:00
Three Rivers,1515,27,102,2020-09-15 00:00:00
Virginia Beach,6523,74,349,2020-09-15 00:00:00
Western Tidewater,3375,103,180,2020-09-15 00:00:00
West Piedmont,1864,48,225,2020-09-15 00:00:00
Alexandria,3628,66,305,2020-09-16 00:00:00
Alleghany,1392,23,70,2020-09-16 00:00:00
Arlington,3779,146,488,2020-09-16 00:00:00
Central Shenandoah,4746,69,255,2020-09-16 00:00:00
Central Virginia,2827,28,101,2020-09-16 00:00:00
Chesapeake,4119,55,379,2020-09-16 00:00:00
Chesterfield,6077,118,336,2020-09-16 00:00:00
Chickahominy,1693,49,155,2020-09-16 00:00:00
Crater,3569,93,263,2020-09-16 00:00:00
Cumberland Plateau,651,9,51,2020-09-16 00:00:00
Eastern Shore,1465,49,137,2020-09-16 00:00:00
Fairfax,20035,585,2142,2020-09-16 00:00:00
Hampton,1736,20,58,2020-09-16 00:00:00
Henrico,5120,205,403,2020-09-16 00:00:00
Lenowisco,843,17,71,2020-09-16 00:00:00
Lord Fairfax,2962,106,262,2020-09-16 00:00:00
Loudoun,6523,119,417,2020-09-16 00:00:00
Mount Rogers,2502,89,216,2020-09-16 00:00:00
New River,2700,12,50,2020-09-16 00:00:00
Norfolk,4685,66,338,2020-09-16 00:00:00
Peninsula,4182,65,183,2020-09-16 00:00:00
Piedmont,1876,42,129,2020-09-16 00:00:00
Pittsylvania-Danville,1704,29,125,2020-09-16 00:00:00
Portsmouth,2427,47,262,2020-09-16 00:00:00
Prince William,14277,228,1073,2020-09-16 00:00:00
Rappahannock,4966,70,376,2020-09-16 00:00:00
Rappahannock Rapidan,2501,46,168,2020-09-16 00:00:00
Richmond,4384,55,403,2020-09-16 00:00:00
Roanoke,1413,15,57,2020-09-16 00:00:00
Southside,1282,40,77,2020-09-16 00:00:00
Thomas Jefferson,2943,62,180,2020-09-16 00:00:00
Three Rivers,1541,27,103,2020-09-16 00:00:00
Virginia Beach,6515,76,349,2020-09-16 00:00:00
Western Tidewater,3413,104,180,2020-09-16 00:00:00
West Piedmont,1883,54,227,2020-09-16 00:00:00
Alexandria,3649,66,306,2020-09-17 00:00:00
Alleghany,1415,24,71,2020-09-17 00:00:00
Arlington,3791,146,491,2020-09-17 00:00:00
Central Shenandoah,4829,70,256,2020-09-17 00:00:00
Central Virginia,2867,30,102,2020-09-17 00:00:00
Chesapeake,4141,58,381,2020-09-17 00:00:00
Chesterfield,6106,120,339,2020-09-17 00:00:00
Chickahominy,1707,49,156,2020-09-17 00:00:00
Crater,3607,95,268,2020-09-17 00:00:00
Cumberland Plateau,660,9,51,2020-09-17 00:00:00
Eastern Shore,1467,49,137,2020-09-17 00:00:00
Fairfax,20121,586,2147,2020-09-17 00:00:00
Hampton,1748,20,58,2020-09-17 00:00:00
Henrico,5155,205,406,2020-09-17 00:00:00
Lenowisco,849,17,72,2020-09-17 00:00:00
Lord Fairfax,2979,106,262,2020-09-17 00:00:00
Loudoun,6567,120,420,2020-09-17 00:00:00
Mount Rogers,2518,92,219,2020-09-17 00:00:00
New River,2740,12,50,2020-09-17 00:00:00
Norfolk,4707,67,342,2020-09-17 00:00:00
Peninsula,4201,65,183,2020-09-17 00:00:00
Piedmont,1894,43,129,2020-09-17 00:00:00
Pittsylvania-Danville,1724,30,125,2020-09-17 00:00:00
Portsmouth,2439,48,266,2020-09-17 00:00:00
Prince William,14356,228,1076,2020-09-17 00:00:00
Rappahannock,5016,69,378,2020-09-17 00:00:00
Rappahannock Rapidan,2521,46,169,2020-09-17 00:00:00
Richmond,4407,56,403,2020-09-17 00:00:00
Roanoke,1447,16,61,2020-09-17 00:00:00
Southside,1306,40,79,2020-09-17 00:00:00
Thomas Jefferson,3027,63,181,2020-09-17 00:00:00
Three Rivers,1572,28,106,2020-09-17 00:00:00
Virginia Beach,6553,78,349,2020-09-17 00:00:00
Western Tidewater,3465,113,195,2020-09-17 00:00:00
West Piedmont,1909,56,230,2020-09-17 00:00:00
Alexandria,3671,67,308,2020-09-18 00:00:00
Alleghany,1441,24,71,2020-09-18 00:00:00
Arlington,3819,146,491,2020-09-18 00:00:00
Central Shenandoah,4924,70,256,2020-09-18 00:00:00
Central Virginia,2906,31,104,2020-09-18 00:00:00
Chesapeake,4169,66,382,2020-09-18 00:00:00
Chesterfield,6151,119,343,2020-09-18 00:00:00
Chickahominy,1712,49,157,2020-09-18 00:00:00
Crater,3648,96,270,2020-09-18 00:00:00
Cumberland Plateau,677,9,52,2020-09-18 00:00:00
Eastern Shore,1472,50,138,2020-09-18 00:00:00
Fairfax,20242,587,2146,2020-09-18 00:00:00
Hampton,1761,21,58,2020-09-18 00:00:00
Henrico,5182,206,410,2020-09-18 00:00:00
Lenowisco,850,17,72,2020-09-18 00:00:00
Lord Fairfax,2991,106,262,2020-09-18 00:00:00
Loudoun,6615,122,425,2020-09-18 00:00:00
Mount Rogers,2555,92,220,2020-09-18 00:00:00
New River,2812,13,52,2020-09-18 00:00:00
Norfolk,4721,67,346,2020-09-18 00:00:00
Peninsula,4222,66,184,2020-09-18 00:00:00
Piedmont,1906,43,129,2020-09-18 00:00:00
Pittsylvania-Danville,1750,30,128,2020-09-18 00:00:00
Portsmouth,2500,49,268,2020-09-18 00:00:00
Prince William,14446,228,1077,2020-09-18 00:00:00
Rappahannock,5058,70,380,2020-09-18 00:00:00
Rappahannock Rapidan,2542,46,169,2020-09-18 00:00:00
Richmond,4434,55,406,2020-09-18 00:00:00
Roanoke,1508,16,61,2020-09-18 00:00:00
Southside,1318,42,84,2020-09-18 00:00:00
Thomas Jefferson,3104,65,181,2020-09-18 00:00:00
Three Rivers,1594,29,107,2020-09-18 00:00:00
Virginia Beach,6596,78,354,2020-09-18 00:00:00
Western Tidewater,3482,115,196,2020-09-18 00:00:00
West Piedmont,1923,59,233,2020-09-18 00:00:00
